use integrator2DB;

insert into City (id, name) values (1, 'Lazaro Cardenas');
insert into City (id, name) values (2, 'Rimba Sekampung');
insert into City (id, name) values (3, 'Chunjiang');
insert into City (id, name) values (4, 'Dalu');
insert into City (id, name) values (5, 'Menara');
insert into City (id, name) values (6, 'Santa Cecília');
insert into City (id, name) values (7, 'Asan Kumbang');
insert into City (id, name) values (8, 'Kista');
insert into City (id, name) values (9, 'Dawa-Dawa');
insert into City (id, name) values (10, 'Pag-asa');
insert into City (id, name) values (11, 'Biyan');
insert into City (id, name) values (12, 'Upton');
insert into City (id, name) values (13, 'Banjar Wates Tengah');
insert into City (id, name) values (14, 'Santa Clara');
insert into City (id, name) values (15, 'Kadaka');
insert into City (id, name) values (16, 'Konstantynów');
insert into City (id, name) values (17, 'Uruçuca');
insert into City (id, name) values (18, 'Vangaži');
insert into City (id, name) values (19, 'Il’ichëvo');
insert into City (id, name) values (20, 'Shiraoi');
insert into City (id, name) values (21, 'Béthune');
insert into City (id, name) values (22, 'Otun');
insert into City (id, name) values (23, 'Tangguhang');
insert into City (id, name) values (24, 'Tualangcut');
insert into City (id, name) values (25, 'Sibulan');
insert into City (id, name) values (26, 'Batouri');
insert into City (id, name) values (27, 'Kaya');
insert into City (id, name) values (28, 'Staryy Togul');
insert into City (id, name) values (29, 'Changyŏn');
insert into City (id, name) values (30, 'Чучер - Сандево');
insert into City (id, name) values (31, 'Haparanda');
insert into City (id, name) values (32, 'Beishan');
insert into City (id, name) values (33, 'Lunik');
insert into City (id, name) values (34, 'Crossmolina');
insert into City (id, name) values (35, 'Lemland');
insert into City (id, name) values (36, 'Biggar');
insert into City (id, name) values (37, 'Ōgaki');
insert into City (id, name) values (38, 'Suzaka');
insert into City (id, name) values (39, 'Parakou');
insert into City (id, name) values (40, 'Haikou');
insert into City (id, name) values (41, 'Xiaojian');
insert into City (id, name) values (42, 'Det Udom');
insert into City (id, name) values (43, 'Leidschendam');
insert into City (id, name) values (44, 'Pasian');
insert into City (id, name) values (45, 'Thị Trấn Yên Châu');
insert into City (id, name) values (46, 'Satis');
insert into City (id, name) values (47, 'Cadagmayan Norte');
insert into City (id, name) values (48, 'Vishow');
insert into City (id, name) values (49, 'Pandean');
insert into City (id, name) values (50, 'Zambujeira');
insert into City (id, name) values (51, 'Gaogongdao');
insert into City (id, name) values (52, 'Masantol');
insert into City (id, name) values (53, 'Mników');
insert into City (id, name) values (54, 'Santa Marta');
insert into City (id, name) values (55, 'Ichinohe');
insert into City (id, name) values (56, 'Limboto');
insert into City (id, name) values (57, 'Bayan Tuohai');
insert into City (id, name) values (58, 'Delok');
insert into City (id, name) values (59, 'Lurut');
insert into City (id, name) values (60, 'Qingyang');
insert into City (id, name) values (61, 'Bangolo');
insert into City (id, name) values (62, 'Dongshan');
insert into City (id, name) values (63, 'Dong Charoen');
insert into City (id, name) values (64, 'Morioka-shi');
insert into City (id, name) values (65, 'Paris 15');
insert into City (id, name) values (66, 'Elena');
insert into City (id, name) values (67, 'Fukuchiyama');
insert into City (id, name) values (68, 'Šardice');
insert into City (id, name) values (69, 'Cruz del Eje');
insert into City (id, name) values (70, 'Tanay');
insert into City (id, name) values (71, 'Erfurt');
insert into City (id, name) values (72, 'Gayabaru');
insert into City (id, name) values (73, 'Ngilengan');
insert into City (id, name) values (74, 'Xiangshun');
insert into City (id, name) values (75, 'Zaklików');
insert into City (id, name) values (76, 'Šmartno pri Litiji');
insert into City (id, name) values (77, 'Andahuaylillas');
insert into City (id, name) values (78, 'Sauce');
insert into City (id, name) values (79, 'Tân Kỳ');
insert into City (id, name) values (80, 'Wongsorejo');
insert into City (id, name) values (81, 'Sargodha');
insert into City (id, name) values (82, 'Longar');
insert into City (id, name) values (83, 'Xixia');
insert into City (id, name) values (84, 'Cibetung Dua');
insert into City (id, name) values (85, 'Pidhaytsi');
insert into City (id, name) values (86, 'Delod Pangkung');
insert into City (id, name) values (87, 'Pāshmūl');
insert into City (id, name) values (88, 'Tsil’na');
insert into City (id, name) values (89, 'Novalja');
insert into City (id, name) values (90, 'Lunenburg');
insert into City (id, name) values (91, 'Youxikou');
insert into City (id, name) values (92, 'Ozerki');
insert into City (id, name) values (93, 'Quimper');
insert into City (id, name) values (94, 'Göteborg');
insert into City (id, name) values (95, 'Urengoy');
insert into City (id, name) values (96, 'Concord');
insert into City (id, name) values (97, 'La Libertad');
insert into City (id, name) values (98, 'Lungaog');
insert into City (id, name) values (99, 'Loma');
insert into City (id, name) values (100, 'Cisadap');
insert into City (id, name) values (101, 'Bierawa');
insert into City (id, name) values (102, 'Józefów');
insert into City (id, name) values (103, 'Casigua El Cubo');
insert into City (id, name) values (104, 'Temirgoyevskaya');
insert into City (id, name) values (105, 'Mibu');
insert into City (id, name) values (106, 'Novobeysugskaya');
insert into City (id, name) values (107, 'Ganting');
insert into City (id, name) values (108, 'Changwon');
insert into City (id, name) values (109, 'Brumado');
insert into City (id, name) values (110, 'Bungu');
insert into City (id, name) values (111, 'Lastoursville');
insert into City (id, name) values (112, 'Minneapolis');
insert into City (id, name) values (113, 'Kousséri');
insert into City (id, name) values (114, 'Antiguo Cuscatlán');
insert into City (id, name) values (115, 'Ropice');
insert into City (id, name) values (116, 'Growong Lor');
insert into City (id, name) values (117, 'Diriomo');
insert into City (id, name) values (118, 'Shuren');
insert into City (id, name) values (119, 'Jindřichov');
insert into City (id, name) values (120, 'Itu');
insert into City (id, name) values (121, 'Cañazas');
insert into City (id, name) values (122, 'Buenos Aires');
insert into City (id, name) values (123, 'Bergen');
insert into City (id, name) values (124, 'Tamandaré');
insert into City (id, name) values (125, 'Sonlit');
insert into City (id, name) values (126, 'Moramanga');
insert into City (id, name) values (127, 'Breia');
insert into City (id, name) values (128, 'Na Di');
insert into City (id, name) values (129, 'Wangwu');
insert into City (id, name) values (130, 'Bytkiv');
insert into City (id, name) values (131, 'Amsterdam-Oost');
insert into City (id, name) values (132, 'Arys');
insert into City (id, name) values (133, 'Denyshi');
insert into City (id, name) values (134, 'Zhenping Chengguanzhen');
insert into City (id, name) values (135, 'Kwolla');
insert into City (id, name) values (136, 'Bratislava');
insert into City (id, name) values (137, 'Nizhniye Achaluki');
insert into City (id, name) values (138, 'Cristóbal');
insert into City (id, name) values (139, 'Västerås');
insert into City (id, name) values (140, 'Lewopao');
insert into City (id, name) values (141, 'Bacag');
insert into City (id, name) values (142, 'Acarigua');
insert into City (id, name) values (143, 'Nāṟay');
insert into City (id, name) values (144, 'Aguiar da Beira');
insert into City (id, name) values (145, 'Feira de Santana');
insert into City (id, name) values (146, 'Baoxing');
insert into City (id, name) values (147, 'Trhové Sviny');
insert into City (id, name) values (148, 'Penalva de Alva');
insert into City (id, name) values (149, 'Zdounky');
insert into City (id, name) values (150, 'Huoshaoping');
insert into City (id, name) values (151, 'Gweru');
insert into City (id, name) values (152, 'Cikaras');
insert into City (id, name) values (153, 'Bystryanka');
insert into City (id, name) values (154, 'Itaperuna');
insert into City (id, name) values (155, 'Paokmotong Utara');
insert into City (id, name) values (156, 'Pyay');
insert into City (id, name) values (157, 'Vishow');
insert into City (id, name) values (158, 'Sukhinichi');
insert into City (id, name) values (159, 'Takahata');
insert into City (id, name) values (160, 'Manzanillo');
insert into City (id, name) values (161, 'Přibyslav');
insert into City (id, name) values (162, 'Johanneshov');
insert into City (id, name) values (163, 'Labo');
insert into City (id, name) values (164, 'Cisownica');
insert into City (id, name) values (165, 'Guri-si');
insert into City (id, name) values (166, 'Bonthe');
insert into City (id, name) values (167, 'Novi Bečej');
insert into City (id, name) values (168, 'Wuma');
insert into City (id, name) values (169, 'Pechersk');
insert into City (id, name) values (170, 'Dongli');
insert into City (id, name) values (171, 'Fulin');
insert into City (id, name) values (172, 'Tuba');
insert into City (id, name) values (173, 'Tallahassee');
insert into City (id, name) values (174, 'Chongwen');
insert into City (id, name) values (175, 'Shalkar');
insert into City (id, name) values (176, 'Gjegjan');
insert into City (id, name) values (177, 'Kabale');
insert into City (id, name) values (178, 'Cacocum');
insert into City (id, name) values (179, 'Douarnenez');
insert into City (id, name) values (180, 'Vuzenica');
insert into City (id, name) values (181, 'Karangnunggal');
insert into City (id, name) values (182, 'Tazemmourt');
insert into City (id, name) values (183, 'Karlovo');
insert into City (id, name) values (184, 'Smederevska Palanka');
insert into City (id, name) values (185, 'Independence');
insert into City (id, name) values (186, 'Presidencia Roque Sáenz Peña');
insert into City (id, name) values (187, 'Cherbourg-Octeville');
insert into City (id, name) values (188, 'Huangtu');
insert into City (id, name) values (189, 'Marne-la-Vallée');
insert into City (id, name) values (190, 'Várzea de Sintra');
insert into City (id, name) values (191, 'Toliara');
insert into City (id, name) values (192, 'Mundolsheim');
insert into City (id, name) values (193, 'Askiz');
insert into City (id, name) values (194, 'Banho e Carvalhosa');
insert into City (id, name) values (195, 'Lārkāna');
insert into City (id, name) values (196, 'Yonghe');
insert into City (id, name) values (197, 'Buy');
insert into City (id, name) values (198, 'Duwayr Raslān');
insert into City (id, name) values (199, 'Pohbango');
insert into City (id, name) values (200, 'Semey');
insert into City (id, name) values (201, 'Zhongying');
insert into City (id, name) values (202, 'Xicheng');
insert into City (id, name) values (203, 'Pursat');
insert into City (id, name) values (204, 'Batasan Bata');
insert into City (id, name) values (205, 'Qalqīlyah');
insert into City (id, name) values (206, 'Yunxiang');
insert into City (id, name) values (207, 'Stari Bohorodchany');
insert into City (id, name) values (208, 'Kasreman Wetan');
insert into City (id, name) values (209, 'Licheng');
insert into City (id, name) values (210, 'Qijiazuo');
insert into City (id, name) values (211, 'Baiyun');
insert into City (id, name) values (212, 'Majiadu');
insert into City (id, name) values (213, 'Czerniewice');
insert into City (id, name) values (214, 'Zherdevka');
insert into City (id, name) values (215, 'Wangcheng');
insert into City (id, name) values (216, 'Polkowice');
insert into City (id, name) values (217, 'Vygonichi');
insert into City (id, name) values (218, 'Gemuruh');
insert into City (id, name) values (219, 'Tyler');
insert into City (id, name) values (220, 'Västerås');
insert into City (id, name) values (221, 'Zuocun');
insert into City (id, name) values (222, 'Caracol');
insert into City (id, name) values (223, 'Qiqing');
insert into City (id, name) values (224, 'Balrothery');
insert into City (id, name) values (225, 'Magway');
insert into City (id, name) values (226, 'Maco');
insert into City (id, name) values (227, 'Bologna');
insert into City (id, name) values (228, 'Stockholm');
insert into City (id, name) values (229, 'Jinhai');
insert into City (id, name) values (230, 'Ostrov');
insert into City (id, name) values (231, 'Boston');
insert into City (id, name) values (232, 'Arcos');
insert into City (id, name) values (233, 'Aleksinac');
insert into City (id, name) values (234, 'Jambuwerkrajan');
insert into City (id, name) values (235, 'Wugong');
insert into City (id, name) values (236, 'Novosineglazovskiy');
insert into City (id, name) values (237, 'Encantado');
insert into City (id, name) values (238, 'Nianyushan');
insert into City (id, name) values (239, 'Jimaguayú');
insert into City (id, name) values (240, 'Watuka');
insert into City (id, name) values (241, 'Prado Siongco');
insert into City (id, name) values (242, 'Mancilang');
insert into City (id, name) values (243, 'Allentown');
insert into City (id, name) values (244, 'Angers');
insert into City (id, name) values (245, 'Sasnovy Bor');
insert into City (id, name) values (246, 'Batang');
insert into City (id, name) values (247, 'Shangqing');
insert into City (id, name) values (248, 'Caherconlish');
insert into City (id, name) values (249, 'Paracatu');
insert into City (id, name) values (250, 'Zhutang');
insert into City (id, name) values (251, 'Laval');
insert into City (id, name) values (252, 'Quebrada Larga');
insert into City (id, name) values (253, 'Sanzao');
insert into City (id, name) values (254, 'Kouvola');
insert into City (id, name) values (255, 'Amio');
insert into City (id, name) values (256, 'Psygansu');
insert into City (id, name) values (257, 'Genova');
insert into City (id, name) values (258, 'Fier-Çifçi');
insert into City (id, name) values (259, 'Goiana');
insert into City (id, name) values (260, 'Ngulakan');
insert into City (id, name) values (261, 'Shanhou');
insert into City (id, name) values (262, 'Carbajales');
insert into City (id, name) values (263, 'Zhongshan');
insert into City (id, name) values (264, 'Grand-Bassam');
insert into City (id, name) values (265, 'Spas-Zaulok');
insert into City (id, name) values (266, 'Tsaghkadzor');
insert into City (id, name) values (267, 'Guanban');
insert into City (id, name) values (268, 'Melenki');
insert into City (id, name) values (269, 'Kolondiéba');
insert into City (id, name) values (270, 'Dzerzhinsk');
insert into City (id, name) values (271, 'Triánta');
insert into City (id, name) values (272, 'Thaton');
insert into City (id, name) values (273, 'Si Thep');
insert into City (id, name) values (274, 'Tiandeng');
insert into City (id, name) values (275, 'De la Paz');
insert into City (id, name) values (276, 'San Julian');
insert into City (id, name) values (277, 'Kedrovoye');
insert into City (id, name) values (278, 'Shangcai Zhongxing');
insert into City (id, name) values (279, 'Hoktember');
insert into City (id, name) values (280, 'Biały Bór');
insert into City (id, name) values (281, 'Varėna');
insert into City (id, name) values (282, 'Gaowu');
insert into City (id, name) values (283, 'Norrtälje');
insert into City (id, name) values (284, 'Tabatinga');
insert into City (id, name) values (285, 'Lujing Zhen');
insert into City (id, name) values (286, 'Sremska Mitrovica');
insert into City (id, name) values (287, 'Jiagao');
insert into City (id, name) values (288, 'Staromyshastovskaya');
insert into City (id, name) values (289, 'Benisheikh');
insert into City (id, name) values (290, 'Dayuanhuizu');
insert into City (id, name) values (291, 'Hengtanggang');
insert into City (id, name) values (292, 'Jiulong');
insert into City (id, name) values (293, 'Al Mawşil al Jadīdah');
insert into City (id, name) values (294, 'Emiliano Zapata');
insert into City (id, name) values (295, 'Famaillá');
insert into City (id, name) values (296, 'Lokolande');
insert into City (id, name) values (297, 'El Retorno');
insert into City (id, name) values (298, 'Ma’ao');
insert into City (id, name) values (299, 'Beitou');
insert into City (id, name) values (300, 'Luisiana');

--career
insert into Career (id, name) values (1, 'Director of Sales');
insert into Career (id, name) values (2, 'Information Systems Manager');
insert into Career (id, name) values (3, 'Structural Analysis Engineer');
insert into Career (id, name) values (4, 'Physical Therapy Assistant');
insert into Career (id, name) values (5, 'Marketing Assistant');
insert into Career (id, name) values (6, 'Community Outreach Specialist');
insert into Career (id, name) values (7, 'Analyst Programmer');
insert into Career (id, name) values (8, 'Marketing Assistant');
insert into Career (id, name) values (9, 'Nurse');
insert into Career (id, name) values (10, 'Environmental Tech');
insert into Career (id, name) values (11, 'Nurse');
insert into Career (id, name) values (12, 'Electrical Engineer');
insert into Career (id, name) values (13, 'Senior Cost Accountant');
insert into Career (id, name) values (14, 'Structural Analysis Engineer');
insert into Career (id, name) values (15, 'Media Manager I');
insert into Career (id, name) values (16, 'Internal Auditor');
insert into Career (id, name) values (17, 'Civil Engineer');
insert into Career (id, name) values (18, 'Quality Control Specialist');
insert into Career (id, name) values (19, 'Web Designer III');
insert into Career (id, name) values (20, 'Actuary');
insert into Career (id, name) values (21, 'Associate Professor');
insert into Career (id, name) values (22, 'Geological Engineer');
insert into Career (id, name) values (23, 'Design Engineer');
insert into Career (id, name) values (24, 'Help Desk Operator');
insert into Career (id, name) values (25, 'Sales Representative');
insert into Career (id, name) values (26, 'Nurse Practicioner');
insert into Career (id, name) values (27, 'Nuclear Power Engineer');
insert into Career (id, name) values (28, 'Environmental Specialist');
insert into Career (id, name) values (29, 'Biostatistician IV');
insert into Career (id, name) values (30, 'Editor');
insert into Career (id, name) values (31, 'Engineer II');
insert into Career (id, name) values (32, 'Geological Engineer');
insert into Career (id, name) values (33, 'Librarian');
insert into Career (id, name) values (34, 'Marketing Manager');
insert into Career (id, name) values (35, 'Information Systems Manager');
insert into Career (id, name) values (36, 'Analyst Programmer');
insert into Career (id, name) values (37, 'Junior Executive');
insert into Career (id, name) values (38, 'Account Representative IV');
insert into Career (id, name) values (39, 'Electrical Engineer');
insert into Career (id, name) values (40, 'Assistant Media Planner');
insert into Career (id, name) values (41, 'Chemical Engineer');
insert into Career (id, name) values (42, 'Engineer III');
insert into Career (id, name) values (43, 'Financial Advisor');
insert into Career (id, name) values (44, 'Senior Editor');
insert into Career (id, name) values (45, 'Cost Accountant');
insert into Career (id, name) values (46, 'Automation Specialist IV');
insert into Career (id, name) values (47, 'Dental Hygienist');
insert into Career (id, name) values (48, 'Computer Systems Analyst I');
insert into Career (id, name) values (49, 'Assistant Professor');
insert into Career (id, name) values (50, 'Engineer IV');
insert into Career (id, name) values (51, 'Accountant II');
insert into Career (id, name) values (52, 'Librarian');
insert into Career (id, name) values (53, 'Geological Engineer');
insert into Career (id, name) values (54, 'Junior Executive');
insert into Career (id, name) values (55, 'Executive Secretary');
insert into Career (id, name) values (56, 'Executive Secretary');
insert into Career (id, name) values (57, 'VP Marketing');
insert into Career (id, name) values (58, 'Systems Administrator II');
insert into Career (id, name) values (59, 'Research Associate');
insert into Career (id, name) values (60, 'Physical Therapy Assistant');
insert into Career (id, name) values (61, 'Assistant Manager');
insert into Career (id, name) values (62, 'Account Coordinator');
insert into Career (id, name) values (63, 'Structural Engineer');
insert into Career (id, name) values (64, 'Developer II');
insert into Career (id, name) values (65, 'Help Desk Operator');
insert into Career (id, name) values (66, 'Automation Specialist II');
insert into Career (id, name) values (67, 'Media Manager III');
insert into Career (id, name) values (68, 'Speech Pathologist');
insert into Career (id, name) values (69, 'Health Coach I');
insert into Career (id, name) values (70, 'Nurse');
insert into Career (id, name) values (71, 'Research Nurse');
insert into Career (id, name) values (72, 'Food Chemist');
insert into Career (id, name) values (73, 'Accounting Assistant IV');
insert into Career (id, name) values (74, 'Analog Circuit Design manager');
insert into Career (id, name) values (75, 'VP Quality Control');
insert into Career (id, name) values (76, 'Actuary');
insert into Career (id, name) values (77, 'Help Desk Technician');
insert into Career (id, name) values (78, 'Research Associate');
insert into Career (id, name) values (79, 'Senior Cost Accountant');
insert into Career (id, name) values (80, 'Teacher');
insert into Career (id, name) values (81, 'Budget/Accounting Analyst II');
insert into Career (id, name) values (82, 'Editor');
insert into Career (id, name) values (83, 'Teacher');
insert into Career (id, name) values (84, 'Paralegal');
insert into Career (id, name) values (85, 'Paralegal');
insert into Career (id, name) values (86, 'Help Desk Operator');
insert into Career (id, name) values (87, 'Teacher');
insert into Career (id, name) values (88, 'Recruiter');
insert into Career (id, name) values (89, 'VP Marketing');
insert into Career (id, name) values (90, 'Account Representative IV');
insert into Career (id, name) values (91, 'Physical Therapy Assistant');
insert into Career (id, name) values (92, 'Editor');
insert into Career (id, name) values (93, 'Speech Pathologist');
insert into Career (id, name) values (94, 'Environmental Specialist');
insert into Career (id, name) values (95, 'Senior Quality Engineer');
insert into Career (id, name) values (96, 'GIS Technical Architect');
insert into Career (id, name) values (97, 'Data Coordiator');
insert into Career (id, name) values (98, 'Research Associate');
insert into Career (id, name) values (99, 'Associate Professor');
insert into Career (id, name) values (100, 'Research Assistant I');
--Student 
insert into Student (id, birthdate, dni, genre, name, surname, cityId) values (1, '05/06/1959', '5302441551', 1, 'Anderson', 'Banishevitz', 228);
insert into Student (id, birthdate, dni, genre, name, surname, cityId) values (2, '28/06/1940', '3451393085', 2, 'Pepito', 'Eplett', 36);
insert into Student (id, birthdate, dni, genre, name, surname, cityId) values (3, '23/09/1973', '1588222667', 2, 'Kip', 'Carpe', 145);
insert into Student (id, birthdate, dni, genre, name, surname, cityId) values (4, '20/05/1938', '6318332375', 1, 'Vicky', 'Paoletti', 297);
insert into Student (id, birthdate, dni, genre, name, surname, cityId) values (5, '27/06/2018', '3493408749', 2, 'Collen', 'Gilphillan', 189);
insert into Student (id, birthdate, dni, genre, name, surname, cityId) values (6, '10/07/1972', '0905150333', 1, 'Dorey', 'Loughlin', 282);
insert into Student (id, birthdate, dni, genre, name, surname, cityId) values (7, '09/10/2018', '0626843715', 1, 'Chalmers', 'Giannazzi', 128);
insert into Student (id, birthdate, dni, genre, name, surname, cityId) values (8, '22/03/1989', '2968147234', 0, 'Hubert', 'Kellegher', 241);
insert into Student (id, birthdate, dni, genre, name, surname, cityId) values (9, '28/07/2009', '9906933860', 0, 'Shaughn', 'Spratt', 136);
insert into Student (id, birthdate, dni, genre, name, surname, cityId) values (10, '19/01/1939', '8672062310', 0, 'Elliott', 'Combes', 253);
insert into Student (id, birthdate, dni, genre, name, surname, cityId) values (11, '16/07/1933', '0990128628', 0, 'Gilberta', 'Eyre', 155);
insert into Student (id, birthdate, dni, genre, name, surname, cityId) values (12, '27/12/1936', '0337314241', 2, 'Drucie', 'Rozanski', 49);
insert into Student (id, birthdate, dni, genre, name, surname, cityId) values (13, '20/04/1954', '3917411148', 0, 'Terry', 'Coils', 105);
insert into Student (id, birthdate, dni, genre, name, surname, cityId) values (14, '12/12/1958', '2234734754', 2, 'Goldina', 'Langworthy', 65);
insert into Student (id, birthdate, dni, genre, name, surname, cityId) values (15, '18/05/1997', '4365065416', 1, 'Thorny', 'Greenlies', 167);
insert into Student (id, birthdate, dni, genre, name, surname, cityId) values (16, '04/01/1970', '7141223312', 2, 'Renell', 'Strand', 40);
insert into Student (id, birthdate, dni, genre, name, surname, cityId) values (17, '09/07/1943', '8238003482', 0, 'Jeremy', 'Sunshine', 256);
insert into Student (id, birthdate, dni, genre, name, surname, cityId) values (18, '08/07/1984', '3743708949', 2, 'Karena', 'Clousley', 59);
insert into Student (id, birthdate, dni, genre, name, surname, cityId) values (19, '15/07/1969', '2327696186', 2, 'Mohandas', 'Sydney', 170);
insert into Student (id, birthdate, dni, genre, name, surname, cityId) values (20, '04/05/1989', '4029033385', 1, 'Gleda', 'Dict', 149);
insert into Student (id, birthdate, dni, genre, name, surname, cityId) values (21, '24/08/1945', '4612702999', 0, 'Arman', 'Chalkly', 261);
insert into Student (id, birthdate, dni, genre, name, surname, cityId) values (22, '29/12/1979', '5359990732', 1, 'Britteny', 'Sim', 196);
insert into Student (id, birthdate, dni, genre, name, surname, cityId) values (23, '18/07/1990', '2554626774', 0, 'Hewe', 'Forre', 168);
insert into Student (id, birthdate, dni, genre, name, surname, cityId) values (24, '18/03/1932', '6799463251', 1, 'Vasili', 'Neilly', 102);
insert into Student (id, birthdate, dni, genre, name, surname, cityId) values (25, '25/02/2001', '7323126371', 0, 'Christie', 'Chastel', 225);
insert into Student (id, birthdate, dni, genre, name, surname, cityId) values (26, '29/06/1974', '3763964819', 2, 'Bartolomeo', 'Vidgen', 4);
insert into Student (id, birthdate, dni, genre, name, surname, cityId) values (27, '08/04/2012', '3051208523', 0, 'Joey', 'Mayho', 44);
insert into Student (id, birthdate, dni, genre, name, surname, cityId) values (28, '12/02/2011', '1668667797', 2, 'Jeth', 'Anfrey', 264);
insert into Student (id, birthdate, dni, genre, name, surname, cityId) values (29, '10/04/1937', '1301071579', 1, 'Mae', 'Triggol', 227);
insert into Student (id, birthdate, dni, genre, name, surname, cityId) values (30, '20/09/1959', '4840826005', 1, 'Thatcher', 'Noor', 195);
insert into Student (id, birthdate, dni, genre, name, surname, cityId) values (31, '17/03/1995', '2684094209', 1, 'Estrella', 'Grimsley', 275);
insert into Student (id, birthdate, dni, genre, name, surname, cityId) values (32, '28/08/1999', '5317089301', 2, 'Gardner', 'Androck', 99);
insert into Student (id, birthdate, dni, genre, name, surname, cityId) values (33, '27/02/2006', '6952574468', 1, 'Caralie', 'Ruddy', 58);
insert into Student (id, birthdate, dni, genre, name, surname, cityId) values (34, '17/05/1996', '4835777891', 0, 'Dino', 'Balcombe', 232);
insert into Student (id, birthdate, dni, genre, name, surname, cityId) values (35, '23/12/1969', '1095402285', 2, 'Robinett', 'Burrett', 285);
insert into Student (id, birthdate, dni, genre, name, surname, cityId) values (36, '14/07/1963', '6856180020', 1, 'Nanete', 'Bernhardsson', 41);
insert into Student (id, birthdate, dni, genre, name, surname, cityId) values (37, '24/02/1970', '4367877833', 2, 'Rosa', 'Strettle', 69);
insert into Student (id, birthdate, dni, genre, name, surname, cityId) values (38, '14/12/1963', '2483946720', 0, 'Johnathon', 'Godson', 261);
insert into Student (id, birthdate, dni, genre, name, surname, cityId) values (39, '03/04/1972', '1556413866', 1, 'Arly', 'Ruddom', 260);
insert into Student (id, birthdate, dni, genre, name, surname, cityId) values (40, '03/01/1984', '0900584440', 0, 'Bail', 'Caret', 60);
insert into Student (id, birthdate, dni, genre, name, surname, cityId) values (41, '16/11/1935', '3656459479', 1, 'Alix', 'Conradie', 172);
insert into Student (id, birthdate, dni, genre, name, surname, cityId) values (42, '06/06/2006', '0045392072', 1, 'Alan', 'Lancastle', 199);
insert into Student (id, birthdate, dni, genre, name, surname, cityId) values (43, '21/05/1960', '7384907012', 0, 'Mercy', 'McTavy', 117);
insert into Student (id, birthdate, dni, genre, name, surname, cityId) values (44, '16/11/2011', '4877180990', 0, 'Bennie', 'Brobyn', 108);
insert into Student (id, birthdate, dni, genre, name, surname, cityId) values (45, '14/06/1955', '7403231929', 2, 'Natalina', 'Stribling', 150);
insert into Student (id, birthdate, dni, genre, name, surname, cityId) values (46, '06/02/1977', '8687174543', 2, 'Emmy', 'Cafferty', 127);
insert into Student (id, birthdate, dni, genre, name, surname, cityId) values (47, '05/11/1992', '9209238931', 0, 'Babs', 'Silliman', 179);
insert into Student (id, birthdate, dni, genre, name, surname, cityId) values (48, '03/10/1934', '4866163364', 1, 'Isidor', 'Soppitt', 124);
insert into Student (id, birthdate, dni, genre, name, surname, cityId) values (49, '29/07/1992', '6878002869', 2, 'Christiana', 'Meighan', 49);
insert into Student (id, birthdate, dni, genre, name, surname, cityId) values (50, '13/04/2012', '2041610697', 1, 'Madeline', 'Harrop', 237);
insert into Student (id, birthdate, dni, genre, name, surname, cityId) values (51, '15/04/1983', '1456839063', 2, 'Gaby', 'Danjoie', 13);
insert into Student (id, birthdate, dni, genre, name, surname, cityId) values (52, '18/12/1959', '6022637414', 2, 'Sloan', 'Whitesel', 57);
insert into Student (id, birthdate, dni, genre, name, surname, cityId) values (53, '07/09/2003', '6721585278', 0, 'Lorant', 'O''Corrin', 288);
insert into Student (id, birthdate, dni, genre, name, surname, cityId) values (54, '31/03/1982', '6129656157', 1, 'Poppy', 'Dunseath', 267);
insert into Student (id, birthdate, dni, genre, name, surname, cityId) values (55, '09/12/1945', '6201404368', 0, 'Emelina', 'Ivanyushkin', 240);
insert into Student (id, birthdate, dni, genre, name, surname, cityId) values (56, '24/04/1952', '8513356344', 2, 'Sonnnie', 'Colt', 227);
insert into Student (id, birthdate, dni, genre, name, surname, cityId) values (57, '14/10/1996', '1371312540', 0, 'Daveen', 'Biggin', 244);
insert into Student (id, birthdate, dni, genre, name, surname, cityId) values (58, '14/07/2006', '5488727132', 2, 'Kala', 'Montague', 89);
insert into Student (id, birthdate, dni, genre, name, surname, cityId) values (59, '04/06/1957', '8244111089', 2, 'Ferris', 'Robotham', 224);
insert into Student (id, birthdate, dni, genre, name, surname, cityId) values (60, '13/01/1954', '2664062042', 2, 'Luce', 'Laundon', 99);
insert into Student (id, birthdate, dni, genre, name, surname, cityId) values (61, '15/06/1938', '3122365316', 2, 'Tabatha', 'Bedlington', 120);
insert into Student (id, birthdate, dni, genre, name, surname, cityId) values (62, '26/10/1936', '1365389936', 0, 'Haroun', 'Durand', 153);
insert into Student (id, birthdate, dni, genre, name, surname, cityId) values (63, '24/12/1969', '1313638218', 2, 'Tessa', 'Counihan', 124);
insert into Student (id, birthdate, dni, genre, name, surname, cityId) values (64, '28/01/1989', '1203558422', 1, 'Patrizius', 'Telezhkin', 14);
insert into Student (id, birthdate, dni, genre, name, surname, cityId) values (65, '13/01/1993', '2796840344', 1, 'Kristi', 'Conman', 80);
insert into Student (id, birthdate, dni, genre, name, surname, cityId) values (66, '13/08/1940', '2711675459', 2, 'Roanna', 'Flintiff', 170);
insert into Student (id, birthdate, dni, genre, name, surname, cityId) values (67, '12/05/1938', '1851759131', 0, 'Nikolai', 'Schouthede', 186);
insert into Student (id, birthdate, dni, genre, name, surname, cityId) values (68, '29/05/1963', '4089715938', 1, 'Leon', 'Crickett', 282);
insert into Student (id, birthdate, dni, genre, name, surname, cityId) values (69, '19/05/1944', '0706139712', 1, 'Pier', 'Stile', 174);
insert into Student (id, birthdate, dni, genre, name, surname, cityId) values (70, '20/07/2000', '3245317867', 1, 'Felisha', 'Scrogges', 234);
insert into Student (id, birthdate, dni, genre, name, surname, cityId) values (71, '16/01/2015', '8969300538', 2, 'Clemence', 'Leverett', 142);
insert into Student (id, birthdate, dni, genre, name, surname, cityId) values (72, '30/03/2009', '7892504737', 0, 'Ilsa', 'Bryan', 221);
insert into Student (id, birthdate, dni, genre, name, surname, cityId) values (73, '17/12/2009', '0290530806', 2, 'Algernon', 'Huonic', 154);
insert into Student (id, birthdate, dni, genre, name, surname, cityId) values (74, '16/12/2019', '1489847669', 1, 'Dedra', 'Surmeyers', 11);
insert into Student (id, birthdate, dni, genre, name, surname, cityId) values (75, '19/11/1933', '4389083066', 1, 'Montgomery', 'Caldeyroux', 231);
insert into Student (id, birthdate, dni, genre, name, surname, cityId) values (76, '19/04/2013', '0758791577', 1, 'Luisa', 'Hallford', 87);
insert into Student (id, birthdate, dni, genre, name, surname, cityId) values (77, '01/10/1943', '3838995163', 2, 'Corrina', 'Miguet', 158);
insert into Student (id, birthdate, dni, genre, name, surname, cityId) values (78, '09/02/1950', '3057465064', 0, 'Elka', 'Limerick', 81);
insert into Student (id, birthdate, dni, genre, name, surname, cityId) values (79, '26/06/1946', '3725703337', 0, 'Hunter', 'Baldery', 237);
insert into Student (id, birthdate, dni, genre, name, surname, cityId) values (80, '24/08/2005', '7057057520', 2, 'Dar', 'McMillian', 273);
insert into Student (id, birthdate, dni, genre, name, surname, cityId) values (81, '19/12/1986', '8363977136', 2, 'Patsy', 'O'' Hanvey', 154);
insert into Student (id, birthdate, dni, genre, name, surname, cityId) values (82, '14/11/1966', '7427498372', 2, 'Berenice', 'Hanwell', 233);
insert into Student (id, birthdate, dni, genre, name, surname, cityId) values (83, '15/01/1956', '4283206369', 1, 'Morlee', 'Truss', 185);
insert into Student (id, birthdate, dni, genre, name, surname, cityId) values (84, '27/09/1998', '5081394505', 2, 'Germayne', 'Jacobowits', 270);
insert into Student (id, birthdate, dni, genre, name, surname, cityId) values (85, '26/07/2002', '0324520700', 1, 'Othella', 'Ashworth', 87);
insert into Student (id, birthdate, dni, genre, name, surname, cityId) values (86, '15/10/1960', '6210158439', 1, 'Rozalie', 'Wyse', 231);
insert into Student (id, birthdate, dni, genre, name, surname, cityId) values (87, '28/04/1947', '3951719672', 1, 'Leigh', 'Bortolozzi', 65);
insert into Student (id, birthdate, dni, genre, name, surname, cityId) values (88, '18/01/2003', '8717669162', 2, 'Mischa', 'Gencke', 139);
insert into Student (id, birthdate, dni, genre, name, surname, cityId) values (89, '19/12/2012', '6840934128', 1, 'Demetrius', 'Fundell', 175);
insert into Student (id, birthdate, dni, genre, name, surname, cityId) values (90, '24/04/1995', '2389163815', 0, 'Roselia', 'Rowter', 43);
insert into Student (id, birthdate, dni, genre, name, surname, cityId) values (91, '16/06/2011', '2937600034', 1, 'Adiana', 'Dutteridge', 257);
insert into Student (id, birthdate, dni, genre, name, surname, cityId) values (92, '26/03/1957', '7278565448', 0, 'Buddie', 'Hibbart', 266);
insert into Student (id, birthdate, dni, genre, name, surname, cityId) values (93, '03/11/1975', '3227460386', 1, 'Fina', 'Georgi', 247);
insert into Student (id, birthdate, dni, genre, name, surname, cityId) values (94, '14/04/1988', '1775159280', 1, 'Stephan', 'Swiffan', 172);
insert into Student (id, birthdate, dni, genre, name, surname, cityId) values (95, '27/01/1999', '9832165725', 1, 'Eda', 'Randalston', 256);
insert into Student (id, birthdate, dni, genre, name, surname, cityId) values (96, '27/10/1994', '0148352421', 1, 'Eloisa', 'Ortner', 218);
insert into Student (id, birthdate, dni, genre, name, surname, cityId) values (97, '22/10/1943', '6435209332', 0, 'Irwin', 'McSwan', 123);
insert into Student (id, birthdate, dni, genre, name, surname, cityId) values (98, '07/08/1988', '3796112919', 1, 'Edwin', 'Gencke', 87);
insert into Student (id, birthdate, dni, genre, name, surname, cityId) values (99, '30/03/2002', '9858560176', 0, 'Brig', 'Leppington', 284);
insert into Student (id, birthdate, dni, genre, name, surname, cityId) values (100, '05/09/1936', '6854925193', 1, 'Auberon', 'Wegner', 276);
insert into Student (id, birthdate, dni, genre, name, surname, cityId) values (101, '12/11/1991', '0256114412', 2, 'Stormi', 'Rimer', 71);
insert into Student (id, birthdate, dni, genre, name, surname, cityId) values (102, '10/08/1945', '1432685775', 1, 'Emma', 'Rozzell', 114);
insert into Student (id, birthdate, dni, genre, name, surname, cityId) values (103, '27/01/2004', '1729054579', 0, 'Alyse', 'Schusterl', 231);
insert into Student (id, birthdate, dni, genre, name, surname, cityId) values (104, '22/02/1932', '3011523630', 2, 'Kathryne', 'Ybarra', 180);
insert into Student (id, birthdate, dni, genre, name, surname, cityId) values (105, '03/01/1997', '8965851971', 1, 'Harriett', 'Radki', 22);
insert into Student (id, birthdate, dni, genre, name, surname, cityId) values (106, '02/10/2001', '5701911454', 1, 'Vincents', 'Tresler', 170);
insert into Student (id, birthdate, dni, genre, name, surname, cityId) values (107, '18/07/1983', '7339469648', 2, 'Rey', 'MacBarron', 258);
insert into Student (id, birthdate, dni, genre, name, surname, cityId) values (108, '24/05/2010', '8050645673', 2, 'Chariot', 'Dyett', 187);
insert into Student (id, birthdate, dni, genre, name, surname, cityId) values (109, '22/01/1985', '6888062449', 2, 'Napoleon', 'Horbath', 174);
insert into Student (id, birthdate, dni, genre, name, surname, cityId) values (110, '04/08/1946', '6203151432', 2, 'Dick', 'Tille', 89);
insert into Student (id, birthdate, dni, genre, name, surname, cityId) values (111, '06/08/1986', '6002399836', 1, 'Martie', 'Skokoe', 277);
insert into Student (id, birthdate, dni, genre, name, surname, cityId) values (112, '19/09/2004', '1779705190', 2, 'Emylee', 'Fritche', 284);
insert into Student (id, birthdate, dni, genre, name, surname, cityId) values (113, '09/06/1946', '2630098133', 1, 'Brandi', 'Bednell', 218);
insert into Student (id, birthdate, dni, genre, name, surname, cityId) values (114, '21/02/1954', '9892993780', 1, 'Phillipe', 'Harbord', 56);
insert into Student (id, birthdate, dni, genre, name, surname, cityId) values (115, '18/07/1947', '9520190007', 0, 'Valerie', 'Villa', 260);
insert into Student (id, birthdate, dni, genre, name, surname, cityId) values (116, '14/01/1949', '1166906442', 2, 'Benedikt', 'Elcocks', 74);
insert into Student (id, birthdate, dni, genre, name, surname, cityId) values (117, '21/11/1948', '9704443005', 2, 'Henry', 'Scamadine', 20);
insert into Student (id, birthdate, dni, genre, name, surname, cityId) values (118, '13/12/1998', '9251729476', 0, 'Amalea', 'Ker', 227);
insert into Student (id, birthdate, dni, genre, name, surname, cityId) values (119, '07/04/1973', '2039786449', 0, 'Valentina', 'Brazenor', 76);
insert into Student (id, birthdate, dni, genre, name, surname, cityId) values (120, '18/11/1974', '1395540063', 2, 'Wenonah', 'Iacovolo', 185);
insert into Student (id, birthdate, dni, genre, name, surname, cityId) values (121, '11/01/1989', '7001151750', 0, 'Martica', 'Jorgesen', 85);
insert into Student (id, birthdate, dni, genre, name, surname, cityId) values (122, '09/05/1962', '3086748095', 0, 'Jacques', 'Enrigo', 4);
insert into Student (id, birthdate, dni, genre, name, surname, cityId) values (123, '01/11/1984', '7078657667', 0, 'Jens', 'Straneo', 226);
insert into Student (id, birthdate, dni, genre, name, surname, cityId) values (124, '20/05/2012', '0437391175', 2, 'Borden', 'Lummis', 173);
insert into Student (id, birthdate, dni, genre, name, surname, cityId) values (125, '04/05/1974', '4130863584', 1, 'Quinn', 'Gallihawk', 187);
insert into Student (id, birthdate, dni, genre, name, surname, cityId) values (126, '29/04/1955', '0092736904', 1, 'Raven', 'Skryne', 194);
insert into Student (id, birthdate, dni, genre, name, surname, cityId) values (127, '25/10/2015', '5914231302', 2, 'Angil', 'De Atta', 89);
insert into Student (id, birthdate, dni, genre, name, surname, cityId) values (128, '09/12/1983', '4276619688', 2, 'Peggie', 'Manders', 206);
insert into Student (id, birthdate, dni, genre, name, surname, cityId) values (129, '02/06/2019', '0802949843', 0, 'Evonne', 'Mayer', 183);
insert into Student (id, birthdate, dni, genre, name, surname, cityId) values (130, '12/01/1959', '4384988729', 0, 'Addie', 'Reddlesden', 234);
insert into Student (id, birthdate, dni, genre, name, surname, cityId) values (131, '29/10/1939', '8546028745', 0, 'Stuart', 'Towsie', 157);
insert into Student (id, birthdate, dni, genre, name, surname, cityId) values (132, '08/08/2010', '7840937209', 1, 'Ericka', 'Kollas', 45);
insert into Student (id, birthdate, dni, genre, name, surname, cityId) values (133, '29/09/1986', '4880586021', 0, 'Eddie', 'Rait', 19);
insert into Student (id, birthdate, dni, genre, name, surname, cityId) values (134, '06/03/1977', '8023943383', 2, 'Marcille', 'Ketchen', 204);
insert into Student (id, birthdate, dni, genre, name, surname, cityId) values (135, '26/10/1939', '7744711483', 1, 'Waylan', 'Renault', 52);
insert into Student (id, birthdate, dni, genre, name, surname, cityId) values (136, '29/03/2003', '5498498055', 2, 'Filia', 'Bernardotti', 92);
insert into Student (id, birthdate, dni, genre, name, surname, cityId) values (137, '27/04/1980', '7879568883', 1, 'Inigo', 'Hincks', 192);
insert into Student (id, birthdate, dni, genre, name, surname, cityId) values (138, '07/08/1930', '9354179835', 1, 'Sloane', 'McNulty', 162);
insert into Student (id, birthdate, dni, genre, name, surname, cityId) values (139, '18/05/2016', '4944717334', 1, 'Tamra', 'Pelchat', 126);
insert into Student (id, birthdate, dni, genre, name, surname, cityId) values (140, '15/04/1996', '4642809589', 2, 'Dwayne', 'Grabert', 115);
insert into Student (id, birthdate, dni, genre, name, surname, cityId) values (141, '30/01/1983', '8658892298', 0, 'Xena', 'Burtenshaw', 62);
insert into Student (id, birthdate, dni, genre, name, surname, cityId) values (142, '29/04/2007', '9168041667', 0, 'Amargo', 'Errol', 277);
insert into Student (id, birthdate, dni, genre, name, surname, cityId) values (143, '08/08/1948', '0196305381', 2, 'Kerr', 'Tregido', 86);
insert into Student (id, birthdate, dni, genre, name, surname, cityId) values (144, '29/08/1994', '5312280879', 0, 'Rorie', 'Ferandez', 207);
insert into Student (id, birthdate, dni, genre, name, surname, cityId) values (145, '26/11/1998', '5372403217', 0, 'Alicia', 'Ricoald', 210);
insert into Student (id, birthdate, dni, genre, name, surname, cityId) values (146, '20/07/1993', '7032773494', 1, 'Amber', 'Cranmore', 80);
insert into Student (id, birthdate, dni, genre, name, surname, cityId) values (147, '04/07/2007', '5088494629', 1, 'Costa', 'Dalbey', 238);
insert into Student (id, birthdate, dni, genre, name, surname, cityId) values (148, '04/12/1963', '3937726977', 2, 'Selie', 'Charon', 197);
insert into Student (id, birthdate, dni, genre, name, surname, cityId) values (149, '29/05/1936', '5265895043', 0, 'Adolphus', 'Myring', 35);
insert into Student (id, birthdate, dni, genre, name, surname, cityId) values (150, '14/09/1937', '1219118893', 0, 'Nichole', 'Lethardy', 130);
insert into Student (id, birthdate, dni, genre, name, surname, cityId) values (151, '31/08/1989', '5949833597', 1, 'Vanny', 'Faughey', 175);
insert into Student (id, birthdate, dni, genre, name, surname, cityId) values (152, '20/08/1948', '7679733201', 2, 'Lew', 'Truman', 81);
insert into Student (id, birthdate, dni, genre, name, surname, cityId) values (153, '12/11/1962', '3035056609', 2, 'Tracey', 'Tomini', 41);
insert into Student (id, birthdate, dni, genre, name, surname, cityId) values (154, '14/05/2018', '0894766651', 1, 'Shandeigh', 'Hulance', 24);
insert into Student (id, birthdate, dni, genre, name, surname, cityId) values (155, '15/09/1978', '2343743878', 1, 'Debbi', 'Beecham', 86);
insert into Student (id, birthdate, dni, genre, name, surname, cityId) values (156, '12/03/1961', '8837437293', 0, 'Ab', 'Daw', 278);
insert into Student (id, birthdate, dni, genre, name, surname, cityId) values (157, '24/12/2015', '9651568585', 2, 'Claudio', 'Spleving', 18);
insert into Student (id, birthdate, dni, genre, name, surname, cityId) values (158, '22/10/1999', '1042217424', 2, 'Nefen', 'Blumire', 69);
insert into Student (id, birthdate, dni, genre, name, surname, cityId) values (159, '30/09/1999', '9956299499', 1, 'Kanya', 'Kiljan', 50);
insert into Student (id, birthdate, dni, genre, name, surname, cityId) values (160, '29/11/2004', '8367801717', 2, 'Zonda', 'Elintune', 43);
insert into Student (id, birthdate, dni, genre, name, surname, cityId) values (161, '02/02/1953', '5788131286', 1, 'Temp', 'Clissold', 43);
insert into Student (id, birthdate, dni, genre, name, surname, cityId) values (162, '02/06/1977', '4645259067', 2, 'Jase', 'Somerled', 72);
insert into Student (id, birthdate, dni, genre, name, surname, cityId) values (163, '02/04/1998', '1171614128', 0, 'Nicolina', 'Denerley', 243);
insert into Student (id, birthdate, dni, genre, name, surname, cityId) values (164, '20/04/1988', '5459391571', 0, 'Schuyler', 'Clemensen', 6);
insert into Student (id, birthdate, dni, genre, name, surname, cityId) values (165, '16/07/2005', '1731514255', 0, 'Cheslie', 'Newport', 100);
insert into Student (id, birthdate, dni, genre, name, surname, cityId) values (166, '07/08/1950', '3710314623', 2, 'Tawnya', 'Clempton', 29);
insert into Student (id, birthdate, dni, genre, name, surname, cityId) values (167, '09/09/1969', '2721891901', 1, 'Charleen', 'Colvine', 174);
insert into Student (id, birthdate, dni, genre, name, surname, cityId) values (168, '22/09/1968', '0000534404', 2, 'Erny', 'Espinal', 228);
insert into Student (id, birthdate, dni, genre, name, surname, cityId) values (169, '12/05/2012', '9018316814', 2, 'Blisse', 'Colville', 179);
insert into Student (id, birthdate, dni, genre, name, surname, cityId) values (170, '19/11/1998', '6447909504', 2, 'Pablo', 'Crisell', 216);
insert into Student (id, birthdate, dni, genre, name, surname, cityId) values (171, '25/08/2018', '3667522460', 1, 'Charla', 'Assaf', 26);
insert into Student (id, birthdate, dni, genre, name, surname, cityId) values (172, '29/08/1960', '3656526044', 1, 'Kevyn', 'Gunston', 168);
insert into Student (id, birthdate, dni, genre, name, surname, cityId) values (173, '09/03/1972', '8267324240', 1, 'Hartley', 'Alphege', 122);
insert into Student (id, birthdate, dni, genre, name, surname, cityId) values (174, '29/06/1977', '7061557095', 1, 'Mortimer', 'Dyas', 206);
insert into Student (id, birthdate, dni, genre, name, surname, cityId) values (175, '07/09/2000', '2110932058', 2, 'Clyve', 'Papps', 295);
insert into Student (id, birthdate, dni, genre, name, surname, cityId) values (176, '12/08/2014', '8648477905', 2, 'Griff', 'Schoenfisch', 235);
insert into Student (id, birthdate, dni, genre, name, surname, cityId) values (177, '30/11/1934', '8538055356', 1, 'Lesly', 'McBay', 103);
insert into Student (id, birthdate, dni, genre, name, surname, cityId) values (178, '26/05/1991', '2967555967', 2, 'Batholomew', 'Ogles', 236);
insert into Student (id, birthdate, dni, genre, name, surname, cityId) values (179, '28/11/1983', '0026489074', 1, 'Trip', 'Rubi', 275);
insert into Student (id, birthdate, dni, genre, name, surname, cityId) values (180, '03/08/1988', '5052661746', 0, 'Matthias', 'Everett', 7);
insert into Student (id, birthdate, dni, genre, name, surname, cityId) values (181, '14/06/1946', '7118962031', 0, 'Jordanna', 'McDermott', 174);
insert into Student (id, birthdate, dni, genre, name, surname, cityId) values (182, '20/03/1992', '5823513631', 0, 'Hollie', 'Denson', 207);
insert into Student (id, birthdate, dni, genre, name, surname, cityId) values (183, '01/06/1950', '2096277639', 0, 'Herminia', 'Durden', 179);
insert into Student (id, birthdate, dni, genre, name, surname, cityId) values (184, '23/02/1996', '2401181008', 1, 'Glynnis', 'Brenstuhl', 35);
insert into Student (id, birthdate, dni, genre, name, surname, cityId) values (185, '02/07/1956', '8716196333', 1, 'Floris', 'Banisch', 242);
insert into Student (id, birthdate, dni, genre, name, surname, cityId) values (186, '10/01/1967', '1156710979', 2, 'Everard', 'Pesek', 48);
insert into Student (id, birthdate, dni, genre, name, surname, cityId) values (187, '27/01/1994', '3574061870', 0, 'Allene', 'Gear', 229);
insert into Student (id, birthdate, dni, genre, name, surname, cityId) values (188, '20/03/1997', '7414860132', 0, 'Lettie', 'Gailor', 142);
insert into Student (id, birthdate, dni, genre, name, surname, cityId) values (189, '27/11/1947', '4519537339', 0, 'Beryl', 'O''Sheilds', 82);
insert into Student (id, birthdate, dni, genre, name, surname, cityId) values (190, '07/06/1980', '9116818407', 0, 'Idalia', 'Caulton', 211);
insert into Student (id, birthdate, dni, genre, name, surname, cityId) values (191, '11/07/2013', '0250967464', 1, 'Verina', 'Decreuze', 16);
insert into Student (id, birthdate, dni, genre, name, surname, cityId) values (192, '06/10/2009', '0228410363', 1, 'Cristina', 'Lenard', 260);
insert into Student (id, birthdate, dni, genre, name, surname, cityId) values (193, '25/05/2011', '5788070929', 1, 'Zebedee', 'Thalmann', 219);
insert into Student (id, birthdate, dni, genre, name, surname, cityId) values (194, '12/10/2018', '1695425065', 1, 'Romona', 'Beadham', 255);
insert into Student (id, birthdate, dni, genre, name, surname, cityId) values (195, '16/01/1933', '1547335378', 0, 'Kim', 'Shillan', 39);
insert into Student (id, birthdate, dni, genre, name, surname, cityId) values (196, '24/10/1944', '0069175454', 1, 'Hodge', 'Trenfield', 13);
insert into Student (id, birthdate, dni, genre, name, surname, cityId) values (197, '13/03/1935', '7024631430', 1, 'Deena', 'Huston', 127);
insert into Student (id, birthdate, dni, genre, name, surname, cityId) values (198, '27/10/1953', '4730205219', 0, 'Ania', 'Capponer', 54);
insert into Student (id, birthdate, dni, genre, name, surname, cityId) values (199, '10/03/1965', '9492483076', 1, 'Rochell', 'Yakushkin', 150);
insert into Student (id, birthdate, dni, genre, name, surname, cityId) values (200, '16/10/1957', '7070374143', 2, 'Celia', 'Caslane', 142);
insert into Student (id, birthdate, dni, genre, name, surname, cityId) values (201, '28/03/2007', '4621826662', 0, 'Prisca', 'Arran', 115);
insert into Student (id, birthdate, dni, genre, name, surname, cityId) values (202, '24/03/1981', '9364606205', 1, 'Mattheus', 'Peters', 167);
insert into Student (id, birthdate, dni, genre, name, surname, cityId) values (203, '25/09/2009', '6966275700', 1, 'Jayne', 'Swadon', 157);
insert into Student (id, birthdate, dni, genre, name, surname, cityId) values (204, '05/03/1960', '3107868744', 2, 'Alair', 'Glencross', 201);
insert into Student (id, birthdate, dni, genre, name, surname, cityId) values (205, '08/04/2018', '2192130287', 0, 'Marty', 'Ledes', 164);
insert into Student (id, birthdate, dni, genre, name, surname, cityId) values (206, '02/08/1987', '9990110344', 1, 'Rab', 'Marjoribanks', 237);
insert into Student (id, birthdate, dni, genre, name, surname, cityId) values (207, '04/12/1961', '4192913461', 1, 'Gregorio', 'Maffei', 299);
insert into Student (id, birthdate, dni, genre, name, surname, cityId) values (208, '24/06/1986', '9176583546', 1, 'Ike', 'Guerreru', 56);
insert into Student (id, birthdate, dni, genre, name, surname, cityId) values (209, '01/05/1965', '2171526351', 2, 'Marti', 'Marusik', 232);
insert into Student (id, birthdate, dni, genre, name, surname, cityId) values (210, '17/03/2006', '6395981676', 0, 'Gail', 'Duigenan', 261);
insert into Student (id, birthdate, dni, genre, name, surname, cityId) values (211, '16/05/1983', '2841031934', 2, 'Rhea', 'Mustard', 162);
insert into Student (id, birthdate, dni, genre, name, surname, cityId) values (212, '13/11/1969', '7375417245', 1, 'Abbey', 'Posvner', 56);
insert into Student (id, birthdate, dni, genre, name, surname, cityId) values (213, '23/12/1932', '3488300625', 2, 'Ambrosio', 'Trenchard', 199);
insert into Student (id, birthdate, dni, genre, name, surname, cityId) values (214, '15/06/1970', '3780099659', 1, 'Elissa', 'Sigg', 112);
insert into Student (id, birthdate, dni, genre, name, surname, cityId) values (215, '06/01/1984', '1974740188', 0, 'Kiri', 'Henden', 186);
insert into Student (id, birthdate, dni, genre, name, surname, cityId) values (216, '11/12/1994', '0758022360', 1, 'Jessa', 'Monini', 52);
insert into Student (id, birthdate, dni, genre, name, surname, cityId) values (217, '06/04/2005', '7744737202', 0, 'Chan', 'Linn', 176);
insert into Student (id, birthdate, dni, genre, name, surname, cityId) values (218, '20/06/1976', '7886925548', 0, 'Renae', 'Hodgen', 158);
insert into Student (id, birthdate, dni, genre, name, surname, cityId) values (219, '05/01/1990', '3677011345', 0, 'Martin', 'Kapelhoff', 285);
insert into Student (id, birthdate, dni, genre, name, surname, cityId) values (220, '22/05/1981', '5632133672', 0, 'Aldous', 'Mighele', 182);
insert into Student (id, birthdate, dni, genre, name, surname, cityId) values (221, '21/12/2008', '4536793976', 0, 'Dex', 'Popplewell', 42);
insert into Student (id, birthdate, dni, genre, name, surname, cityId) values (222, '28/10/1946', '5580299370', 2, 'Grange', 'Jaggar', 147);
insert into Student (id, birthdate, dni, genre, name, surname, cityId) values (223, '10/09/2010', '7856821914', 2, 'Debor', 'Markova', 141);
insert into Student (id, birthdate, dni, genre, name, surname, cityId) values (224, '10/03/1959', '9399372707', 0, 'Renado', 'Jurries', 114);
insert into Student (id, birthdate, dni, genre, name, surname, cityId) values (225, '02/02/1933', '9211271754', 2, 'Merilyn', 'Savell', 193);
insert into Student (id, birthdate, dni, genre, name, surname, cityId) values (226, '02/09/1938', '4278804814', 0, 'Conant', 'Garfitt', 288);
insert into Student (id, birthdate, dni, genre, name, surname, cityId) values (227, '20/04/1939', '4721728069', 0, 'Abby', 'Nudde', 176);
insert into Student (id, birthdate, dni, genre, name, surname, cityId) values (228, '24/09/1968', '4630390065', 2, 'Zebulon', 'Rounsefell', 116);
insert into Student (id, birthdate, dni, genre, name, surname, cityId) values (229, '19/12/2003', '9340974549', 0, 'Auroora', 'Rodgman', 1);
insert into Student (id, birthdate, dni, genre, name, surname, cityId) values (230, '15/04/1961', '8008136510', 0, 'Marcile', 'Ambroziak', 189);
insert into Student (id, birthdate, dni, genre, name, surname, cityId) values (231, '20/04/2002', '1326714546', 0, 'Netta', 'Wardall', 207);
insert into Student (id, birthdate, dni, genre, name, surname, cityId) values (232, '06/02/1979', '3785444001', 0, 'Lance', 'Bradbrook', 118);
insert into Student (id, birthdate, dni, genre, name, surname, cityId) values (233, '27/12/1991', '3485056588', 1, 'Natalina', 'Breward', 5);
insert into Student (id, birthdate, dni, genre, name, surname, cityId) values (234, '02/07/1975', '2926106378', 2, 'Nate', 'Thurborn', 212);
insert into Student (id, birthdate, dni, genre, name, surname, cityId) values (235, '08/03/1989', '5386588451', 0, 'Madlen', 'Perton', 67);
insert into Student (id, birthdate, dni, genre, name, surname, cityId) values (236, '24/07/1948', '1940817587', 1, 'Cloe', 'Van Arsdale', 160);
insert into Student (id, birthdate, dni, genre, name, surname, cityId) values (237, '02/08/1971', '6922582675', 2, 'Jarrad', 'Djurdjevic', 189);
insert into Student (id, birthdate, dni, genre, name, surname, cityId) values (238, '02/11/1991', '7874606817', 1, 'Alard', 'Haxbie', 110);
insert into Student (id, birthdate, dni, genre, name, surname, cityId) values (239, '23/06/1956', '5522554983', 0, 'Humfrid', 'Plait', 120);
insert into Student (id, birthdate, dni, genre, name, surname, cityId) values (240, '28/09/2016', '3766179047', 0, 'Lamar', 'Harmar', 164);
insert into Student (id, birthdate, dni, genre, name, surname, cityId) values (241, '31/08/1979', '5769512571', 1, 'Kippie', 'Carass', 111);
insert into Student (id, birthdate, dni, genre, name, surname, cityId) values (242, '24/10/1935', '2802202995', 2, 'Cullin', 'Serle', 215);
insert into Student (id, birthdate, dni, genre, name, surname, cityId) values (243, '31/05/1951', '6810265406', 1, 'Bendite', 'Byway', 22);
insert into Student (id, birthdate, dni, genre, name, surname, cityId) values (244, '01/08/1989', '5513912554', 2, 'Barrett', 'Hargraves', 248);
insert into Student (id, birthdate, dni, genre, name, surname, cityId) values (245, '04/06/1964', '8246161989', 1, 'Sheilah', 'Patzelt', 7);
insert into Student (id, birthdate, dni, genre, name, surname, cityId) values (246, '07/08/1961', '3847761765', 0, 'Gustaf', 'Hutchinson', 153);
insert into Student (id, birthdate, dni, genre, name, surname, cityId) values (247, '30/07/1955', '4279396280', 0, 'Elinor', 'Hullins', 139);
insert into Student (id, birthdate, dni, genre, name, surname, cityId) values (248, '13/09/1983', '9395437391', 2, 'Leora', 'Broggetti', 28);
insert into Student (id, birthdate, dni, genre, name, surname, cityId) values (249, '04/02/1995', '1733672354', 1, 'Willie', 'Kneaphsey', 42);
insert into Student (id, birthdate, dni, genre, name, surname, cityId) values (250, '22/02/1970', '6847477210', 0, 'Ronica', 'Roggers', 251);
insert into Student (id, birthdate, dni, genre, name, surname, cityId) values (251, '22/02/1948', '6028977799', 2, 'Brocky', 'Briiginshaw', 156);
insert into Student (id, birthdate, dni, genre, name, surname, cityId) values (252, '05/07/1943', '1831911884', 0, 'Rodd', 'Derbyshire', 154);
insert into Student (id, birthdate, dni, genre, name, surname, cityId) values (253, '08/07/1941', '4361978433', 1, 'Esmaria', 'Dewi', 82);
insert into Student (id, birthdate, dni, genre, name, surname, cityId) values (254, '01/05/2018', '0733198457', 1, 'Zane', 'Stratford', 260);
insert into Student (id, birthdate, dni, genre, name, surname, cityId) values (255, '16/05/1994', '4332432274', 1, 'Melessa', 'Hemmingway', 139);
insert into Student (id, birthdate, dni, genre, name, surname, cityId) values (256, '21/05/1954', '3546376021', 0, 'Sheila', 'Wynett', 128);
insert into Student (id, birthdate, dni, genre, name, surname, cityId) values (257, '30/04/1993', '3142379339', 1, 'Meris', 'Girvan', 45);
insert into Student (id, birthdate, dni, genre, name, surname, cityId) values (258, '26/03/1985', '9239190953', 2, 'Ali', 'Prichet', 87);
insert into Student (id, birthdate, dni, genre, name, surname, cityId) values (259, '30/11/1988', '9269070867', 0, 'Ginger', 'Burfield', 80);
insert into Student (id, birthdate, dni, genre, name, surname, cityId) values (260, '17/02/1989', '6645433956', 0, 'Hans', 'Eagar', 19);
insert into Student (id, birthdate, dni, genre, name, surname, cityId) values (261, '02/09/1957', '0274373483', 2, 'Bone', 'Akehurst', 29);
insert into Student (id, birthdate, dni, genre, name, surname, cityId) values (262, '09/09/1980', '1023694476', 1, 'Mort', 'Gerault', 53);
insert into Student (id, birthdate, dni, genre, name, surname, cityId) values (263, '27/11/2008', '4578907651', 1, 'Deloris', 'Vosse', 209);
insert into Student (id, birthdate, dni, genre, name, surname, cityId) values (264, '22/01/2016', '3177760608', 2, 'Wilton', 'Munns', 245);
insert into Student (id, birthdate, dni, genre, name, surname, cityId) values (265, '09/07/1933', '5074034256', 0, 'Trumann', 'Sketch', 286);
insert into Student (id, birthdate, dni, genre, name, surname, cityId) values (266, '22/12/2017', '3387382693', 2, 'Halley', 'Morman', 96);
insert into Student (id, birthdate, dni, genre, name, surname, cityId) values (267, '01/10/1950', '8252095151', 0, 'Geoff', 'Alderson', 6);
insert into Student (id, birthdate, dni, genre, name, surname, cityId) values (268, '19/05/2019', '6264702005', 2, 'Lauryn', 'Scamaden', 44);
insert into Student (id, birthdate, dni, genre, name, surname, cityId) values (269, '01/05/1934', '3530904872', 0, 'Callie', 'Chamberlayne', 270);
insert into Student (id, birthdate, dni, genre, name, surname, cityId) values (270, '23/05/2008', '6050736960', 0, 'Con', 'Seefeldt', 208);
insert into Student (id, birthdate, dni, genre, name, surname, cityId) values (271, '02/08/2010', '2193732019', 2, 'Raviv', 'Warburton', 229);
insert into Student (id, birthdate, dni, genre, name, surname, cityId) values (272, '11/05/1933', '2954239786', 2, 'Aloysius', 'Trelease', 12);
insert into Student (id, birthdate, dni, genre, name, surname, cityId) values (273, '30/09/1984', '0482270071', 2, 'Claus', 'Kuhnel', 227);
insert into Student (id, birthdate, dni, genre, name, surname, cityId) values (274, '27/06/2016', '6454629562', 0, 'Ashli', 'MacCurlye', 209);
insert into Student (id, birthdate, dni, genre, name, surname, cityId) values (275, '19/07/2017', '1657208060', 2, 'Haze', 'Hoble', 247);
insert into Student (id, birthdate, dni, genre, name, surname, cityId) values (276, '22/08/1948', '2574100832', 0, 'Hansiain', 'Shellsheere', 34);
insert into Student (id, birthdate, dni, genre, name, surname, cityId) values (277, '05/06/1934', '7716674404', 1, 'Megen', 'Madeley', 89);
insert into Student (id, birthdate, dni, genre, name, surname, cityId) values (278, '10/05/1942', '8313026014', 1, 'Konstance', 'Salvatore', 181);
insert into Student (id, birthdate, dni, genre, name, surname, cityId) values (279, '15/05/1931', '3314358741', 1, 'Westley', 'Eisikovitsh', 92);
insert into Student (id, birthdate, dni, genre, name, surname, cityId) values (280, '22/12/1986', '2122016205', 2, 'Wes', 'McEnery', 289);
insert into Student (id, birthdate, dni, genre, name, surname, cityId) values (281, '17/01/2005', '6975216614', 0, 'Allis', 'Reardon', 199);
insert into Student (id, birthdate, dni, genre, name, surname, cityId) values (282, '13/08/1973', '4667165928', 0, 'Giselbert', 'Mabbs', 44);
insert into Student (id, birthdate, dni, genre, name, surname, cityId) values (283, '11/09/1959', '9446299977', 0, 'Fair', 'Gulvin', 257);
insert into Student (id, birthdate, dni, genre, name, surname, cityId) values (284, '05/04/1947', '4426654351', 1, 'Carmelita', 'Ferfulle', 169);
insert into Student (id, birthdate, dni, genre, name, surname, cityId) values (285, '22/07/1988', '5947765691', 0, 'Hyacinth', 'Aldwinckle', 174);
insert into Student (id, birthdate, dni, genre, name, surname, cityId) values (286, '27/04/2002', '4836249899', 1, 'Lisabeth', 'Rigeby', 181);
insert into Student (id, birthdate, dni, genre, name, surname, cityId) values (287, '13/08/1996', '3411798750', 2, 'Thadeus', 'Woofenden', 198);
insert into Student (id, birthdate, dni, genre, name, surname, cityId) values (288, '04/02/1973', '5955184775', 0, 'Alma', 'Caitlin', 35);
insert into Student (id, birthdate, dni, genre, name, surname, cityId) values (289, '23/11/2015', '5988495346', 2, 'Marna', 'Ciobotaru', 34);
insert into Student (id, birthdate, dni, genre, name, surname, cityId) values (290, '01/06/1993', '7320020963', 1, 'Holly', 'Georg', 172);
insert into Student (id, birthdate, dni, genre, name, surname, cityId) values (291, '03/12/1967', '0761007296', 2, 'Kinna', 'Mouncher', 86);
insert into Student (id, birthdate, dni, genre, name, surname, cityId) values (292, '07/07/1956', '9001750435', 2, 'Babs', 'Leynton', 113);
insert into Student (id, birthdate, dni, genre, name, surname, cityId) values (293, '29/03/1969', '9965790981', 2, 'Quillan', 'Casewell', 174);
insert into Student (id, birthdate, dni, genre, name, surname, cityId) values (294, '15/05/1944', '8416572755', 1, 'Chet', 'Itshak', 114);
insert into Student (id, birthdate, dni, genre, name, surname, cityId) values (295, '26/07/1983', '2665997533', 2, 'Gelya', 'Willsmore', 204);
insert into Student (id, birthdate, dni, genre, name, surname, cityId) values (296, '02/01/2011', '7269537178', 0, 'Amelina', 'Batkin', 139);
insert into Student (id, birthdate, dni, genre, name, surname, cityId) values (297, '25/03/1974', '8215504523', 0, 'Marcie', 'Mc Elory', 57);
insert into Student (id, birthdate, dni, genre, name, surname, cityId) values (298, '14/09/1974', '8276506933', 2, 'Angus', 'Mattacks', 78);
insert into Student (id, birthdate, dni, genre, name, surname, cityId) values (299, '29/04/2019', '1146100175', 0, 'Reggis', 'Heynel', 27);
insert into Student (id, birthdate, dni, genre, name, surname, cityId) values (300, '12/03/1988', '2171049081', 2, 'Chicky', 'De Wolfe', 39);
insert into Student (id, birthdate, dni, genre, name, surname, cityId) values (301, '15/07/2003', '7177990666', 1, 'Layla', 'Clint', 167);
insert into Student (id, birthdate, dni, genre, name, surname, cityId) values (302, '07/10/1950', '7985439196', 1, 'Zsa zsa', 'Mateus', 186);
insert into Student (id, birthdate, dni, genre, name, surname, cityId) values (303, '19/06/1986', '0877559317', 2, 'Fritz', 'Shillabeer', 14);
insert into Student (id, birthdate, dni, genre, name, surname, cityId) values (304, '16/09/1970', '1641068140', 0, 'Kassi', 'Oager', 204);
insert into Student (id, birthdate, dni, genre, name, surname, cityId) values (305, '21/11/1957', '9174917757', 0, 'Tannie', 'Nossent', 154);
insert into Student (id, birthdate, dni, genre, name, surname, cityId) values (306, '06/11/1950', '0036781703', 1, 'Celestia', 'Pinching', 191);
insert into Student (id, birthdate, dni, genre, name, surname, cityId) values (307, '27/09/1947', '0067027849', 2, 'Dorri', 'Dundredge', 194);
insert into Student (id, birthdate, dni, genre, name, surname, cityId) values (308, '13/10/1936', '8727415422', 1, 'Rutherford', 'Barth', 74);
insert into Student (id, birthdate, dni, genre, name, surname, cityId) values (309, '06/07/2009', '5632443639', 1, 'Angelica', 'Twoohy', 157);
insert into Student (id, birthdate, dni, genre, name, surname, cityId) values (310, '09/10/1948', '2914231032', 1, 'Cookie', 'Jouhandeau', 202);
insert into Student (id, birthdate, dni, genre, name, surname, cityId) values (311, '15/10/2010', '4337111964', 1, 'Kristi', 'Labro', 168);
insert into Student (id, birthdate, dni, genre, name, surname, cityId) values (312, '11/12/1980', '5617595091', 2, 'Rosita', 'Nazer', 293);
insert into Student (id, birthdate, dni, genre, name, surname, cityId) values (313, '26/03/2015', '9631538982', 0, 'Brandon', 'Scarlon', 16);
insert into Student (id, birthdate, dni, genre, name, surname, cityId) values (314, '29/11/1983', '9208691209', 0, 'Cecil', 'Slowey', 97);
insert into Student (id, birthdate, dni, genre, name, surname, cityId) values (315, '24/12/1937', '1587744597', 1, 'Valencia', 'Tolfrey', 299);
insert into Student (id, birthdate, dni, genre, name, surname, cityId) values (316, '29/11/2012', '3253308693', 2, 'Andris', 'Wyer', 297);
insert into Student (id, birthdate, dni, genre, name, surname, cityId) values (317, '21/08/1935', '5921497738', 1, 'Gretchen', 'Muzzlewhite', 254);
insert into Student (id, birthdate, dni, genre, name, surname, cityId) values (318, '18/06/2006', '0586838287', 1, 'Averyl', 'Blumire', 279);
insert into Student (id, birthdate, dni, genre, name, surname, cityId) values (319, '02/09/1956', '3603147480', 2, 'Donaugh', 'Borthe', 23);
insert into Student (id, birthdate, dni, genre, name, surname, cityId) values (320, '20/03/1962', '9539057434', 0, 'Rosabel', 'Worstall', 232);
insert into Student (id, birthdate, dni, genre, name, surname, cityId) values (321, '02/02/1960', '1854494252', 1, 'Svend', 'Mingardo', 227);
insert into Student (id, birthdate, dni, genre, name, surname, cityId) values (322, '03/09/1968', '9026674139', 0, 'Nananne', 'Warboy', 60);
insert into Student (id, birthdate, dni, genre, name, surname, cityId) values (323, '28/07/2001', '9344381194', 1, 'Leodora', 'Petrulis', 64);
insert into Student (id, birthdate, dni, genre, name, surname, cityId) values (324, '06/10/1985', '7563484442', 1, 'Vania', 'Ellicott', 41);
insert into Student (id, birthdate, dni, genre, name, surname, cityId) values (325, '08/06/2018', '9032318489', 2, 'Lisette', 'McCaffery', 188);
insert into Student (id, birthdate, dni, genre, name, surname, cityId) values (326, '06/01/1934', '7972591482', 1, 'Maria', 'Fosserd', 43);
insert into Student (id, birthdate, dni, genre, name, surname, cityId) values (327, '15/10/1967', '3912726965', 0, 'Heall', 'Bastie', 152);
insert into Student (id, birthdate, dni, genre, name, surname, cityId) values (328, '12/09/1960', '0115373594', 2, 'Tiffie', 'Barca', 178);
insert into Student (id, birthdate, dni, genre, name, surname, cityId) values (329, '18/01/1943', '6085183011', 1, 'Ammamaria', 'Gimson', 8);
insert into Student (id, birthdate, dni, genre, name, surname, cityId) values (330, '12/03/2006', '7732140842', 1, 'Gearalt', 'Bracegirdle', 41);
insert into Student (id, birthdate, dni, genre, name, surname, cityId) values (331, '08/11/2012', '3195345706', 0, 'Wolfy', 'Edwin', 93);
insert into Student (id, birthdate, dni, genre, name, surname, cityId) values (332, '13/09/1969', '7165601732', 2, 'Bebe', 'Lydall', 233);
insert into Student (id, birthdate, dni, genre, name, surname, cityId) values (333, '17/04/2011', '9509517321', 1, 'Birgit', 'Hearsum', 253);
insert into Student (id, birthdate, dni, genre, name, surname, cityId) values (334, '02/06/1936', '2193145520', 2, 'Mozelle', 'Windram', 113);
insert into Student (id, birthdate, dni, genre, name, surname, cityId) values (335, '20/09/1960', '0491215029', 0, 'Taddeusz', 'Whatson', 172);
insert into Student (id, birthdate, dni, genre, name, surname, cityId) values (336, '15/01/1942', '9519230629', 0, 'Lionel', 'Osbourne', 112);
insert into Student (id, birthdate, dni, genre, name, surname, cityId) values (337, '30/11/1931', '6054556568', 0, 'Lexis', 'Jakubczyk', 259);
insert into Student (id, birthdate, dni, genre, name, surname, cityId) values (338, '17/11/2014', '9195266372', 2, 'Jordon', 'Tuting', 206);
insert into Student (id, birthdate, dni, genre, name, surname, cityId) values (339, '08/03/2004', '3242033396', 0, 'Lula', 'Alexis', 38);
insert into Student (id, birthdate, dni, genre, name, surname, cityId) values (340, '19/02/1974', '6401122471', 0, 'Melva', 'Rankine', 191);
insert into Student (id, birthdate, dni, genre, name, surname, cityId) values (341, '02/04/1959', '2169759441', 0, 'Emeline', 'Jaulme', 121);
insert into Student (id, birthdate, dni, genre, name, surname, cityId) values (342, '24/02/2017', '3045115683', 0, 'Weston', 'Noor', 260);
insert into Student (id, birthdate, dni, genre, name, surname, cityId) values (343, '13/05/1957', '3275060074', 1, 'Wiatt', 'Ondricek', 209);
insert into Student (id, birthdate, dni, genre, name, surname, cityId) values (344, '01/11/1976', '8234389882', 2, 'Carleton', 'Diament', 93);
insert into Student (id, birthdate, dni, genre, name, surname, cityId) values (345, '26/01/1955', '7005362403', 0, 'Shaine', 'Hughlock', 60);
insert into Student (id, birthdate, dni, genre, name, surname, cityId) values (346, '22/11/1995', '8456939285', 1, 'Bogart', 'Lyburn', 263);
insert into Student (id, birthdate, dni, genre, name, surname, cityId) values (347, '29/06/1969', '6013940428', 0, 'Boote', 'Waye', 118);
insert into Student (id, birthdate, dni, genre, name, surname, cityId) values (348, '08/05/1940', '1918661146', 1, 'Geraldine', 'Bakesef', 286);
insert into Student (id, birthdate, dni, genre, name, surname, cityId) values (349, '26/01/1962', '3151283357', 2, 'Ingmar', 'Fragino', 13);
insert into Student (id, birthdate, dni, genre, name, surname, cityId) values (350, '05/05/1963', '6330591563', 0, 'Kaine', 'McKenzie', 101);
insert into Student (id, birthdate, dni, genre, name, surname, cityId) values (351, '07/05/1962', '8760097272', 1, 'Holden', 'Eyrl', 61);
insert into Student (id, birthdate, dni, genre, name, surname, cityId) values (352, '30/05/2019', '0609672061', 2, 'Stanislas', 'Matfield', 142);
insert into Student (id, birthdate, dni, genre, name, surname, cityId) values (353, '28/02/1950', '7130812451', 0, 'Madel', 'Bridgestock', 247);
insert into Student (id, birthdate, dni, genre, name, surname, cityId) values (354, '03/11/1993', '7991496694', 2, 'Kim', 'Fitch', 183);
insert into Student (id, birthdate, dni, genre, name, surname, cityId) values (355, '27/04/1952', '0849433398', 1, 'Willi', 'Oliveto', 158);
insert into Student (id, birthdate, dni, genre, name, surname, cityId) values (356, '22/01/2010', '7200035092', 0, 'Adham', 'MacMychem', 261);
insert into Student (id, birthdate, dni, genre, name, surname, cityId) values (357, '27/10/1980', '2952204985', 2, 'Morena', 'Comar', 172);
insert into Student (id, birthdate, dni, genre, name, surname, cityId) values (358, '26/10/1931', '6786210414', 1, 'Enos', 'Siveter', 157);
insert into Student (id, birthdate, dni, genre, name, surname, cityId) values (359, '01/08/2010', '5390874471', 0, 'Arlina', 'Torpie', 102);
insert into Student (id, birthdate, dni, genre, name, surname, cityId) values (360, '02/02/2015', '0196029201', 0, 'Jarvis', 'FitzGeorge', 120);
insert into Student (id, birthdate, dni, genre, name, surname, cityId) values (361, '12/03/2006', '1216683964', 1, 'Anallise', 'McGaugie', 115);
insert into Student (id, birthdate, dni, genre, name, surname, cityId) values (362, '02/12/1995', '6010414075', 1, 'Hanan', 'Sabati', 297);
insert into Student (id, birthdate, dni, genre, name, surname, cityId) values (363, '04/07/1959', '0536544964', 1, 'Janela', 'Crathorne', 222);
insert into Student (id, birthdate, dni, genre, name, surname, cityId) values (364, '09/09/2008', '0556409094', 2, 'Angelique', 'Mattiassi', 286);
insert into Student (id, birthdate, dni, genre, name, surname, cityId) values (365, '24/06/1979', '9473612842', 0, 'Jacques', 'McGlynn', 65);
insert into Student (id, birthdate, dni, genre, name, surname, cityId) values (366, '17/08/1964', '6444450063', 1, 'Jorey', 'Grundey', 117);
insert into Student (id, birthdate, dni, genre, name, surname, cityId) values (367, '14/09/1981', '8616802789', 1, 'Johannes', 'Farguhar', 214);
insert into Student (id, birthdate, dni, genre, name, surname, cityId) values (368, '09/03/1976', '3310616797', 2, 'Allyce', 'Shewen', 128);
insert into Student (id, birthdate, dni, genre, name, surname, cityId) values (369, '21/08/1935', '8711440279', 1, 'Elsinore', 'Gosling', 106);
insert into Student (id, birthdate, dni, genre, name, surname, cityId) values (370, '05/02/1965', '9692649210', 1, 'Carolann', 'Sherbrooke', 244);
insert into Student (id, birthdate, dni, genre, name, surname, cityId) values (371, '26/05/1957', '2584997932', 0, 'Ottilie', 'Cordobes', 158);
insert into Student (id, birthdate, dni, genre, name, surname, cityId) values (372, '09/06/1995', '9383735228', 0, 'Giffie', 'Stebbin', 258);
insert into Student (id, birthdate, dni, genre, name, surname, cityId) values (373, '23/08/1944', '7366785180', 1, 'Mahmud', 'Falconar', 10);
insert into Student (id, birthdate, dni, genre, name, surname, cityId) values (374, '29/09/1976', '0744522951', 0, 'Burr', 'Probets', 250);
insert into Student (id, birthdate, dni, genre, name, surname, cityId) values (375, '08/09/2000', '3186020999', 0, 'Calley', 'Thiem', 125);
insert into Student (id, birthdate, dni, genre, name, surname, cityId) values (376, '10/11/1961', '5263341806', 0, 'Warner', 'Patershall', 76);
insert into Student (id, birthdate, dni, genre, name, surname, cityId) values (377, '18/08/1948', '7393801191', 1, 'Bay', 'MacMechan', 57);
insert into Student (id, birthdate, dni, genre, name, surname, cityId) values (378, '30/06/2014', '8737730320', 2, 'Beatrice', 'Lauridsen', 259);
insert into Student (id, birthdate, dni, genre, name, surname, cityId) values (379, '29/04/1937', '5478211915', 1, 'Randolph', 'Pledge', 178);
insert into Student (id, birthdate, dni, genre, name, surname, cityId) values (380, '23/08/1938', '0432227393', 0, 'Boniface', 'Lundy', 206);
insert into Student (id, birthdate, dni, genre, name, surname, cityId) values (381, '06/10/1988', '7288545121', 1, 'Inglis', 'Hardy', 223);
insert into Student (id, birthdate, dni, genre, name, surname, cityId) values (382, '10/12/1998', '5439799788', 2, 'Antonietta', 'Chick', 210);
insert into Student (id, birthdate, dni, genre, name, surname, cityId) values (383, '24/01/2016', '7816831048', 1, 'Jean', 'Manhood', 97);
insert into Student (id, birthdate, dni, genre, name, surname, cityId) values (384, '11/02/1933', '7659523899', 2, 'Elfrida', 'Keward', 9);
insert into Student (id, birthdate, dni, genre, name, surname, cityId) values (385, '06/01/1967', '3270535503', 0, 'Rosaline', 'Ianitti', 224);
insert into Student (id, birthdate, dni, genre, name, surname, cityId) values (386, '14/05/1939', '3716632309', 1, 'Bobby', 'McFarlane', 178);
insert into Student (id, birthdate, dni, genre, name, surname, cityId) values (387, '02/02/1974', '3444615760', 0, 'Bevin', 'Doughton', 171);
insert into Student (id, birthdate, dni, genre, name, surname, cityId) values (388, '15/06/1933', '5454820652', 2, 'Kaine', 'Woodworth', 226);
insert into Student (id, birthdate, dni, genre, name, surname, cityId) values (389, '14/01/1976', '8732664710', 2, 'Blinny', 'Rosborough', 241);
insert into Student (id, birthdate, dni, genre, name, surname, cityId) values (390, '03/05/2009', '9340914260', 1, 'Alexandrina', 'Iffland', 54);
insert into Student (id, birthdate, dni, genre, name, surname, cityId) values (391, '05/08/2018', '3946827322', 2, 'Berkeley', 'Trittam', 62);
insert into Student (id, birthdate, dni, genre, name, surname, cityId) values (392, '03/05/2016', '3192375183', 0, 'Devland', 'Grene', 125);
insert into Student (id, birthdate, dni, genre, name, surname, cityId) values (393, '12/03/1953', '0900169575', 1, 'Jodi', 'Storton', 45);
insert into Student (id, birthdate, dni, genre, name, surname, cityId) values (394, '11/09/1943', '8421555677', 2, 'Alex', 'Larmour', 208);
insert into Student (id, birthdate, dni, genre, name, surname, cityId) values (395, '10/07/1991', '7922328044', 2, 'Pernell', 'Dillon', 41);
insert into Student (id, birthdate, dni, genre, name, surname, cityId) values (396, '05/11/2005', '0621709735', 0, 'Sybila', 'Mannering', 290);
insert into Student (id, birthdate, dni, genre, name, surname, cityId) values (397, '05/12/2006', '9690101854', 0, 'Stephie', 'Crocken', 206);
insert into Student (id, birthdate, dni, genre, name, surname, cityId) values (398, '04/10/1971', '3883577529', 0, 'Jere', 'Durkin', 284);
insert into Student (id, birthdate, dni, genre, name, surname, cityId) values (399, '10/02/1935', '8569968205', 2, 'Emelda', 'Fonzo', 1);
insert into Student (id, birthdate, dni, genre, name, surname, cityId) values (400, '04/10/1967', '2278028677', 0, 'Billie', 'Algate', 129);
insert into Student (id, birthdate, dni, genre, name, surname, cityId) values (401, '03/03/1974', '4536350810', 1, 'Claudette', 'Coleby', 60);
insert into Student (id, birthdate, dni, genre, name, surname, cityId) values (402, '06/10/1931', '3177754691', 2, 'Dorey', 'Martt', 50);
insert into Student (id, birthdate, dni, genre, name, surname, cityId) values (403, '01/01/2019', '5587858278', 0, 'Trudey', 'Kippin', 142);
insert into Student (id, birthdate, dni, genre, name, surname, cityId) values (404, '01/02/2010', '7904571706', 0, 'Napoleon', 'Jacobovitz', 300);
insert into Student (id, birthdate, dni, genre, name, surname, cityId) values (405, '15/02/1943', '4075251268', 1, 'Beverlee', 'Lifton', 22);
insert into Student (id, birthdate, dni, genre, name, surname, cityId) values (406, '30/07/2015', '8164364703', 2, 'Brina', 'Wicklen', 32);
insert into Student (id, birthdate, dni, genre, name, surname, cityId) values (407, '30/10/1959', '4185169965', 0, 'Salomi', 'Calderhead', 238);
insert into Student (id, birthdate, dni, genre, name, surname, cityId) values (408, '25/03/1990', '6928390344', 2, 'Hynda', 'Radleigh', 132);
insert into Student (id, birthdate, dni, genre, name, surname, cityId) values (409, '20/05/1979', '9996472906', 2, 'Rosamund', 'Ivell', 40);
insert into Student (id, birthdate, dni, genre, name, surname, cityId) values (410, '11/01/1991', '9615532746', 0, 'Wilie', 'Conahy', 149);
insert into Student (id, birthdate, dni, genre, name, surname, cityId) values (411, '09/02/1976', '5602890351', 2, 'Shellysheldon', 'Digby', 53);
insert into Student (id, birthdate, dni, genre, name, surname, cityId) values (412, '07/10/1951', '9057513811', 1, 'Dacey', 'Gibbeson', 126);
insert into Student (id, birthdate, dni, genre, name, surname, cityId) values (413, '11/05/1975', '3310835936', 1, 'Nickolas', 'Sarfas', 260);
insert into Student (id, birthdate, dni, genre, name, surname, cityId) values (414, '18/05/1946', '6797162475', 1, 'Broddie', 'Beveredge', 108);
insert into Student (id, birthdate, dni, genre, name, surname, cityId) values (415, '19/06/1978', '2201875243', 1, 'Arri', 'Garton', 38);
insert into Student (id, birthdate, dni, genre, name, surname, cityId) values (416, '06/04/1974', '1055084126', 2, 'Bessie', 'Leban', 38);
insert into Student (id, birthdate, dni, genre, name, surname, cityId) values (417, '20/05/1973', '7399807361', 2, 'Shelley', 'Sauvage', 102);
insert into Student (id, birthdate, dni, genre, name, surname, cityId) values (418, '19/11/1956', '4078693849', 1, 'Cello', 'Suggey', 61);
insert into Student (id, birthdate, dni, genre, name, surname, cityId) values (419, '04/09/1992', '2982445212', 2, 'Willyt', 'Jeaffreson', 260);
insert into Student (id, birthdate, dni, genre, name, surname, cityId) values (420, '09/05/1937', '6002016066', 2, 'Rafa', 'Crawley', 248);
insert into Student (id, birthdate, dni, genre, name, surname, cityId) values (421, '03/02/1994', '4144613186', 2, 'Karlis', 'Hutley', 38);
insert into Student (id, birthdate, dni, genre, name, surname, cityId) values (422, '13/04/1978', '5395397744', 1, 'Petunia', 'Keher', 47);
insert into Student (id, birthdate, dni, genre, name, surname, cityId) values (423, '04/02/1948', '6169387769', 2, 'Ivie', 'Bridgett', 158);
insert into Student (id, birthdate, dni, genre, name, surname, cityId) values (424, '25/05/1993', '3695557583', 0, 'Todd', 'Ebbetts', 59);
insert into Student (id, birthdate, dni, genre, name, surname, cityId) values (425, '17/02/1984', '3778913859', 1, 'Laraine', 'Kinge', 118);
insert into Student (id, birthdate, dni, genre, name, surname, cityId) values (426, '10/04/1932', '0804681058', 2, 'Persis', 'Barney', 73);
insert into Student (id, birthdate, dni, genre, name, surname, cityId) values (427, '02/06/1949', '7512167067', 1, 'Yank', 'Joel', 271);
insert into Student (id, birthdate, dni, genre, name, surname, cityId) values (428, '12/06/1956', '0396347134', 1, 'Stephine', 'Instone', 156);
insert into Student (id, birthdate, dni, genre, name, surname, cityId) values (429, '24/12/1938', '7093397654', 0, 'Marijo', 'Mearns', 42);
insert into Student (id, birthdate, dni, genre, name, surname, cityId) values (430, '24/11/1938', '7596332382', 2, 'Palm', 'Rives', 35);
insert into Student (id, birthdate, dni, genre, name, surname, cityId) values (431, '29/10/1960', '4830796421', 0, 'Blondie', 'Bonhill', 150);
insert into Student (id, birthdate, dni, genre, name, surname, cityId) values (432, '04/04/1971', '6820930585', 0, 'Chalmers', 'Hovey', 265);
insert into Student (id, birthdate, dni, genre, name, surname, cityId) values (433, '16/10/1976', '0752171453', 1, 'Bard', 'Littlefair', 204);
insert into Student (id, birthdate, dni, genre, name, surname, cityId) values (434, '21/07/1945', '5472059895', 0, 'Alfy', 'Matijasevic', 281);
insert into Student (id, birthdate, dni, genre, name, surname, cityId) values (435, '06/10/1936', '5589146623', 2, 'Georgie', 'Aldred', 64);
insert into Student (id, birthdate, dni, genre, name, surname, cityId) values (436, '26/11/2017', '8993087539', 0, 'Felicity', 'McBlain', 269);
insert into Student (id, birthdate, dni, genre, name, surname, cityId) values (437, '14/02/1958', '3814742532', 0, 'Marwin', 'Straniero', 240);
insert into Student (id, birthdate, dni, genre, name, surname, cityId) values (438, '01/10/1996', '1402153821', 0, 'Thomas', 'Ingilson', 80);
insert into Student (id, birthdate, dni, genre, name, surname, cityId) values (439, '30/11/1976', '1042035687', 0, 'Claude', 'Cubbinelli', 13);
insert into Student (id, birthdate, dni, genre, name, surname, cityId) values (440, '14/08/1946', '2035082218', 2, 'Ron', 'Keesman', 238);
insert into Student (id, birthdate, dni, genre, name, surname, cityId) values (441, '29/09/1933', '8533595972', 0, 'Ki', 'Pretorius', 29);
insert into Student (id, birthdate, dni, genre, name, surname, cityId) values (442, '12/04/1981', '4655202890', 0, 'Roseann', 'Hartas', 264);
insert into Student (id, birthdate, dni, genre, name, surname, cityId) values (443, '28/10/1939', '7057378696', 1, 'Ruthy', 'Andreini', 142);
insert into Student (id, birthdate, dni, genre, name, surname, cityId) values (444, '04/09/1971', '7615342325', 0, 'Tracy', 'Worg', 196);
insert into Student (id, birthdate, dni, genre, name, surname, cityId) values (445, '30/10/2003', '6818895921', 0, 'Jesselyn', 'Shipcott', 6);
insert into Student (id, birthdate, dni, genre, name, surname, cityId) values (446, '09/06/1953', '9739505260', 0, 'Alick', 'Reade', 8);
insert into Student (id, birthdate, dni, genre, name, surname, cityId) values (447, '04/12/1937', '0055916783', 1, 'Maryann', 'de Glanville', 11);
insert into Student (id, birthdate, dni, genre, name, surname, cityId) values (448, '27/08/1963', '7694032685', 2, 'Revkah', 'Trounce', 207);
insert into Student (id, birthdate, dni, genre, name, surname, cityId) values (449, '28/06/1956', '1324205849', 1, 'Devi', 'De Giovanni', 39);
insert into Student (id, birthdate, dni, genre, name, surname, cityId) values (450, '11/06/1975', '9676614440', 0, 'Nissie', 'Ganforthe', 149);
insert into Student (id, birthdate, dni, genre, name, surname, cityId) values (451, '01/05/1993', '6338863562', 1, 'Talyah', 'Stocker', 160);
insert into Student (id, birthdate, dni, genre, name, surname, cityId) values (452, '31/10/1995', '1146282575', 0, 'Denis', 'Reddie', 17);
insert into Student (id, birthdate, dni, genre, name, surname, cityId) values (453, '21/03/1943', '7875347858', 2, 'Jordain', 'Ridings', 47);
insert into Student (id, birthdate, dni, genre, name, surname, cityId) values (454, '16/06/1968', '1711419141', 2, 'Valene', 'Laughnan', 143);
insert into Student (id, birthdate, dni, genre, name, surname, cityId) values (455, '05/01/1941', '8339331965', 1, 'Briano', 'Fogt', 93);
insert into Student (id, birthdate, dni, genre, name, surname, cityId) values (456, '21/05/1978', '8489213100', 1, 'Chalmers', 'Edgley', 112);
insert into Student (id, birthdate, dni, genre, name, surname, cityId) values (457, '13/01/1958', '2392006105', 2, 'Benoit', 'Vater', 137);
insert into Student (id, birthdate, dni, genre, name, surname, cityId) values (458, '07/06/2007', '0407292209', 2, 'Karrie', 'Van Rembrandt', 262);
insert into Student (id, birthdate, dni, genre, name, surname, cityId) values (459, '02/07/1952', '1181778271', 1, 'Letty', 'Danieli', 164);
insert into Student (id, birthdate, dni, genre, name, surname, cityId) values (460, '23/02/1975', '4923920904', 1, 'Randi', 'Fitkin', 76);
insert into Student (id, birthdate, dni, genre, name, surname, cityId) values (461, '28/08/1988', '0350126674', 0, 'Elora', 'Eminson', 113);
insert into Student (id, birthdate, dni, genre, name, surname, cityId) values (462, '16/09/1943', '6865952642', 2, 'Barrie', 'Daniels', 77);
insert into Student (id, birthdate, dni, genre, name, surname, cityId) values (463, '25/11/1936', '0839088132', 1, 'Cayla', 'Seyfart', 174);
insert into Student (id, birthdate, dni, genre, name, surname, cityId) values (464, '20/12/2003', '1417671130', 0, 'Lorna', 'Penman', 192);
insert into Student (id, birthdate, dni, genre, name, surname, cityId) values (465, '05/11/1994', '2826422545', 1, 'Torre', 'Napoleone', 231);
insert into Student (id, birthdate, dni, genre, name, surname, cityId) values (466, '06/06/2014', '0762690801', 2, 'Cristobal', 'Bench', 240);
insert into Student (id, birthdate, dni, genre, name, surname, cityId) values (467, '06/12/1963', '1516708156', 1, 'Cordi', 'Braunle', 187);
insert into Student (id, birthdate, dni, genre, name, surname, cityId) values (468, '21/02/1977', '2587911990', 2, 'Kristofor', 'Kidson', 106);
insert into Student (id, birthdate, dni, genre, name, surname, cityId) values (469, '06/01/1951', '7880737502', 1, 'Dominick', 'Falloon', 283);
insert into Student (id, birthdate, dni, genre, name, surname, cityId) values (470, '16/06/1972', '3621616128', 2, 'Eberto', 'MacPeake', 298);
insert into Student (id, birthdate, dni, genre, name, surname, cityId) values (471, '25/01/2013', '7997896260', 1, 'Julienne', 'Cobello', 213);
insert into Student (id, birthdate, dni, genre, name, surname, cityId) values (472, '16/08/2003', '8774654152', 0, 'Feodor', 'Heminsley', 145);
insert into Student (id, birthdate, dni, genre, name, surname, cityId) values (473, '21/02/1960', '3756445976', 1, 'Helli', 'Boote', 292);
insert into Student (id, birthdate, dni, genre, name, surname, cityId) values (474, '17/11/2015', '3800978687', 0, 'Cosetta', 'Bonar', 222);
insert into Student (id, birthdate, dni, genre, name, surname, cityId) values (475, '25/06/1939', '7815792561', 0, 'Pepe', 'Regler', 121);
insert into Student (id, birthdate, dni, genre, name, surname, cityId) values (476, '02/01/1931', '1799558053', 0, 'Almeta', 'Winser', 6);
insert into Student (id, birthdate, dni, genre, name, surname, cityId) values (477, '04/11/1972', '8488571011', 0, 'Eugene', 'Caldaro', 262);
insert into Student (id, birthdate, dni, genre, name, surname, cityId) values (478, '11/09/1995', '1190385414', 1, 'Mirella', 'Brame', 152);
insert into Student (id, birthdate, dni, genre, name, surname, cityId) values (479, '20/04/1966', '0800190254', 2, 'Tobin', 'Wenderott', 160);
insert into Student (id, birthdate, dni, genre, name, surname, cityId) values (480, '14/11/2007', '0748988327', 1, 'Mora', 'Kringe', 47);
insert into Student (id, birthdate, dni, genre, name, surname, cityId) values (481, '27/02/1949', '4003214579', 1, 'Marlow', 'MacIlwrick', 37);
insert into Student (id, birthdate, dni, genre, name, surname, cityId) values (482, '26/02/1951', '7816103964', 1, 'Jenda', 'Strangward', 199);
insert into Student (id, birthdate, dni, genre, name, surname, cityId) values (483, '29/03/2011', '8342726762', 0, 'Roman', 'Southwell', 181);
insert into Student (id, birthdate, dni, genre, name, surname, cityId) values (484, '15/11/1976', '9700201341', 2, 'Marj', 'Eyer', 218);
insert into Student (id, birthdate, dni, genre, name, surname, cityId) values (485, '17/03/1947', '4423915065', 0, 'Alvan', 'Spraggon', 3);
insert into Student (id, birthdate, dni, genre, name, surname, cityId) values (486, '20/02/1953', '7053752909', 2, 'Cosimo', 'Galiero', 148);
insert into Student (id, birthdate, dni, genre, name, surname, cityId) values (487, '26/04/1972', '2722661039', 0, 'Datha', 'Pattinson', 31);
insert into Student (id, birthdate, dni, genre, name, surname, cityId) values (488, '12/05/1937', '9991636498', 2, 'Goober', 'Alway', 79);
insert into Student (id, birthdate, dni, genre, name, surname, cityId) values (489, '02/12/2001', '9745223018', 2, 'Fons', 'Gillis', 173);
insert into Student (id, birthdate, dni, genre, name, surname, cityId) values (490, '09/04/1984', '2932075446', 2, 'Darcy', 'Dinwoodie', 116);
insert into Student (id, birthdate, dni, genre, name, surname, cityId) values (491, '17/04/1965', '3804899536', 1, 'Olympie', 'Belfrage', 55);
insert into Student (id, birthdate, dni, genre, name, surname, cityId) values (492, '20/08/2019', '2051703744', 0, 'Ferdy', 'Seldon', 48);
insert into Student (id, birthdate, dni, genre, name, surname, cityId) values (493, '22/11/1965', '2282975545', 0, 'Reyna', 'Simek', 186);
insert into Student (id, birthdate, dni, genre, name, surname, cityId) values (494, '19/09/1984', '2178660096', 1, 'Meredeth', 'Sibbons', 154);
insert into Student (id, birthdate, dni, genre, name, surname, cityId) values (495, '23/12/2012', '1000005747', 0, 'Blakeley', 'Unstead', 125);
insert into Student (id, birthdate, dni, genre, name, surname, cityId) values (496, '10/03/2016', '8199350776', 2, 'Nathalia', 'Gutierrez', 72);
insert into Student (id, birthdate, dni, genre, name, surname, cityId) values (497, '08/01/1954', '8606645036', 1, 'Harlene', 'Wallentin', 162);
insert into Student (id, birthdate, dni, genre, name, surname, cityId) values (498, '07/02/1993', '6954862584', 1, 'Jeanna', 'Joiner', 3);
insert into Student (id, birthdate, dni, genre, name, surname, cityId) values (499, '11/10/1994', '7208315043', 2, 'Sebastiano', 'Agglio', 218);
insert into Student (id, birthdate, dni, genre, name, surname, cityId) values (500, '08/11/1992', '3306100811', 1, 'Toinette', 'Dukesbury', 56);
insert into Student (id, birthdate, dni, genre, name, surname, cityId) values (501, '25/02/1952', '8850787677', 0, 'Onfre', 'Condy', 145);
insert into Student (id, birthdate, dni, genre, name, surname, cityId) values (502, '07/06/2016', '6322570927', 0, 'Heddi', 'Maybery', 71);
insert into Student (id, birthdate, dni, genre, name, surname, cityId) values (503, '23/04/1974', '6902166749', 2, 'Jeniffer', 'Swetman', 124);
insert into Student (id, birthdate, dni, genre, name, surname, cityId) values (504, '14/01/1968', '4623261204', 2, 'Arlee', 'Fontin', 79);
insert into Student (id, birthdate, dni, genre, name, surname, cityId) values (505, '24/04/1963', '6786242596', 0, 'Berkly', 'Nesby', 35);
insert into Student (id, birthdate, dni, genre, name, surname, cityId) values (506, '05/09/2015', '1544132549', 2, 'Lyssa', 'Lindner', 114);
insert into Student (id, birthdate, dni, genre, name, surname, cityId) values (507, '08/04/1955', '5007554529', 2, 'Denice', 'Dirkin', 65);
insert into Student (id, birthdate, dni, genre, name, surname, cityId) values (508, '31/08/1954', '9861975780', 0, 'Blaine', 'Jacquet', 101);
insert into Student (id, birthdate, dni, genre, name, surname, cityId) values (509, '11/07/1993', '3022048351', 1, 'Kirby', 'Meecher', 108);
insert into Student (id, birthdate, dni, genre, name, surname, cityId) values (510, '23/04/1984', '6265227122', 2, 'Chandal', 'Petrik', 96);
insert into Student (id, birthdate, dni, genre, name, surname, cityId) values (511, '20/02/1983', '4631808314', 2, 'Addy', 'Endecott', 26);
insert into Student (id, birthdate, dni, genre, name, surname, cityId) values (512, '01/08/1950', '1758624795', 0, 'Aloysius', 'Ilyunin', 196);
insert into Student (id, birthdate, dni, genre, name, surname, cityId) values (513, '06/06/1946', '4594084788', 2, 'Shirley', 'Dyble', 50);
insert into Student (id, birthdate, dni, genre, name, surname, cityId) values (514, '24/09/1982', '0661209954', 1, 'Genny', 'Ghidoni', 104);
insert into Student (id, birthdate, dni, genre, name, surname, cityId) values (515, '22/11/1985', '7989311135', 2, 'Merry', 'Scamal', 103);
insert into Student (id, birthdate, dni, genre, name, surname, cityId) values (516, '04/01/1972', '7472510661', 1, 'Marjie', 'Parncutt', 108);
insert into Student (id, birthdate, dni, genre, name, surname, cityId) values (517, '29/10/1994', '2781239895', 2, 'Melisa', 'Joist', 11);
insert into Student (id, birthdate, dni, genre, name, surname, cityId) values (518, '24/06/1998', '1681926601', 1, 'Shelli', 'Kemitt', 219);
insert into Student (id, birthdate, dni, genre, name, surname, cityId) values (519, '06/04/1953', '0532103149', 2, 'Igor', 'Westmerland', 83);
insert into Student (id, birthdate, dni, genre, name, surname, cityId) values (520, '03/09/1999', '0567212807', 1, 'Audie', 'Fiske', 298);
insert into Student (id, birthdate, dni, genre, name, surname, cityId) values (521, '02/08/1995', '9555380384', 0, 'Clare', 'Glancy', 55);
insert into Student (id, birthdate, dni, genre, name, surname, cityId) values (522, '27/09/1941', '3837137279', 1, 'Nata', 'Kinvig', 215);
insert into Student (id, birthdate, dni, genre, name, surname, cityId) values (523, '04/08/1945', '9181461674', 1, 'Bren', 'Werrilow', 172);
insert into Student (id, birthdate, dni, genre, name, surname, cityId) values (524, '20/07/1980', '9114252457', 2, 'Woody', 'Scripture', 81);
insert into Student (id, birthdate, dni, genre, name, surname, cityId) values (525, '27/09/1936', '0928843572', 2, 'Ysabel', 'Matias', 198);
insert into Student (id, birthdate, dni, genre, name, surname, cityId) values (526, '10/10/1993', '6923241863', 0, 'Corie', 'Pharrow', 4);
insert into Student (id, birthdate, dni, genre, name, surname, cityId) values (527, '23/05/1989', '7121787318', 1, 'Rita', 'Bleby', 101);
insert into Student (id, birthdate, dni, genre, name, surname, cityId) values (528, '02/01/1976', '6636065753', 1, 'Kayne', 'Avarne', 84);
insert into Student (id, birthdate, dni, genre, name, surname, cityId) values (529, '03/08/2010', '0108778061', 1, 'Lucita', 'MacShane', 173);
insert into Student (id, birthdate, dni, genre, name, surname, cityId) values (530, '01/04/1963', '6895038299', 0, 'Hetti', 'Liebermann', 58);
insert into Student (id, birthdate, dni, genre, name, surname, cityId) values (531, '18/08/2018', '5916591993', 1, 'Jill', 'Hammerman', 144);
insert into Student (id, birthdate, dni, genre, name, surname, cityId) values (532, '09/08/1974', '6019729222', 0, 'Virgie', 'Ellicott', 68);
insert into Student (id, birthdate, dni, genre, name, surname, cityId) values (533, '31/01/2006', '9040756295', 2, 'Redford', 'Bywaters', 101);
insert into Student (id, birthdate, dni, genre, name, surname, cityId) values (534, '19/03/1944', '5192141109', 1, 'Dominique', 'Markwick', 239);
insert into Student (id, birthdate, dni, genre, name, surname, cityId) values (535, '09/12/1951', '1352265826', 2, 'Devon', 'Karlowicz', 216);
insert into Student (id, birthdate, dni, genre, name, surname, cityId) values (536, '07/11/1957', '6189695809', 1, 'Rita', 'Walbrun', 296);
insert into Student (id, birthdate, dni, genre, name, surname, cityId) values (537, '28/10/2016', '8783405534', 2, 'Walker', 'MacVaugh', 87);
insert into Student (id, birthdate, dni, genre, name, surname, cityId) values (538, '26/07/1969', '3494685525', 0, 'Huntington', 'Cutbirth', 44);
insert into Student (id, birthdate, dni, genre, name, surname, cityId) values (539, '16/03/1993', '0188341749', 0, 'Leia', 'Atthowe', 263);
insert into Student (id, birthdate, dni, genre, name, surname, cityId) values (540, '01/01/2001', '6166150083', 1, 'Faustine', 'Cundy', 85);
insert into Student (id, birthdate, dni, genre, name, surname, cityId) values (541, '11/11/1999', '1836888090', 1, 'Kacie', 'Munn', 84);
insert into Student (id, birthdate, dni, genre, name, surname, cityId) values (542, '03/04/1983', '5722508446', 0, 'Rodd', 'Mapledoore', 130);
insert into Student (id, birthdate, dni, genre, name, surname, cityId) values (543, '22/10/1932', '5811012322', 1, 'Zed', 'Squier', 2);
insert into Student (id, birthdate, dni, genre, name, surname, cityId) values (544, '16/10/1994', '1961143178', 2, 'Ches', 'Wiggington', 211);
insert into Student (id, birthdate, dni, genre, name, surname, cityId) values (545, '30/05/1991', '9062604536', 0, 'Laurie', 'Sabberton', 252);
insert into Student (id, birthdate, dni, genre, name, surname, cityId) values (546, '02/01/1978', '8873286151', 0, 'Darren', 'Vaudre', 230);
insert into Student (id, birthdate, dni, genre, name, surname, cityId) values (547, '17/08/1996', '9195365729', 0, 'Audy', 'Maple', 20);
insert into Student (id, birthdate, dni, genre, name, surname, cityId) values (548, '16/09/1975', '2126228460', 1, 'Onfre', 'Bowdrey', 299);
insert into Student (id, birthdate, dni, genre, name, surname, cityId) values (549, '03/10/1993', '7929630269', 0, 'Caryl', 'Deighton', 128);
insert into Student (id, birthdate, dni, genre, name, surname, cityId) values (550, '22/06/1994', '2994681501', 0, 'Idelle', 'Frame', 299);
insert into Student (id, birthdate, dni, genre, name, surname, cityId) values (551, '04/08/1964', '0331138522', 1, 'Aleksandr', 'Goard', 278);
insert into Student (id, birthdate, dni, genre, name, surname, cityId) values (552, '14/06/1987', '1611738881', 0, 'Twyla', 'Chazelas', 102);
insert into Student (id, birthdate, dni, genre, name, surname, cityId) values (553, '16/02/1943', '3377979395', 2, 'Sibyl', 'Easman', 2);
insert into Student (id, birthdate, dni, genre, name, surname, cityId) values (554, '08/06/1976', '1215901577', 0, 'Preston', 'Le Maitre', 102);
insert into Student (id, birthdate, dni, genre, name, surname, cityId) values (555, '05/03/2005', '2036762948', 1, 'Johnny', 'Marskell', 292);
insert into Student (id, birthdate, dni, genre, name, surname, cityId) values (556, '28/11/2002', '3431377947', 2, 'Libby', 'Wiburn', 161);
insert into Student (id, birthdate, dni, genre, name, surname, cityId) values (557, '20/07/1932', '7196827880', 1, 'Davey', 'Yedy', 235);
insert into Student (id, birthdate, dni, genre, name, surname, cityId) values (558, '11/09/1984', '7798747893', 1, 'Fredia', 'Pickup', 275);
insert into Student (id, birthdate, dni, genre, name, surname, cityId) values (559, '15/02/1942', '7145342359', 1, 'Fallon', 'Tuffell', 179);
insert into Student (id, birthdate, dni, genre, name, surname, cityId) values (560, '19/05/1970', '3768110443', 1, 'Ashlen', 'Maseyk', 171);
insert into Student (id, birthdate, dni, genre, name, surname, cityId) values (561, '14/07/1944', '8295656163', 0, 'Bruce', 'Jewise', 263);
insert into Student (id, birthdate, dni, genre, name, surname, cityId) values (562, '26/06/1972', '8140267252', 0, 'Thorndike', 'Joddens', 171);
insert into Student (id, birthdate, dni, genre, name, surname, cityId) values (563, '11/04/2019', '3704475742', 0, 'Isidora', 'Shine', 43);
insert into Student (id, birthdate, dni, genre, name, surname, cityId) values (564, '27/05/1940', '6490071444', 2, 'Danya', 'Cheley', 121);
insert into Student (id, birthdate, dni, genre, name, surname, cityId) values (565, '25/06/1998', '9680855449', 2, 'Shaine', 'Gallaher', 125);
insert into Student (id, birthdate, dni, genre, name, surname, cityId) values (566, '23/09/2016', '4780396115', 0, 'Terrye', 'Fakeley', 228);
insert into Student (id, birthdate, dni, genre, name, surname, cityId) values (567, '29/09/1939', '6169096535', 2, 'Barclay', 'Powelee', 225);
insert into Student (id, birthdate, dni, genre, name, surname, cityId) values (568, '02/12/1992', '1009782827', 1, 'Ivy', 'Rawle', 257);
insert into Student (id, birthdate, dni, genre, name, surname, cityId) values (569, '24/06/1937', '8541292339', 2, 'Shepard', 'Brimson', 292);
insert into Student (id, birthdate, dni, genre, name, surname, cityId) values (570, '31/10/2010', '6134926787', 0, 'Gayler', 'McGrah', 256);
insert into Student (id, birthdate, dni, genre, name, surname, cityId) values (571, '26/10/1944', '2234883571', 2, 'Ethyl', 'Oxx', 212);
insert into Student (id, birthdate, dni, genre, name, surname, cityId) values (572, '11/07/1933', '1199650439', 2, 'Berty', 'Tompkiss', 260);
insert into Student (id, birthdate, dni, genre, name, surname, cityId) values (573, '13/09/1970', '3842764774', 0, 'Renado', 'Weedon', 247);
insert into Student (id, birthdate, dni, genre, name, surname, cityId) values (574, '19/12/1952', '9046631044', 1, 'Grenville', 'Samwaye', 101);
insert into Student (id, birthdate, dni, genre, name, surname, cityId) values (575, '12/02/1997', '8098025918', 2, 'Aime', 'Ziem', 119);
insert into Student (id, birthdate, dni, genre, name, surname, cityId) values (576, '05/12/1970', '2018682881', 1, 'Dilly', 'Beere', 135);
insert into Student (id, birthdate, dni, genre, name, surname, cityId) values (577, '27/09/1938', '6801157264', 0, 'Amory', 'Wailes', 35);
insert into Student (id, birthdate, dni, genre, name, surname, cityId) values (578, '01/09/1960', '4037483157', 1, 'Meagan', 'Scarsbrooke', 224);
insert into Student (id, birthdate, dni, genre, name, surname, cityId) values (579, '04/12/1932', '1273139615', 2, 'Maurie', 'Eaglen', 199);
insert into Student (id, birthdate, dni, genre, name, surname, cityId) values (580, '08/09/1981', '9426443398', 2, 'Louisa', 'Scholer', 199);
insert into Student (id, birthdate, dni, genre, name, surname, cityId) values (581, '25/02/1995', '8855313061', 1, 'Odessa', 'D''Antonio', 100);
insert into Student (id, birthdate, dni, genre, name, surname, cityId) values (582, '17/11/1996', '8891065889', 2, 'Hedda', 'Staddon', 4);
insert into Student (id, birthdate, dni, genre, name, surname, cityId) values (583, '15/01/1991', '6049879737', 1, 'Cariotta', 'Kilbourn', 18);
insert into Student (id, birthdate, dni, genre, name, surname, cityId) values (584, '26/12/1969', '7651315243', 1, 'Sarena', 'Symms', 76);
insert into Student (id, birthdate, dni, genre, name, surname, cityId) values (585, '24/10/1962', '0273393987', 2, 'Edan', 'Scammell', 109);
insert into Student (id, birthdate, dni, genre, name, surname, cityId) values (586, '11/02/1944', '7028849627', 1, 'Bax', 'Leftley', 183);
insert into Student (id, birthdate, dni, genre, name, surname, cityId) values (587, '20/05/1986', '8308278760', 2, 'Tildy', 'Cusick', 167);
insert into Student (id, birthdate, dni, genre, name, surname, cityId) values (588, '12/09/1935', '5044150681', 1, 'Oriana', 'Barette', 276);
insert into Student (id, birthdate, dni, genre, name, surname, cityId) values (589, '29/11/1942', '7340114491', 0, 'Holly-anne', 'Gascoyne', 110);
insert into Student (id, birthdate, dni, genre, name, surname, cityId) values (590, '10/02/1967', '1120892554', 2, 'Tremain', 'Maden', 102);
insert into Student (id, birthdate, dni, genre, name, surname, cityId) values (591, '17/02/1995', '3505680141', 1, 'Marian', 'Leheude', 211);
insert into Student (id, birthdate, dni, genre, name, surname, cityId) values (592, '14/02/1988', '1747850462', 1, 'Kelila', 'Lippitt', 72);
insert into Student (id, birthdate, dni, genre, name, surname, cityId) values (593, '29/11/1964', '1998804062', 2, 'Felicia', 'Iglesias', 261);
insert into Student (id, birthdate, dni, genre, name, surname, cityId) values (594, '31/10/1996', '7562315892', 2, 'Alwin', 'Buy', 25);
insert into Student (id, birthdate, dni, genre, name, surname, cityId) values (595, '22/12/1995', '3390304444', 1, 'Eddie', 'Kolakowski', 211);
insert into Student (id, birthdate, dni, genre, name, surname, cityId) values (596, '30/08/1944', '2532443812', 2, 'Alisun', 'Rowley', 104);
insert into Student (id, birthdate, dni, genre, name, surname, cityId) values (597, '21/12/2018', '2276767359', 2, 'Marna', 'Culverhouse', 1);
insert into Student (id, birthdate, dni, genre, name, surname, cityId) values (598, '16/04/1959', '6489275309', 0, 'Weber', 'Gumery', 71);
insert into Student (id, birthdate, dni, genre, name, surname, cityId) values (599, '03/05/1936', '5932188553', 1, 'Richy', 'Mullen', 250);
insert into Student (id, birthdate, dni, genre, name, surname, cityId) values (600, '16/02/1948', '1339453134', 1, 'Adrianne', 'Grishin', 119);
insert into Student (id, birthdate, dni, genre, name, surname, cityId) values (601, '26/05/1944', '7500172060', 2, 'Rees', 'Coyish', 35);
insert into Student (id, birthdate, dni, genre, name, surname, cityId) values (602, '31/07/1957', '3176525338', 0, 'Stephenie', 'Callis', 215);
insert into Student (id, birthdate, dni, genre, name, surname, cityId) values (603, '17/01/1948', '3859793985', 2, 'Tammie', 'Guile', 170);
insert into Student (id, birthdate, dni, genre, name, surname, cityId) values (604, '26/11/2009', '6236160228', 1, 'Ursola', 'Catterson', 65);
insert into Student (id, birthdate, dni, genre, name, surname, cityId) values (605, '25/01/1955', '3582456250', 2, 'Linnie', 'Pershouse', 53);
insert into Student (id, birthdate, dni, genre, name, surname, cityId) values (606, '04/03/2015', '9455164906', 0, 'Leighton', 'Jozsika', 6);
insert into Student (id, birthdate, dni, genre, name, surname, cityId) values (607, '08/05/1940', '1871570638', 2, 'Philbert', 'Simeoli', 174);
insert into Student (id, birthdate, dni, genre, name, surname, cityId) values (608, '25/11/1939', '5895033997', 0, 'Dewey', 'Ciardo', 27);
insert into Student (id, birthdate, dni, genre, name, surname, cityId) values (609, '23/12/1998', '3815686229', 2, 'Milicent', 'Hallsworth', 81);
insert into Student (id, birthdate, dni, genre, name, surname, cityId) values (610, '28/11/1966', '0025962485', 2, 'Willie', 'Headley', 42);
insert into Student (id, birthdate, dni, genre, name, surname, cityId) values (611, '04/08/1975', '7034489661', 0, 'Odey', 'Ayer', 50);
insert into Student (id, birthdate, dni, genre, name, surname, cityId) values (612, '26/12/1944', '4681996289', 2, 'Adoree', 'Bortolussi', 228);
insert into Student (id, birthdate, dni, genre, name, surname, cityId) values (613, '30/05/1992', '3233825846', 2, 'Eyde', 'Pavlishchev', 15);
insert into Student (id, birthdate, dni, genre, name, surname, cityId) values (614, '26/03/2007', '6814252880', 2, 'Stefan', 'Dench', 77);
insert into Student (id, birthdate, dni, genre, name, surname, cityId) values (615, '25/05/1953', '3731621509', 0, 'Elliott', 'Soaper', 165);
insert into Student (id, birthdate, dni, genre, name, surname, cityId) values (616, '14/08/1934', '0930857658', 0, 'Miles', 'Dummett', 96);
insert into Student (id, birthdate, dni, genre, name, surname, cityId) values (617, '13/09/2002', '7183928918', 0, 'Aldridge', 'Sowte', 37);
insert into Student (id, birthdate, dni, genre, name, surname, cityId) values (618, '04/05/1988', '0107327961', 2, 'Weidar', 'Stilly', 74);
insert into Student (id, birthdate, dni, genre, name, surname, cityId) values (619, '07/11/2013', '5898750479', 0, 'Prissie', 'Lammerich', 53);
insert into Student (id, birthdate, dni, genre, name, surname, cityId) values (620, '23/12/1986', '5675628118', 1, 'Bertie', 'Craney', 96);
insert into Student (id, birthdate, dni, genre, name, surname, cityId) values (621, '09/09/1959', '7660871129', 0, 'Tonia', 'Olensby', 118);
insert into Student (id, birthdate, dni, genre, name, surname, cityId) values (622, '22/11/1956', '3444345968', 0, 'Eran', 'Greber', 195);
insert into Student (id, birthdate, dni, genre, name, surname, cityId) values (623, '22/01/1938', '2139691032', 2, 'Victoir', 'Morgon', 291);
insert into Student (id, birthdate, dni, genre, name, surname, cityId) values (624, '30/04/1938', '7831527842', 1, 'Lizbeth', 'Lukehurst', 270);
insert into Student (id, birthdate, dni, genre, name, surname, cityId) values (625, '13/01/1933', '1512260398', 2, 'Mercedes', 'Gare', 84);
insert into Student (id, birthdate, dni, genre, name, surname, cityId) values (626, '19/01/2010', '9885905855', 1, 'Sissie', 'Rentcome', 75);
insert into Student (id, birthdate, dni, genre, name, surname, cityId) values (627, '11/04/1951', '5430851892', 2, 'Bernadene', 'Valero', 276);
insert into Student (id, birthdate, dni, genre, name, surname, cityId) values (628, '26/01/2018', '1440714576', 1, 'Halette', 'Chasmor', 197);
insert into Student (id, birthdate, dni, genre, name, surname, cityId) values (629, '12/01/1981', '9307477655', 2, 'Marianne', 'Lamberteschi', 81);
insert into Student (id, birthdate, dni, genre, name, surname, cityId) values (630, '07/05/1945', '3189683026', 2, 'Tobit', 'Barus', 21);
insert into Student (id, birthdate, dni, genre, name, surname, cityId) values (631, '22/07/1951', '8858080459', 2, 'Rory', 'Wellstood', 283);
insert into Student (id, birthdate, dni, genre, name, surname, cityId) values (632, '09/10/1998', '3960593198', 2, 'Culver', 'Copcott', 299);
insert into Student (id, birthdate, dni, genre, name, surname, cityId) values (633, '27/10/1952', '5795390631', 2, 'Arvin', 'Hadcroft', 185);
insert into Student (id, birthdate, dni, genre, name, surname, cityId) values (634, '20/07/1992', '4917876737', 1, 'Glynnis', 'Gadsdon', 245);
insert into Student (id, birthdate, dni, genre, name, surname, cityId) values (635, '12/10/1930', '3440250350', 0, 'Minta', 'Donati', 267);
insert into Student (id, birthdate, dni, genre, name, surname, cityId) values (636, '27/12/1984', '1927380391', 1, 'Gregg', 'Burgwyn', 96);
insert into Student (id, birthdate, dni, genre, name, surname, cityId) values (637, '30/08/2007', '5454774065', 2, 'Salvatore', 'Bodycote', 147);
insert into Student (id, birthdate, dni, genre, name, surname, cityId) values (638, '20/04/2001', '8652872805', 1, 'Belicia', 'Parres', 90);
insert into Student (id, birthdate, dni, genre, name, surname, cityId) values (639, '01/05/2005', '0886666481', 2, 'Lorry', 'Wapol', 219);
insert into Student (id, birthdate, dni, genre, name, surname, cityId) values (640, '11/09/1936', '5983848216', 1, 'Terese', 'McIlwain', 12);
insert into Student (id, birthdate, dni, genre, name, surname, cityId) values (641, '20/03/1934', '9104216040', 2, 'Marlie', 'De Zamudio', 240);
insert into Student (id, birthdate, dni, genre, name, surname, cityId) values (642, '25/03/1943', '1295451115', 1, 'Marie-ann', 'Alyoshin', 84);
insert into Student (id, birthdate, dni, genre, name, surname, cityId) values (643, '30/03/1990', '7597451075', 0, 'Emilee', 'Courcey', 226);
insert into Student (id, birthdate, dni, genre, name, surname, cityId) values (644, '03/01/1975', '0281662134', 2, 'Amery', 'Nickels', 121);
insert into Student (id, birthdate, dni, genre, name, surname, cityId) values (645, '05/02/1946', '3093174740', 0, 'Moritz', 'Balam', 27);
insert into Student (id, birthdate, dni, genre, name, surname, cityId) values (646, '25/01/1948', '1210529076', 0, 'Cary', 'Brownhill', 258);
insert into Student (id, birthdate, dni, genre, name, surname, cityId) values (647, '08/09/1947', '8250319826', 2, 'Vasily', 'Whipple', 252);
insert into Student (id, birthdate, dni, genre, name, surname, cityId) values (648, '30/03/2002', '9123416378', 0, 'Steffen', 'Visick', 247);
insert into Student (id, birthdate, dni, genre, name, surname, cityId) values (649, '07/12/1977', '6575777023', 1, 'Nettie', 'Jowett', 181);
insert into Student (id, birthdate, dni, genre, name, surname, cityId) values (650, '15/02/2018', '5742894236', 0, 'Haily', 'Kahan', 8);
insert into Student (id, birthdate, dni, genre, name, surname, cityId) values (651, '13/05/1990', '4234412430', 2, 'Nikolia', 'Eckhard', 158);
insert into Student (id, birthdate, dni, genre, name, surname, cityId) values (652, '17/02/1942', '5738428293', 2, 'Arlen', 'Bulfield', 195);
insert into Student (id, birthdate, dni, genre, name, surname, cityId) values (653, '10/07/1980', '7096159541', 2, 'Niels', 'Torfin', 280);
insert into Student (id, birthdate, dni, genre, name, surname, cityId) values (654, '19/06/1987', '2015890017', 1, 'Celinda', 'Maciunas', 196);
insert into Student (id, birthdate, dni, genre, name, surname, cityId) values (655, '09/05/2013', '2414753242', 0, 'Pattie', 'Andriss', 120);
insert into Student (id, birthdate, dni, genre, name, surname, cityId) values (656, '21/02/1962', '2797676602', 0, 'Gilles', 'Trevaskis', 59);
insert into Student (id, birthdate, dni, genre, name, surname, cityId) values (657, '13/09/1990', '3691079474', 0, 'Belinda', 'Lawly', 2);
insert into Student (id, birthdate, dni, genre, name, surname, cityId) values (658, '13/01/2007', '2341436749', 0, 'Abeu', 'Izhak', 161);
insert into Student (id, birthdate, dni, genre, name, surname, cityId) values (659, '31/08/1985', '7422788860', 1, 'Cherrita', 'Gonthier', 17);
insert into Student (id, birthdate, dni, genre, name, surname, cityId) values (660, '24/07/1969', '9002934033', 2, 'Corrinne', 'Overal', 278);
insert into Student (id, birthdate, dni, genre, name, surname, cityId) values (661, '12/09/1955', '2090163402', 1, 'Marilin', 'McGeachie', 16);
insert into Student (id, birthdate, dni, genre, name, surname, cityId) values (662, '13/06/2013', '1773202642', 1, 'Rickie', 'McPartlin', 218);
insert into Student (id, birthdate, dni, genre, name, surname, cityId) values (663, '23/12/1976', '7489796458', 0, 'Ibbie', 'Danieli', 277);
insert into Student (id, birthdate, dni, genre, name, surname, cityId) values (664, '06/12/1967', '9182064148', 0, 'Maxie', 'Pitherick', 125);
insert into Student (id, birthdate, dni, genre, name, surname, cityId) values (665, '29/06/1952', '8143018016', 0, 'Chloette', 'Angelo', 96);
insert into Student (id, birthdate, dni, genre, name, surname, cityId) values (666, '13/01/2015', '5075071317', 1, 'Taber', 'Pridding', 31);
insert into Student (id, birthdate, dni, genre, name, surname, cityId) values (667, '03/04/1963', '0463691083', 0, 'Waylon', 'Batters', 188);
insert into Student (id, birthdate, dni, genre, name, surname, cityId) values (668, '14/01/1960', '5704822045', 1, 'Flossie', 'Cargenven', 98);
insert into Student (id, birthdate, dni, genre, name, surname, cityId) values (669, '01/07/1970', '6275917202', 1, 'Drusilla', 'Larroway', 98);
insert into Student (id, birthdate, dni, genre, name, surname, cityId) values (670, '27/06/1974', '3938431814', 0, 'Tannie', 'Roycroft', 141);
insert into Student (id, birthdate, dni, genre, name, surname, cityId) values (671, '25/04/1948', '7944658780', 2, 'Todd', 'Son', 228);
insert into Student (id, birthdate, dni, genre, name, surname, cityId) values (672, '13/01/1971', '3497516716', 2, 'Loria', 'Simonou', 74);
insert into Student (id, birthdate, dni, genre, name, surname, cityId) values (673, '30/10/1968', '3978667401', 2, 'Sallie', 'MacTague', 108);
insert into Student (id, birthdate, dni, genre, name, surname, cityId) values (674, '19/05/1972', '5216900101', 1, 'Any', 'MacDonell', 77);
insert into Student (id, birthdate, dni, genre, name, surname, cityId) values (675, '08/01/1955', '6459455791', 0, 'Jolie', 'Havile', 231);
insert into Student (id, birthdate, dni, genre, name, surname, cityId) values (676, '10/01/1943', '5895282970', 0, 'Herminia', 'Gilluley', 251);
insert into Student (id, birthdate, dni, genre, name, surname, cityId) values (677, '10/03/1972', '4049697300', 0, 'Elvyn', 'Covolini', 257);
insert into Student (id, birthdate, dni, genre, name, surname, cityId) values (678, '24/07/1961', '5204803335', 2, 'Yulma', 'Toffanelli', 168);
insert into Student (id, birthdate, dni, genre, name, surname, cityId) values (679, '16/07/1986', '1186235187', 0, 'Rhodia', 'Coddrington', 123);
insert into Student (id, birthdate, dni, genre, name, surname, cityId) values (680, '03/01/1930', '4138681027', 1, 'Dion', 'Eckley', 185);
insert into Student (id, birthdate, dni, genre, name, surname, cityId) values (681, '24/08/2016', '4008266380', 0, 'Pepita', 'Gorringe', 300);
insert into Student (id, birthdate, dni, genre, name, surname, cityId) values (682, '04/08/2012', '5850914781', 0, 'Agna', 'McLaughlin', 110);
insert into Student (id, birthdate, dni, genre, name, surname, cityId) values (683, '28/09/2017', '7484088277', 2, 'Essa', 'Riep', 137);
insert into Student (id, birthdate, dni, genre, name, surname, cityId) values (684, '09/02/1973', '7229230942', 2, 'Violet', 'Raccio', 44);
insert into Student (id, birthdate, dni, genre, name, surname, cityId) values (685, '06/12/1958', '1985585111', 0, 'Fae', 'Falkous', 183);
insert into Student (id, birthdate, dni, genre, name, surname, cityId) values (686, '28/01/2015', '4149515638', 2, 'Cookie', 'Prazer', 193);
insert into Student (id, birthdate, dni, genre, name, surname, cityId) values (687, '23/10/2010', '4841741747', 2, 'Mildrid', 'Edgcombe', 288);
insert into Student (id, birthdate, dni, genre, name, surname, cityId) values (688, '13/12/1931', '3837821366', 2, 'Horatius', 'Listone', 168);
insert into Student (id, birthdate, dni, genre, name, surname, cityId) values (689, '24/10/1955', '1499483279', 1, 'Odelle', 'Floyd', 278);
insert into Student (id, birthdate, dni, genre, name, surname, cityId) values (690, '20/08/2003', '1219405159', 1, 'Tiffanie', 'Milbourne', 151);
insert into Student (id, birthdate, dni, genre, name, surname, cityId) values (691, '02/09/2017', '5083732300', 1, 'Kellia', 'Campsall', 89);
insert into Student (id, birthdate, dni, genre, name, surname, cityId) values (692, '20/02/2011', '3525219369', 1, 'Horten', 'Marcoolyn', 176);
insert into Student (id, birthdate, dni, genre, name, surname, cityId) values (693, '10/01/2014', '6580092475', 1, 'Haroun', 'Scolding', 29);
insert into Student (id, birthdate, dni, genre, name, surname, cityId) values (694, '04/08/1961', '1758401303', 0, 'Udall', 'Handover', 119);
insert into Student (id, birthdate, dni, genre, name, surname, cityId) values (695, '31/07/1988', '0522918212', 0, 'Larisa', 'Whyteman', 89);
insert into Student (id, birthdate, dni, genre, name, surname, cityId) values (696, '08/01/2005', '3718473593', 2, 'Rosana', 'Annand', 8);
insert into Student (id, birthdate, dni, genre, name, surname, cityId) values (697, '22/01/2012', '7159806204', 1, 'Dorothee', 'Dudgeon', 90);
insert into Student (id, birthdate, dni, genre, name, surname, cityId) values (698, '30/12/1934', '2075730687', 0, 'Claudie', 'Overnell', 205);
insert into Student (id, birthdate, dni, genre, name, surname, cityId) values (699, '18/09/1975', '0305515705', 0, 'Ethan', 'Edgerly', 82);
insert into Student (id, birthdate, dni, genre, name, surname, cityId) values (700, '31/10/1992', '5092842857', 1, 'Woodie', 'Dehn', 118);
insert into Student (id, birthdate, dni, genre, name, surname, cityId) values (701, '18/03/2003', '2189139252', 1, 'Lanni', 'Trimble', 33);
insert into Student (id, birthdate, dni, genre, name, surname, cityId) values (702, '25/12/1968', '0789527545', 2, 'Jared', 'Lehr', 252);
insert into Student (id, birthdate, dni, genre, name, surname, cityId) values (703, '17/08/2015', '4005944299', 1, 'Shel', 'Prall', 72);
insert into Student (id, birthdate, dni, genre, name, surname, cityId) values (704, '07/01/2008', '4954540534', 0, 'Karney', 'Spyby', 94);
insert into Student (id, birthdate, dni, genre, name, surname, cityId) values (705, '20/06/1998', '3229402782', 2, 'Duff', 'Glasscoo', 48);
insert into Student (id, birthdate, dni, genre, name, surname, cityId) values (706, '23/12/1940', '2878331281', 2, 'Gerardo', 'Digginson', 233);
insert into Student (id, birthdate, dni, genre, name, surname, cityId) values (707, '23/05/2015', '8938737241', 0, 'Hi', 'Fesby', 98);
insert into Student (id, birthdate, dni, genre, name, surname, cityId) values (708, '26/06/2014', '3188853599', 1, 'Grace', 'Dowears', 268);
insert into Student (id, birthdate, dni, genre, name, surname, cityId) values (709, '04/06/2014', '6463936804', 2, 'Sidnee', 'McSporrin', 123);
insert into Student (id, birthdate, dni, genre, name, surname, cityId) values (710, '03/01/1981', '5534810130', 1, 'Matthiew', 'Daens', 160);
insert into Student (id, birthdate, dni, genre, name, surname, cityId) values (711, '11/05/1962', '4351436360', 1, 'Morty', 'Berkowitz', 152);
insert into Student (id, birthdate, dni, genre, name, surname, cityId) values (712, '18/01/1965', '2300493799', 2, 'Flint', 'Ibotson', 154);
insert into Student (id, birthdate, dni, genre, name, surname, cityId) values (713, '19/07/1940', '2915263914', 0, 'Tracey', 'Ingles', 192);
insert into Student (id, birthdate, dni, genre, name, surname, cityId) values (714, '15/08/1981', '4417615896', 1, 'Kim', 'Humbles', 53);
insert into Student (id, birthdate, dni, genre, name, surname, cityId) values (715, '27/12/1940', '6206905063', 0, 'Patricio', 'Uphill', 222);
insert into Student (id, birthdate, dni, genre, name, surname, cityId) values (716, '20/05/1947', '5664426217', 1, 'Dillie', 'Paulack', 19);
insert into Student (id, birthdate, dni, genre, name, surname, cityId) values (717, '25/12/1994', '1497997399', 1, 'Merrile', 'McCluney', 44);
insert into Student (id, birthdate, dni, genre, name, surname, cityId) values (718, '20/01/1971', '0821129074', 1, 'Teodoor', 'Puleque', 81);
insert into Student (id, birthdate, dni, genre, name, surname, cityId) values (719, '27/12/2019', '2706948809', 2, 'Diannne', 'Mattson', 272);
insert into Student (id, birthdate, dni, genre, name, surname, cityId) values (720, '12/09/1962', '5981100036', 1, 'Hasty', 'Heatherington', 39);
insert into Student (id, birthdate, dni, genre, name, surname, cityId) values (721, '17/09/1986', '2548585506', 0, 'Andie', 'Barradell', 168);
insert into Student (id, birthdate, dni, genre, name, surname, cityId) values (722, '15/02/1941', '1328395790', 1, 'Jock', 'Grichukhin', 102);
insert into Student (id, birthdate, dni, genre, name, surname, cityId) values (723, '28/06/1973', '8869914356', 1, 'Kyrstin', 'Danilchev', 228);
insert into Student (id, birthdate, dni, genre, name, surname, cityId) values (724, '02/07/2019', '1096649217', 1, 'Sallyann', 'Paddie', 57);
insert into Student (id, birthdate, dni, genre, name, surname, cityId) values (725, '27/11/1948', '6001004226', 0, 'Coraline', 'Mosconi', 127);
insert into Student (id, birthdate, dni, genre, name, surname, cityId) values (726, '03/04/2010', '4285172836', 1, 'Grantham', 'Braidwood', 208);
insert into Student (id, birthdate, dni, genre, name, surname, cityId) values (727, '22/06/1999', '4189676721', 1, 'Jerrold', 'Wybourne', 188);
insert into Student (id, birthdate, dni, genre, name, surname, cityId) values (728, '12/04/1975', '6021029321', 1, 'Jody', 'Jojic', 206);
insert into Student (id, birthdate, dni, genre, name, surname, cityId) values (729, '06/05/2001', '8712713627', 1, 'Susana', 'Linfitt', 65);
insert into Student (id, birthdate, dni, genre, name, surname, cityId) values (730, '31/10/1950', '4105744771', 0, 'Olimpia', 'Derye-Barrett', 201);
insert into Student (id, birthdate, dni, genre, name, surname, cityId) values (731, '19/04/1979', '4018978952', 2, 'Tab', 'McConville', 249);
insert into Student (id, birthdate, dni, genre, name, surname, cityId) values (732, '20/01/1957', '4568357764', 2, 'Van', 'Schuchmacher', 220);
insert into Student (id, birthdate, dni, genre, name, surname, cityId) values (733, '22/08/2014', '7152892598', 0, 'Doe', 'Aylmer', 268);
insert into Student (id, birthdate, dni, genre, name, surname, cityId) values (734, '30/10/1990', '0877455163', 2, 'Rozanna', 'Reville', 135);
insert into Student (id, birthdate, dni, genre, name, surname, cityId) values (735, '14/08/1943', '3888609232', 1, 'Darrell', 'Flintiff', 125);
insert into Student (id, birthdate, dni, genre, name, surname, cityId) values (736, '23/09/2019', '0309314127', 1, 'Margaretta', 'Garrigan', 184);
insert into Student (id, birthdate, dni, genre, name, surname, cityId) values (737, '27/04/1969', '2919195522', 1, 'Dory', 'Tubbs', 192);
insert into Student (id, birthdate, dni, genre, name, surname, cityId) values (738, '26/02/1956', '6316330642', 2, 'Northrop', 'Scollard', 198);
insert into Student (id, birthdate, dni, genre, name, surname, cityId) values (739, '23/03/1972', '5427949151', 2, 'Carlen', 'Moniker', 276);
insert into Student (id, birthdate, dni, genre, name, surname, cityId) values (740, '02/06/1981', '7688688310', 1, 'Dulcy', 'todor', 112);
insert into Student (id, birthdate, dni, genre, name, surname, cityId) values (741, '12/01/2006', '1414136927', 2, 'Isac', 'Dunbleton', 283);
insert into Student (id, birthdate, dni, genre, name, surname, cityId) values (742, '20/03/1962', '8718385222', 0, 'Dorita', 'Greatbank', 15);
insert into Student (id, birthdate, dni, genre, name, surname, cityId) values (743, '03/09/2013', '1406661880', 1, 'Claribel', 'Pirolini', 184);
insert into Student (id, birthdate, dni, genre, name, surname, cityId) values (744, '26/08/1937', '7282285403', 0, 'Tera', 'Synnot', 278);
insert into Student (id, birthdate, dni, genre, name, surname, cityId) values (745, '20/07/1950', '2070044483', 0, 'Enoch', 'Metts', 240);
insert into Student (id, birthdate, dni, genre, name, surname, cityId) values (746, '15/04/1989', '7695667714', 1, 'Yorke', 'Pegden', 188);
insert into Student (id, birthdate, dni, genre, name, surname, cityId) values (747, '06/08/2000', '6009964474', 1, 'Francyne', 'Kimmons', 104);
insert into Student (id, birthdate, dni, genre, name, surname, cityId) values (748, '15/11/2016', '5496733332', 2, 'Ravi', 'Ovise', 199);
insert into Student (id, birthdate, dni, genre, name, surname, cityId) values (749, '11/09/1999', '0702460044', 2, 'Osgood', 'Hallowell', 4);
insert into Student (id, birthdate, dni, genre, name, surname, cityId) values (750, '18/10/2002', '6393358092', 1, 'Suki', 'Stoves', 45);
insert into Student (id, birthdate, dni, genre, name, surname, cityId) values (751, '12/07/2017', '9688005460', 2, 'Celine', 'Roswarn', 49);
insert into Student (id, birthdate, dni, genre, name, surname, cityId) values (752, '09/03/1936', '7050478865', 0, 'Marrilee', 'Lackemann', 47);
insert into Student (id, birthdate, dni, genre, name, surname, cityId) values (753, '19/12/2010', '6035593941', 1, 'Harriott', 'Battman', 258);
insert into Student (id, birthdate, dni, genre, name, surname, cityId) values (754, '11/07/1979', '6515043066', 1, 'Hattie', 'MacLennan', 18);
insert into Student (id, birthdate, dni, genre, name, surname, cityId) values (755, '03/07/1985', '0360020283', 1, 'Broddie', 'Paget', 255);
insert into Student (id, birthdate, dni, genre, name, surname, cityId) values (756, '16/08/2012', '1597257923', 2, 'Marybelle', 'Cobbold', 164);
insert into Student (id, birthdate, dni, genre, name, surname, cityId) values (757, '26/08/1984', '4606497572', 1, 'Merry', 'Jeaycock', 226);
insert into Student (id, birthdate, dni, genre, name, surname, cityId) values (758, '30/01/1945', '0641492103', 2, 'Yoshi', 'Lantiffe', 125);
insert into Student (id, birthdate, dni, genre, name, surname, cityId) values (759, '27/03/1954', '6193828583', 1, 'Felicle', 'Wallen', 50);
insert into Student (id, birthdate, dni, genre, name, surname, cityId) values (760, '15/07/2008', '7434359528', 1, 'Benedikta', 'Kirley', 69);
insert into Student (id, birthdate, dni, genre, name, surname, cityId) values (761, '12/08/2007', '4699052088', 0, 'Brianne', 'Undrell', 226);
insert into Student (id, birthdate, dni, genre, name, surname, cityId) values (762, '28/12/1990', '9947674118', 2, 'Bryant', 'Montford', 140);
insert into Student (id, birthdate, dni, genre, name, surname, cityId) values (763, '30/06/1985', '0207163529', 0, 'Hallie', 'Dahill', 145);
insert into Student (id, birthdate, dni, genre, name, surname, cityId) values (764, '18/06/1983', '7052807378', 1, 'Niccolo', 'Davey', 269);
insert into Student (id, birthdate, dni, genre, name, surname, cityId) values (765, '27/12/1999', '1462134955', 2, 'Doug', 'Abrashkin', 291);
insert into Student (id, birthdate, dni, genre, name, surname, cityId) values (766, '07/09/1941', '7697730367', 2, 'Vance', 'Monan', 131);
insert into Student (id, birthdate, dni, genre, name, surname, cityId) values (767, '26/05/1987', '3356459848', 0, 'Mireille', 'Accombe', 134);
insert into Student (id, birthdate, dni, genre, name, surname, cityId) values (768, '23/08/1980', '5427601643', 2, 'Ragnar', 'Bartle', 223);
insert into Student (id, birthdate, dni, genre, name, surname, cityId) values (769, '01/01/1949', '8386195304', 2, 'Delphinia', 'Vogelein', 222);
insert into Student (id, birthdate, dni, genre, name, surname, cityId) values (770, '29/07/1992', '5939824579', 2, 'Caralie', 'Beddoe', 168);
insert into Student (id, birthdate, dni, genre, name, surname, cityId) values (771, '01/07/1968', '9513593681', 2, 'Tedda', 'Horrod', 210);
insert into Student (id, birthdate, dni, genre, name, surname, cityId) values (772, '10/06/2006', '0697702898', 2, 'Tedra', 'Devey', 26);
insert into Student (id, birthdate, dni, genre, name, surname, cityId) values (773, '18/02/2015', '9931408081', 2, 'Nalani', 'Titmuss', 223);
insert into Student (id, birthdate, dni, genre, name, surname, cityId) values (774, '27/08/1997', '1736334301', 1, 'Ashia', 'Jones', 102);
insert into Student (id, birthdate, dni, genre, name, surname, cityId) values (775, '26/04/1947', '5403616942', 2, 'Shelia', 'Kelner', 273);
insert into Student (id, birthdate, dni, genre, name, surname, cityId) values (776, '26/01/1993', '5506709048', 0, 'Chrissie', 'Pasley', 31);
insert into Student (id, birthdate, dni, genre, name, surname, cityId) values (777, '06/05/1969', '6660970630', 2, 'Karoline', 'Burden', 5);
insert into Student (id, birthdate, dni, genre, name, surname, cityId) values (778, '28/03/1957', '1198895071', 1, 'Quintina', 'Neicho', 200);
insert into Student (id, birthdate, dni, genre, name, surname, cityId) values (779, '29/06/1978', '5130992776', 1, 'Ogdon', 'Potteridge', 80);
insert into Student (id, birthdate, dni, genre, name, surname, cityId) values (780, '06/01/1967', '0524123446', 2, 'Lauretta', 'Screen', 170);
insert into Student (id, birthdate, dni, genre, name, surname, cityId) values (781, '25/06/1993', '7496180130', 1, 'Arvie', 'Pennini', 231);
insert into Student (id, birthdate, dni, genre, name, surname, cityId) values (782, '23/11/1992', '5522396202', 1, 'Chickie', 'Rizzetti', 272);
insert into Student (id, birthdate, dni, genre, name, surname, cityId) values (783, '05/06/1946', '5747657046', 0, 'Anette', 'Reuter', 154);
insert into Student (id, birthdate, dni, genre, name, surname, cityId) values (784, '14/05/2005', '8394936431', 0, 'Theo', 'Carley', 178);
insert into Student (id, birthdate, dni, genre, name, surname, cityId) values (785, '19/08/1948', '7660138502', 1, 'Talyah', 'Ellingham', 106);
insert into Student (id, birthdate, dni, genre, name, surname, cityId) values (786, '08/04/1948', '3028418851', 1, 'Dunc', 'Studman', 196);
insert into Student (id, birthdate, dni, genre, name, surname, cityId) values (787, '06/07/2001', '0215229061', 0, 'Worden', 'Miguel', 224);
insert into Student (id, birthdate, dni, genre, name, surname, cityId) values (788, '22/04/1937', '4057799451', 2, 'Terza', 'Muat', 212);
insert into Student (id, birthdate, dni, genre, name, surname, cityId) values (789, '08/02/1940', '1318219868', 1, 'Judon', 'Dengate', 270);
insert into Student (id, birthdate, dni, genre, name, surname, cityId) values (790, '26/05/1931', '8858865634', 2, 'Hildegarde', 'Brattell', 107);
insert into Student (id, birthdate, dni, genre, name, surname, cityId) values (791, '01/01/2016', '5848874131', 1, 'El', 'Bourrel', 72);
insert into Student (id, birthdate, dni, genre, name, surname, cityId) values (792, '20/02/1946', '4344531922', 0, 'Selie', 'Gain', 13);
insert into Student (id, birthdate, dni, genre, name, surname, cityId) values (793, '13/01/2001', '6406860497', 2, 'Lacey', 'Antonioni', 85);
insert into Student (id, birthdate, dni, genre, name, surname, cityId) values (794, '05/03/1989', '1138349658', 2, 'Winna', 'Hoggin', 17);
insert into Student (id, birthdate, dni, genre, name, surname, cityId) values (795, '16/09/2001', '6711589807', 0, 'Manolo', 'Mapham', 96);
insert into Student (id, birthdate, dni, genre, name, surname, cityId) values (796, '21/05/1982', '4146918723', 0, 'Foss', 'Maylott', 82);
insert into Student (id, birthdate, dni, genre, name, surname, cityId) values (797, '24/07/1990', '7523090109', 2, 'Hinda', 'MacIlhargy', 113);
insert into Student (id, birthdate, dni, genre, name, surname, cityId) values (798, '28/10/2010', '4424468690', 0, 'Kaia', 'Maud', 8);
insert into Student (id, birthdate, dni, genre, name, surname, cityId) values (799, '11/05/1974', '6123529722', 0, 'Heddi', 'Perview', 158);
insert into Student (id, birthdate, dni, genre, name, surname, cityId) values (800, '01/04/1989', '4808029375', 2, 'Juliann', 'Kundert', 131);
insert into Student (id, birthdate, dni, genre, name, surname, cityId) values (801, '20/08/1968', '0454316151', 1, 'Reinhold', 'Maharey', 212);
insert into Student (id, birthdate, dni, genre, name, surname, cityId) values (802, '25/05/1997', '0189514876', 2, 'Moina', 'Melvin', 85);
insert into Student (id, birthdate, dni, genre, name, surname, cityId) values (803, '01/02/1987', '9716700261', 0, 'Salomo', 'Wiffield', 178);
insert into Student (id, birthdate, dni, genre, name, surname, cityId) values (804, '20/05/1944', '7291129354', 1, 'Anjela', 'Zorzi', 142);
insert into Student (id, birthdate, dni, genre, name, surname, cityId) values (805, '21/08/1938', '0307886212', 1, 'Raimundo', 'Sima', 86);
insert into Student (id, birthdate, dni, genre, name, surname, cityId) values (806, '29/11/1967', '7853884915', 1, 'Theo', 'Gannicott', 142);
insert into Student (id, birthdate, dni, genre, name, surname, cityId) values (807, '15/05/1946', '9592159718', 1, 'Jaine', 'Zelake', 169);
insert into Student (id, birthdate, dni, genre, name, surname, cityId) values (808, '07/01/1941', '4539652656', 1, 'Paul', 'Coning', 252);
insert into Student (id, birthdate, dni, genre, name, surname, cityId) values (809, '20/03/1948', '7294617597', 0, 'Carolann', 'Pawlicki', 130);
insert into Student (id, birthdate, dni, genre, name, surname, cityId) values (810, '16/08/1955', '4746498776', 1, 'Gilberta', 'Ivashin', 206);
insert into Student (id, birthdate, dni, genre, name, surname, cityId) values (811, '25/03/2006', '3898761428', 2, 'Charlean', 'Fuzzard', 172);
insert into Student (id, birthdate, dni, genre, name, surname, cityId) values (812, '17/12/1935', '3944745302', 2, 'Georgianna', 'Webbe', 217);
insert into Student (id, birthdate, dni, genre, name, surname, cityId) values (813, '20/11/2011', '3407070470', 1, 'Barbi', 'Dei', 108);
insert into Student (id, birthdate, dni, genre, name, surname, cityId) values (814, '31/08/1949', '2721229753', 2, 'Rubin', 'Glander', 128);
insert into Student (id, birthdate, dni, genre, name, surname, cityId) values (815, '28/05/1985', '3815753368', 2, 'Jeana', 'Cregan', 47);
insert into Student (id, birthdate, dni, genre, name, surname, cityId) values (816, '15/05/1964', '8863542848', 1, 'Tedman', 'Broune', 173);
insert into Student (id, birthdate, dni, genre, name, surname, cityId) values (817, '18/07/1960', '0731991575', 0, 'Ricky', 'Redmain', 39);
insert into Student (id, birthdate, dni, genre, name, surname, cityId) values (818, '19/02/1930', '9069237687', 0, 'Elvira', 'Osborne', 103);
insert into Student (id, birthdate, dni, genre, name, surname, cityId) values (819, '15/11/1990', '2076230246', 1, 'Loralyn', 'Whitehouse', 89);
insert into Student (id, birthdate, dni, genre, name, surname, cityId) values (820, '11/03/1981', '3278162811', 2, 'Delinda', 'Fritchly', 34);
insert into Student (id, birthdate, dni, genre, name, surname, cityId) values (821, '24/07/1942', '6629553993', 1, 'Nerte', 'Gulliford', 30);
insert into Student (id, birthdate, dni, genre, name, surname, cityId) values (822, '05/07/1989', '4492865322', 0, 'Meredith', 'Niblock', 111);
insert into Student (id, birthdate, dni, genre, name, surname, cityId) values (823, '16/05/1980', '8454547401', 0, 'Millicent', 'Fitchet', 69);
insert into Student (id, birthdate, dni, genre, name, surname, cityId) values (824, '05/05/2015', '6683400288', 2, 'Benedick', 'Sottell', 28);
insert into Student (id, birthdate, dni, genre, name, surname, cityId) values (825, '04/06/2010', '2304358764', 2, 'Ken', 'Paydon', 156);
insert into Student (id, birthdate, dni, genre, name, surname, cityId) values (826, '20/02/1956', '8432213640', 2, 'Arty', 'Elven', 235);
insert into Student (id, birthdate, dni, genre, name, surname, cityId) values (827, '07/08/1966', '5072227642', 1, 'Rania', 'Feaveer', 284);
insert into Student (id, birthdate, dni, genre, name, surname, cityId) values (828, '20/06/1996', '6134263478', 0, 'Christyna', 'Flori', 7);
insert into Student (id, birthdate, dni, genre, name, surname, cityId) values (829, '14/04/1949', '8379709969', 2, 'Pierre', 'Chaudret', 190);
insert into Student (id, birthdate, dni, genre, name, surname, cityId) values (830, '03/12/1958', '9573219581', 0, 'Koressa', 'Brimfield', 125);
insert into Student (id, birthdate, dni, genre, name, surname, cityId) values (831, '03/07/1966', '7372895103', 1, 'Aleksandr', 'O''Cridigan', 292);
insert into Student (id, birthdate, dni, genre, name, surname, cityId) values (832, '05/05/1983', '8526932292', 1, 'Gabriel', 'Pabel', 18);
insert into Student (id, birthdate, dni, genre, name, surname, cityId) values (833, '27/03/2015', '2269224787', 2, 'Scotti', 'Waycott', 89);
insert into Student (id, birthdate, dni, genre, name, surname, cityId) values (834, '21/02/1977', '9605320029', 1, 'Vlad', 'Oaks', 201);
insert into Student (id, birthdate, dni, genre, name, surname, cityId) values (835, '03/01/1945', '3811012762', 0, 'Richmound', 'Dowd', 18);
insert into Student (id, birthdate, dni, genre, name, surname, cityId) values (836, '06/03/1957', '9136374768', 0, 'Raffaello', 'Sidebottom', 106);
insert into Student (id, birthdate, dni, genre, name, surname, cityId) values (837, '09/10/2010', '4581605458', 2, 'Justis', 'Rampley', 116);
insert into Student (id, birthdate, dni, genre, name, surname, cityId) values (838, '08/03/1999', '3345929422', 1, 'Yul', 'Lanmeid', 90);
insert into Student (id, birthdate, dni, genre, name, surname, cityId) values (839, '27/01/2007', '7851497027', 0, 'Moise', 'Kreuzer', 129);
insert into Student (id, birthdate, dni, genre, name, surname, cityId) values (840, '11/03/1998', '4155523116', 1, 'Elvera', 'Oliver-Paull', 99);
insert into Student (id, birthdate, dni, genre, name, surname, cityId) values (841, '03/03/1977', '8570621345', 1, 'Benton', 'Mattei', 28);
insert into Student (id, birthdate, dni, genre, name, surname, cityId) values (842, '01/08/1958', '7277360702', 0, 'Lucia', 'Baser', 21);
insert into Student (id, birthdate, dni, genre, name, surname, cityId) values (843, '02/05/1968', '2185012487', 0, 'Robinett', 'Emmines', 167);
insert into Student (id, birthdate, dni, genre, name, surname, cityId) values (844, '11/06/2016', '3255078695', 0, 'Billi', 'Sawdy', 202);
insert into Student (id, birthdate, dni, genre, name, surname, cityId) values (845, '14/07/1999', '9227063021', 1, 'Barr', 'Banaszkiewicz', 159);
insert into Student (id, birthdate, dni, genre, name, surname, cityId) values (846, '19/05/1974', '2262476063', 0, 'Dov', 'Knutsen', 74);
insert into Student (id, birthdate, dni, genre, name, surname, cityId) values (847, '27/11/1992', '4231586535', 1, 'Kaitlynn', 'Braitling', 54);
insert into Student (id, birthdate, dni, genre, name, surname, cityId) values (848, '17/11/1932', '7730136597', 2, 'Tina', 'Freestone', 250);
insert into Student (id, birthdate, dni, genre, name, surname, cityId) values (849, '21/05/1967', '1223224031', 0, 'Caryl', 'Claybourne', 16);
insert into Student (id, birthdate, dni, genre, name, surname, cityId) values (850, '13/08/1982', '4257816929', 2, 'Lorettalorna', 'Musson', 157);
insert into Student (id, birthdate, dni, genre, name, surname, cityId) values (851, '22/06/1949', '0234462469', 1, 'Gwenore', 'Farlham', 82);
insert into Student (id, birthdate, dni, genre, name, surname, cityId) values (852, '11/11/1934', '4205363494', 1, 'Edlin', 'Johns', 34);
insert into Student (id, birthdate, dni, genre, name, surname, cityId) values (853, '02/06/1972', '2612921044', 0, 'Raleigh', 'Woodus', 52);
insert into Student (id, birthdate, dni, genre, name, surname, cityId) values (854, '26/02/1933', '5267230669', 2, 'Hillary', 'MacFall', 134);
insert into Student (id, birthdate, dni, genre, name, surname, cityId) values (855, '01/07/1961', '7220815875', 1, 'Fifi', 'Brunsen', 117);
insert into Student (id, birthdate, dni, genre, name, surname, cityId) values (856, '14/08/2005', '3957141680', 1, 'Tamarah', 'MacGaughy', 260);
insert into Student (id, birthdate, dni, genre, name, surname, cityId) values (857, '21/03/1949', '0652713149', 1, 'Nissa', 'Tomkys', 266);
insert into Student (id, birthdate, dni, genre, name, surname, cityId) values (858, '06/08/1964', '5779328528', 0, 'Nataline', 'Goodinson', 242);
insert into Student (id, birthdate, dni, genre, name, surname, cityId) values (859, '01/02/1959', '4552939246', 1, 'Magdaia', 'Mattocks', 127);
insert into Student (id, birthdate, dni, genre, name, surname, cityId) values (860, '05/01/1970', '0365695068', 0, 'Doralia', 'Santer', 58);
insert into Student (id, birthdate, dni, genre, name, surname, cityId) values (861, '08/06/1995', '9486000689', 2, 'Ursuline', 'Charnock', 227);
insert into Student (id, birthdate, dni, genre, name, surname, cityId) values (862, '14/07/1974', '3592149881', 0, 'Hazel', 'Cherry', 294);
insert into Student (id, birthdate, dni, genre, name, surname, cityId) values (863, '11/08/2016', '6910930568', 1, 'Crissy', 'Boothman', 45);
insert into Student (id, birthdate, dni, genre, name, surname, cityId) values (864, '14/09/1958', '6722745325', 0, 'Izzy', 'Lydiate', 229);
insert into Student (id, birthdate, dni, genre, name, surname, cityId) values (865, '12/05/1945', '6390698089', 0, 'Audrey', 'Dyhouse', 255);
insert into Student (id, birthdate, dni, genre, name, surname, cityId) values (866, '10/03/1970', '2808612192', 0, 'Rustin', 'Dalziel', 102);
insert into Student (id, birthdate, dni, genre, name, surname, cityId) values (867, '18/07/1940', '6547487741', 0, 'Theressa', 'Kassman', 226);
insert into Student (id, birthdate, dni, genre, name, surname, cityId) values (868, '26/01/1993', '1222692384', 0, 'Wernher', 'Matthaus', 143);
insert into Student (id, birthdate, dni, genre, name, surname, cityId) values (869, '29/04/2003', '3822715956', 1, 'Alfonse', 'Borrel', 277);
insert into Student (id, birthdate, dni, genre, name, surname, cityId) values (870, '07/04/1939', '6916807083', 2, 'Vinson', 'Swafield', 227);
insert into Student (id, birthdate, dni, genre, name, surname, cityId) values (871, '30/09/1987', '9198684981', 0, 'Walt', 'Wakelam', 165);
insert into Student (id, birthdate, dni, genre, name, surname, cityId) values (872, '22/08/1987', '7681062211', 0, 'Bonnibelle', 'Aleksandrev', 28);
insert into Student (id, birthdate, dni, genre, name, surname, cityId) values (873, '08/04/1931', '0557509858', 1, 'Jeannette', 'Leighfield', 113);
insert into Student (id, birthdate, dni, genre, name, surname, cityId) values (874, '17/05/1942', '6315818749', 1, 'Margareta', 'Cluney', 85);
insert into Student (id, birthdate, dni, genre, name, surname, cityId) values (875, '02/08/1977', '9933677934', 1, 'Giana', 'Erni', 62);
insert into Student (id, birthdate, dni, genre, name, surname, cityId) values (876, '31/10/1991', '2756159131', 0, 'Marget', 'Deshon', 61);
insert into Student (id, birthdate, dni, genre, name, surname, cityId) values (877, '15/04/1974', '9437171572', 0, 'Rania', 'Tolomei', 163);
insert into Student (id, birthdate, dni, genre, name, surname, cityId) values (878, '17/02/1934', '1670624218', 0, 'Laurice', 'Sherington', 86);
insert into Student (id, birthdate, dni, genre, name, surname, cityId) values (879, '09/04/2005', '1919881328', 1, 'Myrtice', 'Fotheringham', 233);
insert into Student (id, birthdate, dni, genre, name, surname, cityId) values (880, '24/09/2018', '2652480642', 0, 'Nannette', 'Ingon', 212);
insert into Student (id, birthdate, dni, genre, name, surname, cityId) values (881, '02/02/1942', '1029094527', 1, 'Cary', 'Vant', 52);
insert into Student (id, birthdate, dni, genre, name, surname, cityId) values (882, '16/02/1956', '1186306238', 1, 'Ruttger', 'Cymper', 72);
insert into Student (id, birthdate, dni, genre, name, surname, cityId) values (883, '04/05/1944', '6473707271', 2, 'Boy', 'Fant', 199);
insert into Student (id, birthdate, dni, genre, name, surname, cityId) values (884, '22/12/1956', '0274759160', 0, 'Trixy', 'Hanby', 88);
insert into Student (id, birthdate, dni, genre, name, surname, cityId) values (885, '14/09/1935', '9857229182', 2, 'Bill', 'Loos', 145);
insert into Student (id, birthdate, dni, genre, name, surname, cityId) values (886, '21/08/1969', '1036260410', 0, 'Babb', 'Vallerine', 152);
insert into Student (id, birthdate, dni, genre, name, surname, cityId) values (887, '24/07/2013', '6338582946', 1, 'Gilligan', 'Farlane', 169);
insert into Student (id, birthdate, dni, genre, name, surname, cityId) values (888, '03/02/1994', '5348514551', 2, 'Brittan', 'Woliter', 9);
insert into Student (id, birthdate, dni, genre, name, surname, cityId) values (889, '10/07/1973', '0299157970', 0, 'Brnaby', 'Havers', 252);
insert into Student (id, birthdate, dni, genre, name, surname, cityId) values (890, '20/03/1980', '0283090723', 0, 'Earvin', 'Jex', 198);
insert into Student (id, birthdate, dni, genre, name, surname, cityId) values (891, '02/05/2015', '5950645243', 2, 'Shelba', 'Rivelon', 102);
insert into Student (id, birthdate, dni, genre, name, surname, cityId) values (892, '27/11/1985', '7340777245', 0, 'Nat', 'Styles', 271);
insert into Student (id, birthdate, dni, genre, name, surname, cityId) values (893, '18/02/1949', '7727163651', 2, 'Gib', 'Oehme', 174);
insert into Student (id, birthdate, dni, genre, name, surname, cityId) values (894, '04/02/1938', '7597181469', 0, 'Chrystal', 'Statton', 51);
insert into Student (id, birthdate, dni, genre, name, surname, cityId) values (895, '25/12/2012', '2489879383', 0, 'Carce', 'Luce', 81);
insert into Student (id, birthdate, dni, genre, name, surname, cityId) values (896, '29/11/1960', '9135451319', 1, 'Yves', 'Spataro', 172);
insert into Student (id, birthdate, dni, genre, name, surname, cityId) values (897, '25/02/1937', '9256215160', 0, 'Gerard', 'Carty', 179);
insert into Student (id, birthdate, dni, genre, name, surname, cityId) values (898, '04/06/1940', '5812284091', 1, 'Worthy', 'Haythorn', 235);
insert into Student (id, birthdate, dni, genre, name, surname, cityId) values (899, '27/08/1934', '8424095375', 1, 'Orella', 'Armiger', 27);
insert into Student (id, birthdate, dni, genre, name, surname, cityId) values (900, '10/03/2001', '7942450724', 1, 'Nissa', 'Lovejoy', 228);
insert into Student (id, birthdate, dni, genre, name, surname, cityId) values (901, '04/07/1947', '3191934200', 0, 'Marietta', 'Bouzek', 35);
insert into Student (id, birthdate, dni, genre, name, surname, cityId) values (902, '14/02/1953', '9540921791', 1, 'Cymbre', 'Longworthy', 238);
insert into Student (id, birthdate, dni, genre, name, surname, cityId) values (903, '30/03/1978', '0963324764', 2, 'Sherill', 'Waldera', 69);
insert into Student (id, birthdate, dni, genre, name, surname, cityId) values (904, '26/12/1998', '1962037991', 2, 'Sidney', 'Doerrling', 150);
insert into Student (id, birthdate, dni, genre, name, surname, cityId) values (905, '06/01/1985', '7028734242', 0, 'Tandie', 'O''Coskerry', 288);
insert into Student (id, birthdate, dni, genre, name, surname, cityId) values (906, '07/01/2012', '1664293825', 2, 'Craggy', 'Mangon', 260);
insert into Student (id, birthdate, dni, genre, name, surname, cityId) values (907, '29/06/1973', '2627218689', 0, 'Ardenia', 'Dowrey', 171);
insert into Student (id, birthdate, dni, genre, name, surname, cityId) values (908, '18/07/1988', '1719998604', 2, 'Germayne', 'D''Alwis', 203);
insert into Student (id, birthdate, dni, genre, name, surname, cityId) values (909, '15/10/1981', '7474802996', 0, 'Dasha', 'Deeprose', 163);
insert into Student (id, birthdate, dni, genre, name, surname, cityId) values (910, '10/02/1945', '1761312456', 1, 'Jud', 'McBlain', 80);
insert into Student (id, birthdate, dni, genre, name, surname, cityId) values (911, '30/11/1998', '9599155785', 2, 'Lilyan', 'Johananoff', 180);
insert into Student (id, birthdate, dni, genre, name, surname, cityId) values (912, '03/10/2004', '1243781068', 0, 'Loren', 'Letham', 106);
insert into Student (id, birthdate, dni, genre, name, surname, cityId) values (913, '04/07/1951', '5365885600', 2, 'Hersch', 'Rash', 299);
insert into Student (id, birthdate, dni, genre, name, surname, cityId) values (914, '22/12/1947', '0078254728', 0, 'Deva', 'Dunstall', 89);
insert into Student (id, birthdate, dni, genre, name, surname, cityId) values (915, '27/03/2016', '1575422964', 1, 'Ainsley', 'Castlake', 22);
insert into Student (id, birthdate, dni, genre, name, surname, cityId) values (916, '01/10/1942', '5453633158', 2, 'Sybila', 'Kippie', 84);
insert into Student (id, birthdate, dni, genre, name, surname, cityId) values (917, '06/12/1955', '7635302957', 1, 'Wilfred', 'Roma', 100);
insert into Student (id, birthdate, dni, genre, name, surname, cityId) values (918, '22/09/1982', '3543739174', 0, 'Nissie', 'Rasher', 133);
insert into Student (id, birthdate, dni, genre, name, surname, cityId) values (919, '06/10/1964', '4776571323', 1, 'Abner', 'Foch', 53);
insert into Student (id, birthdate, dni, genre, name, surname, cityId) values (920, '20/03/1958', '6262771247', 2, 'Inessa', 'Amber', 298);
insert into Student (id, birthdate, dni, genre, name, surname, cityId) values (921, '30/06/1980', '8247908719', 0, 'Garvey', 'Pallesen', 109);
insert into Student (id, birthdate, dni, genre, name, surname, cityId) values (922, '28/04/1994', '8599280171', 2, 'Aurora', 'Papps', 189);
insert into Student (id, birthdate, dni, genre, name, surname, cityId) values (923, '26/02/2011', '1342325648', 2, 'Alleyn', 'Vasler', 80);
insert into Student (id, birthdate, dni, genre, name, surname, cityId) values (924, '10/05/1987', '2315035384', 1, 'Ingram', 'Fabri', 109);
insert into Student (id, birthdate, dni, genre, name, surname, cityId) values (925, '22/01/1994', '2573582841', 2, 'Veronika', 'Chadwick', 292);
insert into Student (id, birthdate, dni, genre, name, surname, cityId) values (926, '01/05/1950', '3667757204', 2, 'Annalee', 'Culshew', 1);
insert into Student (id, birthdate, dni, genre, name, surname, cityId) values (927, '03/01/1940', '3974957197', 0, 'Seka', 'Rubery', 79);
insert into Student (id, birthdate, dni, genre, name, surname, cityId) values (928, '15/09/1930', '4559029830', 1, 'Kellyann', 'Dohms', 233);
insert into Student (id, birthdate, dni, genre, name, surname, cityId) values (929, '16/06/1974', '6822519777', 1, 'Kermie', 'Skellington', 292);
insert into Student (id, birthdate, dni, genre, name, surname, cityId) values (930, '16/06/1943', '2141582253', 0, 'Lila', 'Duberry', 266);
insert into Student (id, birthdate, dni, genre, name, surname, cityId) values (931, '03/11/2000', '5196423559', 0, 'Abey', 'Levi', 107);
insert into Student (id, birthdate, dni, genre, name, surname, cityId) values (932, '06/03/1976', '7749572791', 2, 'Peta', 'Peracco', 139);
insert into Student (id, birthdate, dni, genre, name, surname, cityId) values (933, '29/06/2015', '4911516127', 0, 'Margalit', 'Allington', 77);
insert into Student (id, birthdate, dni, genre, name, surname, cityId) values (934, '31/10/1970', '2992089583', 2, 'Rania', 'Haughey', 237);
insert into Student (id, birthdate, dni, genre, name, surname, cityId) values (935, '23/12/1996', '0836676718', 1, 'Hadley', 'Secrett', 211);
insert into Student (id, birthdate, dni, genre, name, surname, cityId) values (936, '23/09/1999', '4539661795', 0, 'Billi', 'Castanares', 269);
insert into Student (id, birthdate, dni, genre, name, surname, cityId) values (937, '16/07/1949', '8479304286', 0, 'Chad', 'Lerigo', 109);
insert into Student (id, birthdate, dni, genre, name, surname, cityId) values (938, '07/03/1943', '3511903351', 1, 'Elias', 'Berrow', 261);
insert into Student (id, birthdate, dni, genre, name, surname, cityId) values (939, '06/05/1958', '3775037799', 0, 'Leonidas', 'Carding', 90);
insert into Student (id, birthdate, dni, genre, name, surname, cityId) values (940, '24/03/1941', '6307882859', 1, 'Walker', 'Twigger', 122);
insert into Student (id, birthdate, dni, genre, name, surname, cityId) values (941, '31/12/1966', '9400835140', 2, 'Vivyan', 'Bruyns', 203);
insert into Student (id, birthdate, dni, genre, name, surname, cityId) values (942, '28/01/1997', '9233940802', 2, 'Cornelius', 'Skirrow', 269);
insert into Student (id, birthdate, dni, genre, name, surname, cityId) values (943, '01/11/1938', '4162684804', 0, 'Richmond', 'Greenshields', 234);
insert into Student (id, birthdate, dni, genre, name, surname, cityId) values (944, '23/02/1987', '1237893917', 1, 'Allistir', 'Urvoy', 273);
insert into Student (id, birthdate, dni, genre, name, surname, cityId) values (945, '14/03/2003', '7678391269', 0, 'Sutherland', 'O''Lennachain', 223);
insert into Student (id, birthdate, dni, genre, name, surname, cityId) values (946, '18/01/1946', '9018809608', 1, 'Garvey', 'Jenno', 82);
insert into Student (id, birthdate, dni, genre, name, surname, cityId) values (947, '26/02/1983', '6237482563', 1, 'Roderigo', 'Annell', 12);
insert into Student (id, birthdate, dni, genre, name, surname, cityId) values (948, '27/12/1988', '0871242079', 1, 'Del', 'Chark', 70);
insert into Student (id, birthdate, dni, genre, name, surname, cityId) values (949, '28/11/1966', '4988921972', 2, 'Georgetta', 'Lebarree', 260);
insert into Student (id, birthdate, dni, genre, name, surname, cityId) values (950, '09/09/1941', '4365393812', 0, 'Maurise', 'O''Dunneen', 246);
insert into Student (id, birthdate, dni, genre, name, surname, cityId) values (951, '18/07/2006', '5360924152', 2, 'Alick', 'Flecknoe', 260);
insert into Student (id, birthdate, dni, genre, name, surname, cityId) values (952, '30/09/1970', '7165875891', 1, 'Tallie', 'De Beauchamp', 86);
insert into Student (id, birthdate, dni, genre, name, surname, cityId) values (953, '06/12/2010', '8304151162', 1, 'Anatol', 'Dennehy', 141);
insert into Student (id, birthdate, dni, genre, name, surname, cityId) values (954, '09/12/2003', '4270943467', 2, 'Brietta', 'Cromarty', 64);
insert into Student (id, birthdate, dni, genre, name, surname, cityId) values (955, '18/07/1994', '9316384591', 2, 'Murray', 'Stockoe', 239);
insert into Student (id, birthdate, dni, genre, name, surname, cityId) values (956, '11/04/1997', '1350084379', 0, 'Penrod', 'Starkey', 18);
insert into Student (id, birthdate, dni, genre, name, surname, cityId) values (957, '30/06/1960', '7249060236', 0, 'Tadeo', 'Cominello', 205);
insert into Student (id, birthdate, dni, genre, name, surname, cityId) values (958, '18/05/1936', '0806857986', 2, 'Laurie', 'Bussen', 138);
insert into Student (id, birthdate, dni, genre, name, surname, cityId) values (959, '02/06/1968', '5828026453', 0, 'Thomasine', 'Noone', 54);
insert into Student (id, birthdate, dni, genre, name, surname, cityId) values (960, '10/08/1945', '6253863568', 0, 'Vernice', 'Divis', 208);
insert into Student (id, birthdate, dni, genre, name, surname, cityId) values (961, '07/06/1962', '0710411618', 2, 'Kenton', 'Alred', 236);
insert into Student (id, birthdate, dni, genre, name, surname, cityId) values (962, '27/04/1956', '7198850545', 2, 'Leighton', 'Ionesco', 122);
insert into Student (id, birthdate, dni, genre, name, surname, cityId) values (963, '09/01/1957', '1366920392', 0, 'Madelyn', 'Gendrich', 259);
insert into Student (id, birthdate, dni, genre, name, surname, cityId) values (964, '06/08/1957', '7679730911', 0, 'Nixie', 'Willingham', 154);
insert into Student (id, birthdate, dni, genre, name, surname, cityId) values (965, '30/01/1986', '4887598955', 0, 'Dyan', 'Feronet', 216);
insert into Student (id, birthdate, dni, genre, name, surname, cityId) values (966, '15/09/1998', '0385138075', 0, 'Steffie', 'Clack', 11);
insert into Student (id, birthdate, dni, genre, name, surname, cityId) values (967, '14/07/1960', '2139246977', 1, 'Janka', 'Rootes', 288);
insert into Student (id, birthdate, dni, genre, name, surname, cityId) values (968, '30/07/1980', '6087539956', 0, 'Lena', 'Moodycliffe', 291);
insert into Student (id, birthdate, dni, genre, name, surname, cityId) values (969, '24/06/1981', '4131849887', 1, 'Harley', 'Clausson', 102);
insert into Student (id, birthdate, dni, genre, name, surname, cityId) values (970, '07/09/1971', '3256717527', 2, 'Jocelin', 'Ratazzi', 59);
insert into Student (id, birthdate, dni, genre, name, surname, cityId) values (971, '09/12/1981', '2643336313', 0, 'Kendal', 'Jell', 245);
insert into Student (id, birthdate, dni, genre, name, surname, cityId) values (972, '19/11/2007', '5609241561', 0, 'Adolph', 'Collomosse', 225);
insert into Student (id, birthdate, dni, genre, name, surname, cityId) values (973, '29/06/1949', '2408300797', 0, 'Celesta', 'Butt', 269);
insert into Student (id, birthdate, dni, genre, name, surname, cityId) values (974, '30/03/1972', '2100674323', 1, 'Kellyann', 'Spelsbury', 138);
insert into Student (id, birthdate, dni, genre, name, surname, cityId) values (975, '20/03/1967', '9488177373', 0, 'Jacquelynn', 'Boyan', 291);
insert into Student (id, birthdate, dni, genre, name, surname, cityId) values (976, '13/11/1948', '5133931794', 0, 'Emmery', 'Philippart', 172);
insert into Student (id, birthdate, dni, genre, name, surname, cityId) values (977, '29/03/1934', '8474270146', 0, 'Husain', 'Clear', 279);
insert into Student (id, birthdate, dni, genre, name, surname, cityId) values (978, '31/08/1949', '5531010680', 0, 'Brew', 'Chiechio', 186);
insert into Student (id, birthdate, dni, genre, name, surname, cityId) values (979, '23/02/1946', '7890649983', 0, 'Andriana', 'Serck', 80);
insert into Student (id, birthdate, dni, genre, name, surname, cityId) values (980, '08/06/1940', '2118778376', 1, 'Claretta', 'Drydale', 181);
insert into Student (id, birthdate, dni, genre, name, surname, cityId) values (981, '10/09/1993', '7600098288', 2, 'Vivia', 'Mityushkin', 187);
insert into Student (id, birthdate, dni, genre, name, surname, cityId) values (982, '06/07/1969', '8571577226', 1, 'Bart', 'Andryszczak', 35);
insert into Student (id, birthdate, dni, genre, name, surname, cityId) values (983, '12/07/1966', '6935821681', 0, 'Mitchael', 'Barge', 30);
insert into Student (id, birthdate, dni, genre, name, surname, cityId) values (984, '04/06/2003', '7344162172', 0, 'Culley', 'Gosnoll', 154);
insert into Student (id, birthdate, dni, genre, name, surname, cityId) values (985, '21/10/1950', '2277013854', 2, 'Elora', 'Di Bernardo', 21);
insert into Student (id, birthdate, dni, genre, name, surname, cityId) values (986, '21/09/1964', '7750411372', 1, 'Hew', 'Lowdeane', 53);
insert into Student (id, birthdate, dni, genre, name, surname, cityId) values (987, '13/07/1975', '3536728979', 0, 'Camella', 'Masdin', 71);
insert into Student (id, birthdate, dni, genre, name, surname, cityId) values (988, '03/05/1935', '8038562739', 0, 'Florella', 'Khadir', 221);
insert into Student (id, birthdate, dni, genre, name, surname, cityId) values (989, '30/11/2015', '4354943654', 0, 'Darrelle', 'Trodd', 77);
insert into Student (id, birthdate, dni, genre, name, surname, cityId) values (990, '21/01/1933', '3599998760', 2, 'Suzanne', 'Shaw', 218);
insert into Student (id, birthdate, dni, genre, name, surname, cityId) values (991, '26/10/2001', '7784771029', 1, 'Kimberly', 'Caldecourt', 41);
insert into Student (id, birthdate, dni, genre, name, surname, cityId) values (992, '29/01/1988', '6774778801', 1, 'Parrnell', 'Ostrich', 114);
insert into Student (id, birthdate, dni, genre, name, surname, cityId) values (993, '01/06/1993', '4029280889', 1, 'Ariel', 'Aspall', 254);
insert into Student (id, birthdate, dni, genre, name, surname, cityId) values (994, '23/02/2017', '3143430540', 0, 'Dominique', 'Whelband', 139);
insert into Student (id, birthdate, dni, genre, name, surname, cityId) values (995, '20/06/2016', '6818105815', 1, 'Carol-jean', 'Atack', 185);
insert into Student (id, birthdate, dni, genre, name, surname, cityId) values (996, '31/07/2011', '2810473056', 2, 'Kevan', 'Kayley', 72);
insert into Student (id, birthdate, dni, genre, name, surname, cityId) values (997, '02/03/1939', '2619233844', 0, 'Malory', 'Petchell', 98);
insert into Student (id, birthdate, dni, genre, name, surname, cityId) values (998, '09/03/2003', '1250437423', 1, 'Lucita', 'Tabard', 280);
insert into Student (id, birthdate, dni, genre, name, surname, cityId) values (999, '31/01/1976', '9937550238', 0, 'Emma', 'Krolle', 18);
insert into Student (id, birthdate, dni, genre, name, surname, cityId) values (1000, '03/04/1959', '9849312955', 0, 'Fowler', 'Edgar', 216);
