use integrator2DB;

insert into City (id, name) values (1, 'Lazaro Cardenas');
insert into City (id, name) values (2, 'Rimba Sekampung');
insert into City (id, name) values (3, 'Chunjiang');
insert into City (id, name) values (4, 'Dalu');
insert into City (id, name) values (5, 'Menara');
insert into City (id, name) values (6, 'Santa Cecília');
insert into City (id, name) values (7, 'Asan Kumbang');
insert into City (id, name) values (8, 'Kista');
insert into City (id, name) values (9, 'Dawa-Dawa');
insert into City (id, name) values (10, 'Pag-asa');
insert into City (id, name) values (11, 'Biyan');
insert into City (id, name) values (12, 'Upton');
insert into City (id, name) values (13, 'Banjar Wates Tengah');
insert into City (id, name) values (14, 'Santa Clara');
insert into City (id, name) values (15, 'Kadaka');
insert into City (id, name) values (16, 'Konstantynów');
insert into City (id, name) values (17, 'Uruçuca');
insert into City (id, name) values (18, 'Vangaži');
insert into City (id, name) values (19, 'Il’ichëvo');
insert into City (id, name) values (20, 'Shiraoi');
insert into City (id, name) values (21, 'Béthune');
insert into City (id, name) values (22, 'Otun');
insert into City (id, name) values (23, 'Tangguhang');
insert into City (id, name) values (24, 'Tualangcut');
insert into City (id, name) values (25, 'Sibulan');
insert into City (id, name) values (26, 'Batouri');
insert into City (id, name) values (27, 'Kaya');
insert into City (id, name) values (28, 'Staryy Togul');
insert into City (id, name) values (29, 'Changyŏn');
insert into City (id, name) values (30, 'Чучер - Сандево');
insert into City (id, name) values (31, 'Haparanda');
insert into City (id, name) values (32, 'Beishan');
insert into City (id, name) values (33, 'Lunik');
insert into City (id, name) values (34, 'Crossmolina');
insert into City (id, name) values (35, 'Lemland');
insert into City (id, name) values (36, 'Biggar');
insert into City (id, name) values (37, 'Ōgaki');
insert into City (id, name) values (38, 'Suzaka');
insert into City (id, name) values (39, 'Parakou');
insert into City (id, name) values (40, 'Haikou');
insert into City (id, name) values (41, 'Xiaojian');
insert into City (id, name) values (42, 'Det Udom');
insert into City (id, name) values (43, 'Leidschendam');
insert into City (id, name) values (44, 'Pasian');
insert into City (id, name) values (45, 'Thị Trấn Yên Châu');
insert into City (id, name) values (46, 'Satis');
insert into City (id, name) values (47, 'Cadagmayan Norte');
insert into City (id, name) values (48, 'Vishow');
insert into City (id, name) values (49, 'Pandean');
insert into City (id, name) values (50, 'Zambujeira');
insert into City (id, name) values (51, 'Gaogongdao');
insert into City (id, name) values (52, 'Masantol');
insert into City (id, name) values (53, 'Mników');
insert into City (id, name) values (54, 'Santa Marta');
insert into City (id, name) values (55, 'Ichinohe');
insert into City (id, name) values (56, 'Limboto');
insert into City (id, name) values (57, 'Bayan Tuohai');
insert into City (id, name) values (58, 'Delok');
insert into City (id, name) values (59, 'Lurut');
insert into City (id, name) values (60, 'Qingyang');
insert into City (id, name) values (61, 'Bangolo');
insert into City (id, name) values (62, 'Dongshan');
insert into City (id, name) values (63, 'Dong Charoen');
insert into City (id, name) values (64, 'Morioka-shi');
insert into City (id, name) values (65, 'Paris 15');
insert into City (id, name) values (66, 'Elena');
insert into City (id, name) values (67, 'Fukuchiyama');
insert into City (id, name) values (68, 'Šardice');
insert into City (id, name) values (69, 'Cruz del Eje');
insert into City (id, name) values (70, 'Tanay');
insert into City (id, name) values (71, 'Erfurt');
insert into City (id, name) values (72, 'Gayabaru');
insert into City (id, name) values (73, 'Ngilengan');
insert into City (id, name) values (74, 'Xiangshun');
insert into City (id, name) values (75, 'Zaklików');
insert into City (id, name) values (76, 'Šmartno pri Litiji');
insert into City (id, name) values (77, 'Andahuaylillas');
insert into City (id, name) values (78, 'Sauce');
insert into City (id, name) values (79, 'Tân Kỳ');
insert into City (id, name) values (80, 'Wongsorejo');
insert into City (id, name) values (81, 'Sargodha');
insert into City (id, name) values (82, 'Longar');
insert into City (id, name) values (83, 'Xixia');
insert into City (id, name) values (84, 'Cibetung Dua');
insert into City (id, name) values (85, 'Pidhaytsi');
insert into City (id, name) values (86, 'Delod Pangkung');
insert into City (id, name) values (87, 'Pāshmūl');
insert into City (id, name) values (88, 'Tsil’na');
insert into City (id, name) values (89, 'Novalja');
insert into City (id, name) values (90, 'Lunenburg');
insert into City (id, name) values (91, 'Youxikou');
insert into City (id, name) values (92, 'Ozerki');
insert into City (id, name) values (93, 'Quimper');
insert into City (id, name) values (94, 'Göteborg');
insert into City (id, name) values (95, 'Urengoy');
insert into City (id, name) values (96, 'Concord');
insert into City (id, name) values (97, 'La Libertad');
insert into City (id, name) values (98, 'Lungaog');
insert into City (id, name) values (99, 'Loma');
insert into City (id, name) values (100, 'Cisadap');
insert into City (id, name) values (101, 'Bierawa');
insert into City (id, name) values (102, 'Józefów');
insert into City (id, name) values (103, 'Casigua El Cubo');
insert into City (id, name) values (104, 'Temirgoyevskaya');
insert into City (id, name) values (105, 'Mibu');
insert into City (id, name) values (106, 'Novobeysugskaya');
insert into City (id, name) values (107, 'Ganting');
insert into City (id, name) values (108, 'Changwon');
insert into City (id, name) values (109, 'Brumado');
insert into City (id, name) values (110, 'Bungu');
insert into City (id, name) values (111, 'Lastoursville');
insert into City (id, name) values (112, 'Minneapolis');
insert into City (id, name) values (113, 'Kousséri');
insert into City (id, name) values (114, 'Antiguo Cuscatlán');
insert into City (id, name) values (115, 'Ropice');
insert into City (id, name) values (116, 'Growong Lor');
insert into City (id, name) values (117, 'Diriomo');
insert into City (id, name) values (118, 'Shuren');
insert into City (id, name) values (119, 'Jindřichov');
insert into City (id, name) values (120, 'Itu');
insert into City (id, name) values (121, 'Cañazas');
insert into City (id, name) values (122, 'Buenos Aires');
insert into City (id, name) values (123, 'Bergen');
insert into City (id, name) values (124, 'Tamandaré');
insert into City (id, name) values (125, 'Sonlit');
insert into City (id, name) values (126, 'Moramanga');
insert into City (id, name) values (127, 'Breia');
insert into City (id, name) values (128, 'Na Di');
insert into City (id, name) values (129, 'Wangwu');
insert into City (id, name) values (130, 'Bytkiv');
insert into City (id, name) values (131, 'Amsterdam-Oost');
insert into City (id, name) values (132, 'Arys');
insert into City (id, name) values (133, 'Denyshi');
insert into City (id, name) values (134, 'Zhenping Chengguanzhen');
insert into City (id, name) values (135, 'Kwolla');
insert into City (id, name) values (136, 'Bratislava');
insert into City (id, name) values (137, 'Nizhniye Achaluki');
insert into City (id, name) values (138, 'Cristóbal');
insert into City (id, name) values (139, 'Västerås');
insert into City (id, name) values (140, 'Lewopao');
insert into City (id, name) values (141, 'Bacag');
insert into City (id, name) values (142, 'Acarigua');
insert into City (id, name) values (143, 'Nāṟay');
insert into City (id, name) values (144, 'Aguiar da Beira');
insert into City (id, name) values (145, 'Feira de Santana');
insert into City (id, name) values (146, 'Baoxing');
insert into City (id, name) values (147, 'Trhové Sviny');
insert into City (id, name) values (148, 'Penalva de Alva');
insert into City (id, name) values (149, 'Zdounky');
insert into City (id, name) values (150, 'Huoshaoping');
insert into City (id, name) values (151, 'Gweru');
insert into City (id, name) values (152, 'Cikaras');
insert into City (id, name) values (153, 'Bystryanka');
insert into City (id, name) values (154, 'Itaperuna');
insert into City (id, name) values (155, 'Paokmotong Utara');
insert into City (id, name) values (156, 'Pyay');
insert into City (id, name) values (157, 'Vishow');
insert into City (id, name) values (158, 'Sukhinichi');
insert into City (id, name) values (159, 'Takahata');
insert into City (id, name) values (160, 'Manzanillo');
insert into City (id, name) values (161, 'Přibyslav');
insert into City (id, name) values (162, 'Johanneshov');
insert into City (id, name) values (163, 'Labo');
insert into City (id, name) values (164, 'Cisownica');
insert into City (id, name) values (165, 'Guri-si');
insert into City (id, name) values (166, 'Bonthe');
insert into City (id, name) values (167, 'Novi Bečej');
insert into City (id, name) values (168, 'Wuma');
insert into City (id, name) values (169, 'Pechersk');
insert into City (id, name) values (170, 'Dongli');
insert into City (id, name) values (171, 'Fulin');
insert into City (id, name) values (172, 'Tuba');
insert into City (id, name) values (173, 'Tallahassee');
insert into City (id, name) values (174, 'Chongwen');
insert into City (id, name) values (175, 'Shalkar');
insert into City (id, name) values (176, 'Gjegjan');
insert into City (id, name) values (177, 'Kabale');
insert into City (id, name) values (178, 'Cacocum');
insert into City (id, name) values (179, 'Douarnenez');
insert into City (id, name) values (180, 'Vuzenica');
insert into City (id, name) values (181, 'Karangnunggal');
insert into City (id, name) values (182, 'Tazemmourt');
insert into City (id, name) values (183, 'Karlovo');
insert into City (id, name) values (184, 'Smederevska Palanka');
insert into City (id, name) values (185, 'Independence');
insert into City (id, name) values (186, 'Presidencia Roque Sáenz Peña');
insert into City (id, name) values (187, 'Cherbourg-Octeville');
insert into City (id, name) values (188, 'Huangtu');
insert into City (id, name) values (189, 'Marne-la-Vallée');
insert into City (id, name) values (190, 'Várzea de Sintra');
insert into City (id, name) values (191, 'Toliara');
insert into City (id, name) values (192, 'Mundolsheim');
insert into City (id, name) values (193, 'Askiz');
insert into City (id, name) values (194, 'Banho e Carvalhosa');
insert into City (id, name) values (195, 'Lārkāna');
insert into City (id, name) values (196, 'Yonghe');
insert into City (id, name) values (197, 'Buy');
insert into City (id, name) values (198, 'Duwayr Raslān');
insert into City (id, name) values (199, 'Pohbango');
insert into City (id, name) values (200, 'Semey');
insert into City (id, name) values (201, 'Zhongying');
insert into City (id, name) values (202, 'Xicheng');
insert into City (id, name) values (203, 'Pursat');
insert into City (id, name) values (204, 'Batasan Bata');
insert into City (id, name) values (205, 'Qalqīlyah');
insert into City (id, name) values (206, 'Yunxiang');
insert into City (id, name) values (207, 'Stari Bohorodchany');
insert into City (id, name) values (208, 'Kasreman Wetan');
insert into City (id, name) values (209, 'Licheng');
insert into City (id, name) values (210, 'Qijiazuo');
insert into City (id, name) values (211, 'Baiyun');
insert into City (id, name) values (212, 'Majiadu');
insert into City (id, name) values (213, 'Czerniewice');
insert into City (id, name) values (214, 'Zherdevka');
insert into City (id, name) values (215, 'Wangcheng');
insert into City (id, name) values (216, 'Polkowice');
insert into City (id, name) values (217, 'Vygonichi');
insert into City (id, name) values (218, 'Gemuruh');
insert into City (id, name) values (219, 'Tyler');
insert into City (id, name) values (220, 'Västerås');
insert into City (id, name) values (221, 'Zuocun');
insert into City (id, name) values (222, 'Caracol');
insert into City (id, name) values (223, 'Qiqing');
insert into City (id, name) values (224, 'Balrothery');
insert into City (id, name) values (225, 'Magway');
insert into City (id, name) values (226, 'Maco');
insert into City (id, name) values (227, 'Bologna');
insert into City (id, name) values (228, 'Stockholm');
insert into City (id, name) values (229, 'Jinhai');
insert into City (id, name) values (230, 'Ostrov');
insert into City (id, name) values (231, 'Boston');
insert into City (id, name) values (232, 'Arcos');
insert into City (id, name) values (233, 'Aleksinac');
insert into City (id, name) values (234, 'Jambuwerkrajan');
insert into City (id, name) values (235, 'Wugong');
insert into City (id, name) values (236, 'Novosineglazovskiy');
insert into City (id, name) values (237, 'Encantado');
insert into City (id, name) values (238, 'Nianyushan');
insert into City (id, name) values (239, 'Jimaguayú');
insert into City (id, name) values (240, 'Watuka');
insert into City (id, name) values (241, 'Prado Siongco');
insert into City (id, name) values (242, 'Mancilang');
insert into City (id, name) values (243, 'Allentown');
insert into City (id, name) values (244, 'Angers');
insert into City (id, name) values (245, 'Sasnovy Bor');
insert into City (id, name) values (246, 'Batang');
insert into City (id, name) values (247, 'Shangqing');
insert into City (id, name) values (248, 'Caherconlish');
insert into City (id, name) values (249, 'Paracatu');
insert into City (id, name) values (250, 'Zhutang');
insert into City (id, name) values (251, 'Laval');
insert into City (id, name) values (252, 'Quebrada Larga');
insert into City (id, name) values (253, 'Sanzao');
insert into City (id, name) values (254, 'Kouvola');
insert into City (id, name) values (255, 'Amio');
insert into City (id, name) values (256, 'Psygansu');
insert into City (id, name) values (257, 'Genova');
insert into City (id, name) values (258, 'Fier-Çifçi');
insert into City (id, name) values (259, 'Goiana');
insert into City (id, name) values (260, 'Ngulakan');
insert into City (id, name) values (261, 'Shanhou');
insert into City (id, name) values (262, 'Carbajales');
insert into City (id, name) values (263, 'Zhongshan');
insert into City (id, name) values (264, 'Grand-Bassam');
insert into City (id, name) values (265, 'Spas-Zaulok');
insert into City (id, name) values (266, 'Tsaghkadzor');
insert into City (id, name) values (267, 'Guanban');
insert into City (id, name) values (268, 'Melenki');
insert into City (id, name) values (269, 'Kolondiéba');
insert into City (id, name) values (270, 'Dzerzhinsk');
insert into City (id, name) values (271, 'Triánta');
insert into City (id, name) values (272, 'Thaton');
insert into City (id, name) values (273, 'Si Thep');
insert into City (id, name) values (274, 'Tiandeng');
insert into City (id, name) values (275, 'De la Paz');
insert into City (id, name) values (276, 'San Julian');
insert into City (id, name) values (277, 'Kedrovoye');
insert into City (id, name) values (278, 'Shangcai Zhongxing');
insert into City (id, name) values (279, 'Hoktember');
insert into City (id, name) values (280, 'Biały Bór');
insert into City (id, name) values (281, 'Varėna');
insert into City (id, name) values (282, 'Gaowu');
insert into City (id, name) values (283, 'Norrtälje');
insert into City (id, name) values (284, 'Tabatinga');
insert into City (id, name) values (285, 'Lujing Zhen');
insert into City (id, name) values (286, 'Sremska Mitrovica');
insert into City (id, name) values (287, 'Jiagao');
insert into City (id, name) values (288, 'Staromyshastovskaya');
insert into City (id, name) values (289, 'Benisheikh');
insert into City (id, name) values (290, 'Dayuanhuizu');
insert into City (id, name) values (291, 'Hengtanggang');
insert into City (id, name) values (292, 'Jiulong');
insert into City (id, name) values (293, 'Al Mawşil al Jadīdah');
insert into City (id, name) values (294, 'Emiliano Zapata');
insert into City (id, name) values (295, 'Famaillá');
insert into City (id, name) values (296, 'Lokolande');
insert into City (id, name) values (297, 'El Retorno');
insert into City (id, name) values (298, 'Ma’ao');
insert into City (id, name) values (299, 'Beitou');
insert into City (id, name) values (300, 'Luisiana');

--career
insert into Career (id, name) values (1, 'Director of Sales');
insert into Career (id, name) values (2, 'Information Systems Manager');
insert into Career (id, name) values (3, 'Structural Analysis Engineer');
insert into Career (id, name) values (4, 'Physical Therapy Assistant');
insert into Career (id, name) values (5, 'Marketing Assistant');
insert into Career (id, name) values (6, 'Community Outreach Specialist');
insert into Career (id, name) values (7, 'Analyst Programmer');
insert into Career (id, name) values (8, 'Marketing Assistant');
insert into Career (id, name) values (9, 'Nurse');
insert into Career (id, name) values (10, 'Environmental Tech');
insert into Career (id, name) values (11, 'Nurse');
insert into Career (id, name) values (12, 'Electrical Engineer');
insert into Career (id, name) values (13, 'Senior Cost Accountant');
insert into Career (id, name) values (14, 'Structural Analysis Engineer');
insert into Career (id, name) values (15, 'Media Manager I');
insert into Career (id, name) values (16, 'Internal Auditor');
insert into Career (id, name) values (17, 'Civil Engineer');
insert into Career (id, name) values (18, 'Quality Control Specialist');
insert into Career (id, name) values (19, 'Web Designer III');
insert into Career (id, name) values (20, 'Actuary');
insert into Career (id, name) values (21, 'Associate Professor');
insert into Career (id, name) values (22, 'Geological Engineer');
insert into Career (id, name) values (23, 'Design Engineer');
insert into Career (id, name) values (24, 'Help Desk Operator');
insert into Career (id, name) values (25, 'Sales Representative');
insert into Career (id, name) values (26, 'Nurse Practicioner');
insert into Career (id, name) values (27, 'Nuclear Power Engineer');
insert into Career (id, name) values (28, 'Environmental Specialist');
insert into Career (id, name) values (29, 'Biostatistician IV');
insert into Career (id, name) values (30, 'Editor');
insert into Career (id, name) values (31, 'Engineer II');
insert into Career (id, name) values (32, 'Geological Engineer');
insert into Career (id, name) values (33, 'Librarian');
insert into Career (id, name) values (34, 'Marketing Manager');
insert into Career (id, name) values (35, 'Information Systems Manager');
insert into Career (id, name) values (36, 'Analyst Programmer');
insert into Career (id, name) values (37, 'Junior Executive');
insert into Career (id, name) values (38, 'Account Representative IV');
insert into Career (id, name) values (39, 'Electrical Engineer');
insert into Career (id, name) values (40, 'Assistant Media Planner');
insert into Career (id, name) values (41, 'Chemical Engineer');
insert into Career (id, name) values (42, 'Engineer III');
insert into Career (id, name) values (43, 'Financial Advisor');
insert into Career (id, name) values (44, 'Senior Editor');
insert into Career (id, name) values (45, 'Cost Accountant');
insert into Career (id, name) values (46, 'Automation Specialist IV');
insert into Career (id, name) values (47, 'Dental Hygienist');
insert into Career (id, name) values (48, 'Computer Systems Analyst I');
insert into Career (id, name) values (49, 'Assistant Professor');
insert into Career (id, name) values (50, 'Engineer IV');
insert into Career (id, name) values (51, 'Accountant II');
insert into Career (id, name) values (52, 'Librarian');
insert into Career (id, name) values (53, 'Geological Engineer');
insert into Career (id, name) values (54, 'Junior Executive');
insert into Career (id, name) values (55, 'Executive Secretary');
insert into Career (id, name) values (56, 'Executive Secretary');
insert into Career (id, name) values (57, 'VP Marketing');
insert into Career (id, name) values (58, 'Systems Administrator II');
insert into Career (id, name) values (59, 'Research Associate');
insert into Career (id, name) values (60, 'Physical Therapy Assistant');
insert into Career (id, name) values (61, 'Assistant Manager');
insert into Career (id, name) values (62, 'Account Coordinator');
insert into Career (id, name) values (63, 'Structural Engineer');
insert into Career (id, name) values (64, 'Developer II');
insert into Career (id, name) values (65, 'Help Desk Operator');
insert into Career (id, name) values (66, 'Automation Specialist II');
insert into Career (id, name) values (67, 'Media Manager III');
insert into Career (id, name) values (68, 'Speech Pathologist');
insert into Career (id, name) values (69, 'Health Coach I');
insert into Career (id, name) values (70, 'Nurse');
insert into Career (id, name) values (71, 'Research Nurse');
insert into Career (id, name) values (72, 'Food Chemist');
insert into Career (id, name) values (73, 'Accounting Assistant IV');
insert into Career (id, name) values (74, 'Analog Circuit Design manager');
insert into Career (id, name) values (75, 'VP Quality Control');
insert into Career (id, name) values (76, 'Actuary');
insert into Career (id, name) values (77, 'Help Desk Technician');
insert into Career (id, name) values (78, 'Research Associate');
insert into Career (id, name) values (79, 'Senior Cost Accountant');
insert into Career (id, name) values (80, 'Teacher');
insert into Career (id, name) values (81, 'Budget/Accounting Analyst II');
insert into Career (id, name) values (82, 'Editor');
insert into Career (id, name) values (83, 'Teacher');
insert into Career (id, name) values (84, 'Paralegal');
insert into Career (id, name) values (85, 'Paralegal');
insert into Career (id, name) values (86, 'Help Desk Operator');
insert into Career (id, name) values (87, 'Teacher');
insert into Career (id, name) values (88, 'Recruiter');
insert into Career (id, name) values (89, 'VP Marketing');
insert into Career (id, name) values (90, 'Account Representative IV');
insert into Career (id, name) values (91, 'Physical Therapy Assistant');
insert into Career (id, name) values (92, 'Editor');
insert into Career (id, name) values (93, 'Speech Pathologist');
insert into Career (id, name) values (94, 'Environmental Specialist');
insert into Career (id, name) values (95, 'Senior Quality Engineer');
insert into Career (id, name) values (96, 'GIS Technical Architect');
insert into Career (id, name) values (97, 'Data Coordiator');
insert into Career (id, name) values (98, 'Research Associate');
insert into Career (id, name) values (99, 'Associate Professor');
insert into Career (id, name) values (100, 'Research Assistant I');
--Student 
insert into Student (id, birthdate, dni, genre, name, surname, cityId) values (1, '1977-05-21', 14242176, 2, 'Fletch', 'McQuaker', 105);
insert into Student (id, birthdate, dni, genre, name, surname, cityId) values (2, '1996-06-01', 52968828, 2, 'Joelynn', 'Andersen', 80);
insert into Student (id, birthdate, dni, genre, name, surname, cityId) values (3, '1960-06-22', 33126446, 1, 'Kaile', 'Loisi', 289);
insert into Student (id, birthdate, dni, genre, name, surname, cityId) values (4, '1970-10-28', 53762689, 0, 'Nappie', 'Oldfield', 108);
insert into Student (id, birthdate, dni, genre, name, surname, cityId) values (5, '1974-07-13', 38422551, 1, 'Spike', 'Fowlie', 173);
insert into Student (id, birthdate, dni, genre, name, surname, cityId) values (6, '1935-04-29', 20916627, 0, 'Gwyn', 'Rottenbury', 41);
insert into Student (id, birthdate, dni, genre, name, surname, cityId) values (7, '1933-03-03', 17842018, 1, 'Rebeka', 'Ollarenshaw', 265);
insert into Student (id, birthdate, dni, genre, name, surname, cityId) values (8, '1975-12-08', 49277042, 0, 'Ede', 'Richards', 36);
insert into Student (id, birthdate, dni, genre, name, surname, cityId) values (9, '2003-10-03', 53183273, 0, 'Darcy', 'Chander', 7);
insert into Student (id, birthdate, dni, genre, name, surname, cityId) values (10, '2013-06-29', 28670001, 2, 'Myrilla', 'Sorro', 43);
insert into Student (id, birthdate, dni, genre, name, surname, cityId) values (11, '1936-07-10', 26348436, 0, 'Kori', 'Kenney', 235);
insert into Student (id, birthdate, dni, genre, name, surname, cityId) values (12, '1957-10-13', 39728084, 2, 'Ford', 'Jay', 127);
insert into Student (id, birthdate, dni, genre, name, surname, cityId) values (13, '2010-04-18', 47088660, 0, 'Barbabas', 'Janaud', 267);
insert into Student (id, birthdate, dni, genre, name, surname, cityId) values (14, '1987-08-30', 30899017, 0, 'Norby', 'Blaby', 295);
insert into Student (id, birthdate, dni, genre, name, surname, cityId) values (15, '1958-10-20', 38801123, 2, 'Sinclair', 'Richens', 81);
insert into Student (id, birthdate, dni, genre, name, surname, cityId) values (16, '2012-07-09', 12976501, 1, 'Mickie', 'Frugier', 174);
insert into Student (id, birthdate, dni, genre, name, surname, cityId) values (17, '1993-06-17', 18133248, 2, 'Rosalind', 'Hukin', 33);
insert into Student (id, birthdate, dni, genre, name, surname, cityId) values (18, '2008-03-21', 37868748, 0, 'Pavlov', 'Dacey', 141);
insert into Student (id, birthdate, dni, genre, name, surname, cityId) values (19, '1986-03-20', 24182237, 1, 'Starlene', 'Perez', 272);
insert into Student (id, birthdate, dni, genre, name, surname, cityId) values (20, '1936-01-03', 50980837, 1, 'Claudette', 'Veysey', 22);
insert into Student (id, birthdate, dni, genre, name, surname, cityId) values (21, '1961-09-22', 36187887, 0, 'Cacilia', 'Swaffer', 157);
insert into Student (id, birthdate, dni, genre, name, surname, cityId) values (22, '1932-01-15', 50161047, 1, 'Armin', 'Gladdifh', 271);
insert into Student (id, birthdate, dni, genre, name, surname, cityId) values (23, '1941-09-01', 47165628, 0, 'Boot', 'Reddings', 98);
insert into Student (id, birthdate, dni, genre, name, surname, cityId) values (24, '2005-11-16', 19038835, 0, 'Kizzie', 'Eayrs', 230);
insert into Student (id, birthdate, dni, genre, name, surname, cityId) values (25, '1947-04-28', 18010892, 1, 'Ruthe', 'Wynett', 284);
insert into Student (id, birthdate, dni, genre, name, surname, cityId) values (26, '1989-10-29', 18008300, 0, 'Alysia', 'MacHarg', 49);
insert into Student (id, birthdate, dni, genre, name, surname, cityId) values (27, '1961-03-25', 10197180, 0, 'Vance', 'Yoakley', 23);
insert into Student (id, birthdate, dni, genre, name, surname, cityId) values (28, '1982-06-27', 19612945, 1, 'Violetta', 'O''Shiel', 76);
insert into Student (id, birthdate, dni, genre, name, surname, cityId) values (29, '1962-08-31', 50656789, 0, 'Elysia', 'Baldock', 226);
insert into Student (id, birthdate, dni, genre, name, surname, cityId) values (30, '1991-09-20', 45847452, 2, 'Geraldine', 'Packham', 277);
insert into Student (id, birthdate, dni, genre, name, surname, cityId) values (31, '1957-12-14', 10577905, 0, 'Myron', 'Cominetti', 248);
insert into Student (id, birthdate, dni, genre, name, surname, cityId) values (32, '1978-11-10', 26682593, 2, 'Leanna', 'Dahmke', 116);
insert into Student (id, birthdate, dni, genre, name, surname, cityId) values (33, '2010-02-18', 10957083, 2, 'Xylia', 'Kernan', 180);
insert into Student (id, birthdate, dni, genre, name, surname, cityId) values (34, '2002-05-30', 49091146, 1, 'Gloria', 'Kingsly', 116);
insert into Student (id, birthdate, dni, genre, name, surname, cityId) values (35, '1943-06-01', 39120626, 0, 'Ike', 'Gemnett', 280);
insert into Student (id, birthdate, dni, genre, name, surname, cityId) values (36, '2016-11-25', 10115866, 1, 'Adrianna', 'Crockatt', 108);
insert into Student (id, birthdate, dni, genre, name, surname, cityId) values (37, '1945-12-20', 12416210, 2, 'Jules', 'Hargrave', 196);
insert into Student (id, birthdate, dni, genre, name, surname, cityId) values (38, '2015-07-13', 30902340, 0, 'Sella', 'Fryatt', 121);
insert into Student (id, birthdate, dni, genre, name, surname, cityId) values (39, '1942-08-17', 41510865, 1, 'Brit', 'Stringer', 45);
insert into Student (id, birthdate, dni, genre, name, surname, cityId) values (40, '1954-10-04', 24237686, 2, 'Creight', 'Fazackerley', 237);
insert into Student (id, birthdate, dni, genre, name, surname, cityId) values (41, '1959-08-01', 25131259, 1, 'Petronia', 'St Quenin', 280);
insert into Student (id, birthdate, dni, genre, name, surname, cityId) values (42, '1934-02-16', 42048379, 0, 'Sherlocke', 'Asch', 126);
insert into Student (id, birthdate, dni, genre, name, surname, cityId) values (43, '1942-01-03', 10753594, 2, 'Drona', 'Slark', 151);
insert into Student (id, birthdate, dni, genre, name, surname, cityId) values (44, '1974-09-14', 19518025, 2, 'Dael', 'Malham', 98);
insert into Student (id, birthdate, dni, genre, name, surname, cityId) values (45, '1973-01-23', 25226069, 0, 'Marion', 'Clampett', 7);
insert into Student (id, birthdate, dni, genre, name, surname, cityId) values (46, '2009-01-04', 11460180, 1, 'Lonnie', 'MacCartan', 73);
insert into Student (id, birthdate, dni, genre, name, surname, cityId) values (47, '1932-08-14', 10019348, 0, 'Corbin', 'Dutnell', 167);
insert into Student (id, birthdate, dni, genre, name, surname, cityId) values (48, '2011-01-20', 17326232, 0, 'Winny', 'O''Kinedy', 138);
insert into Student (id, birthdate, dni, genre, name, surname, cityId) values (49, '1948-04-08', 53006227, 2, 'Worden', 'McEttigen', 25);
insert into Student (id, birthdate, dni, genre, name, surname, cityId) values (50, '1932-03-01', 32174152, 1, 'Kelly', 'McConnell', 147);
insert into Student (id, birthdate, dni, genre, name, surname, cityId) values (51, '1934-07-31', 19511564, 2, 'Dru', 'Wiz', 67);
insert into Student (id, birthdate, dni, genre, name, surname, cityId) values (52, '1953-11-02', 22465036, 1, 'Torrie', 'Romanini', 107);
insert into Student (id, birthdate, dni, genre, name, surname, cityId) values (53, '1997-06-01', 27188069, 1, 'Alwin', 'De Dantesie', 279);
insert into Student (id, birthdate, dni, genre, name, surname, cityId) values (54, '2016-09-27', 42968615, 0, 'Dyanne', 'Pauncefoot', 141);
insert into Student (id, birthdate, dni, genre, name, surname, cityId) values (55, '1986-01-26', 37208334, 2, 'Rosemaria', 'Orrick', 22);
insert into Student (id, birthdate, dni, genre, name, surname, cityId) values (56, '2004-03-02', 13728129, 2, 'Salvatore', 'Robak', 243);
insert into Student (id, birthdate, dni, genre, name, surname, cityId) values (57, '1955-09-06', 48919771, 0, 'Cecily', 'Hornung', 42);
insert into Student (id, birthdate, dni, genre, name, surname, cityId) values (58, '1997-05-31', 21011811, 2, 'Rancell', 'Salkild', 28);
insert into Student (id, birthdate, dni, genre, name, surname, cityId) values (59, '1980-06-27', 45255204, 0, 'Frederigo', 'MacDaid', 196);
insert into Student (id, birthdate, dni, genre, name, surname, cityId) values (60, '1985-05-19', 15623099, 0, 'Melody', 'Gages', 264);
insert into Student (id, birthdate, dni, genre, name, surname, cityId) values (61, '2017-06-30', 30382002, 0, 'Anthiathia', 'Almack', 291);
insert into Student (id, birthdate, dni, genre, name, surname, cityId) values (62, '1942-04-09', 36256494, 1, 'Minta', 'Fonte', 12);
insert into Student (id, birthdate, dni, genre, name, surname, cityId) values (63, '1982-04-30', 41965414, 1, 'Virge', 'Mithon', 61);
insert into Student (id, birthdate, dni, genre, name, surname, cityId) values (64, '2005-07-31', 44559305, 0, 'Morey', 'Housen', 291);
insert into Student (id, birthdate, dni, genre, name, surname, cityId) values (65, '1963-09-02', 37760291, 2, 'Mabel', 'Stalman', 101);
insert into Student (id, birthdate, dni, genre, name, surname, cityId) values (66, '1937-12-31', 51993450, 2, 'Corabella', 'Gatesman', 192);
insert into Student (id, birthdate, dni, genre, name, surname, cityId) values (67, '2005-12-28', 15230185, 2, 'Jobi', 'Juschke', 237);
insert into Student (id, birthdate, dni, genre, name, surname, cityId) values (68, '1971-11-10', 31940078, 0, 'Elsey', 'Hazlewood', 223);
insert into Student (id, birthdate, dni, genre, name, surname, cityId) values (69, '1999-06-23', 53055769, 0, 'Wallas', 'MacBean', 247);
insert into Student (id, birthdate, dni, genre, name, surname, cityId) values (70, '2004-01-13', 20161977, 1, 'Maddalena', 'Bridywater', 199);
insert into Student (id, birthdate, dni, genre, name, surname, cityId) values (71, '1930-09-01', 45822293, 2, 'Sibby', 'Endle', 198);
insert into Student (id, birthdate, dni, genre, name, surname, cityId) values (72, '1969-11-07', 16871929, 2, 'Vanessa', 'Westfield', 287);
insert into Student (id, birthdate, dni, genre, name, surname, cityId) values (73, '1994-01-07', 30010156, 2, 'Aleda', 'Edlyn', 291);
insert into Student (id, birthdate, dni, genre, name, surname, cityId) values (74, '2015-06-30', 19242772, 0, 'Ajay', 'Seniour', 44);
insert into Student (id, birthdate, dni, genre, name, surname, cityId) values (75, '1995-09-15', 25729506, 0, 'Duff', 'Speariett', 90);
insert into Student (id, birthdate, dni, genre, name, surname, cityId) values (76, '1994-02-27', 32498997, 1, 'Nata', 'Stripp', 112);
insert into Student (id, birthdate, dni, genre, name, surname, cityId) values (77, '1996-06-24', 25157598, 1, 'Urbano', 'Tamburi', 170);
insert into Student (id, birthdate, dni, genre, name, surname, cityId) values (78, '1975-07-07', 12213176, 1, 'Mar', 'Melvin', 41);
insert into Student (id, birthdate, dni, genre, name, surname, cityId) values (79, '2008-08-03', 25558512, 0, 'Kelwin', 'Richards', 169);
insert into Student (id, birthdate, dni, genre, name, surname, cityId) values (80, '1957-05-22', 11326807, 2, 'Vick', 'Malyan', 24);
insert into Student (id, birthdate, dni, genre, name, surname, cityId) values (81, '1981-02-21', 50363628, 1, 'Svend', 'Charopen', 30);
insert into Student (id, birthdate, dni, genre, name, surname, cityId) values (82, '1971-11-21', 46063823, 2, 'Kristyn', 'Tingcomb', 229);
insert into Student (id, birthdate, dni, genre, name, surname, cityId) values (83, '1949-09-21', 35582464, 0, 'Lexi', 'Clayden', 119);
insert into Student (id, birthdate, dni, genre, name, surname, cityId) values (84, '1963-02-05', 29979136, 2, 'Quill', 'Kobu', 111);
insert into Student (id, birthdate, dni, genre, name, surname, cityId) values (85, '1945-08-28', 15599607, 0, 'Anna-maria', 'Trimby', 259);
insert into Student (id, birthdate, dni, genre, name, surname, cityId) values (86, '1992-02-28', 40316155, 1, 'Darcy', 'Werendell', 157);
insert into Student (id, birthdate, dni, genre, name, surname, cityId) values (87, '1980-04-01', 27895992, 0, 'Merell', 'Noe', 36);
insert into Student (id, birthdate, dni, genre, name, surname, cityId) values (88, '1942-10-01', 42179142, 1, 'Lissie', 'Shenton', 105);
insert into Student (id, birthdate, dni, genre, name, surname, cityId) values (89, '1983-06-21', 14930024, 2, 'Roger', 'Briddock', 47);
insert into Student (id, birthdate, dni, genre, name, surname, cityId) values (90, '2008-09-23', 19193067, 2, 'Teri', 'Feldman', 160);
insert into Student (id, birthdate, dni, genre, name, surname, cityId) values (91, '1988-09-08', 25190849, 1, 'Towny', 'Chidler', 282);
insert into Student (id, birthdate, dni, genre, name, surname, cityId) values (92, '1984-12-19', 43146346, 2, 'Frannie', 'Orrett', 217);
insert into Student (id, birthdate, dni, genre, name, surname, cityId) values (93, '1974-04-12', 31091720, 0, 'Samara', 'Combes', 61);
insert into Student (id, birthdate, dni, genre, name, surname, cityId) values (94, '1936-04-06', 53304034, 0, 'Issy', 'Mead', 53);
insert into Student (id, birthdate, dni, genre, name, surname, cityId) values (95, '1979-11-27', 51147916, 1, 'Donni', 'Bartlomiej', 286);
insert into Student (id, birthdate, dni, genre, name, surname, cityId) values (96, '2001-05-24', 40287204, 1, 'Arnie', 'McGonigal', 123);
insert into Student (id, birthdate, dni, genre, name, surname, cityId) values (97, '1976-10-07', 49400025, 2, 'Nance', 'Turfs', 103);
insert into Student (id, birthdate, dni, genre, name, surname, cityId) values (98, '1946-10-04', 46698522, 1, 'Aguie', 'Le Pruvost', 88);
insert into Student (id, birthdate, dni, genre, name, surname, cityId) values (99, '2001-07-20', 29367508, 1, 'Eddi', 'Shekle', 299);
insert into Student (id, birthdate, dni, genre, name, surname, cityId) values (100, '1980-04-24', 16611885, 0, 'Tessie', 'Kibbee', 285);
insert into Student (id, birthdate, dni, genre, name, surname, cityId) values (101, '1950-09-10', 39347291, 1, 'Emile', 'Goering', 62);
insert into Student (id, birthdate, dni, genre, name, surname, cityId) values (102, '1930-07-21', 15490346, 2, 'Clarey', 'Prichet', 239);
insert into Student (id, birthdate, dni, genre, name, surname, cityId) values (103, '1935-04-20', 32481244, 2, 'Portie', 'Denziloe', 255);
insert into Student (id, birthdate, dni, genre, name, surname, cityId) values (104, '1976-09-10', 50723206, 2, 'Tann', 'Roylance', 259);
insert into Student (id, birthdate, dni, genre, name, surname, cityId) values (105, '1971-07-04', 14548785, 0, 'Leonardo', 'Plues', 103);
insert into Student (id, birthdate, dni, genre, name, surname, cityId) values (106, '2015-10-09', 43997265, 1, 'Barbe', 'Ucceli', 114);
insert into Student (id, birthdate, dni, genre, name, surname, cityId) values (107, '1997-11-16', 17060243, 0, 'Darci', 'Honnicott', 99);
insert into Student (id, birthdate, dni, genre, name, surname, cityId) values (108, '1943-01-25', 50742017, 0, 'Renato', 'Halvorsen', 223);
insert into Student (id, birthdate, dni, genre, name, surname, cityId) values (109, '1945-07-22', 34956332, 1, 'Wildon', 'Wicks', 30);
insert into Student (id, birthdate, dni, genre, name, surname, cityId) values (110, '1940-01-07', 38350657, 2, 'Coraline', 'Windle', 209);
insert into Student (id, birthdate, dni, genre, name, surname, cityId) values (111, '1941-10-17', 41192738, 2, 'Lane', 'Hannis', 246);
insert into Student (id, birthdate, dni, genre, name, surname, cityId) values (112, '1951-02-25', 42951714, 2, 'Jill', 'Jerdein', 179);
insert into Student (id, birthdate, dni, genre, name, surname, cityId) values (113, '2005-05-05', 39698280, 1, 'Corie', 'Serrurier', 289);
insert into Student (id, birthdate, dni, genre, name, surname, cityId) values (114, '2012-09-10', 18182611, 0, 'Louella', 'Hanny', 223);
insert into Student (id, birthdate, dni, genre, name, surname, cityId) values (115, '1961-12-03', 53632751, 1, 'Raphaela', 'Tabart', 203);
insert into Student (id, birthdate, dni, genre, name, surname, cityId) values (116, '2002-10-15', 30761075, 2, 'Franklin', 'Valentine', 105);
insert into Student (id, birthdate, dni, genre, name, surname, cityId) values (117, '1970-04-29', 23986182, 0, 'Alastair', 'Mc Queen', 37);
insert into Student (id, birthdate, dni, genre, name, surname, cityId) values (118, '1944-04-06', 43370450, 1, 'Cortney', 'McClinton', 85);
insert into Student (id, birthdate, dni, genre, name, surname, cityId) values (119, '1963-01-06', 51958821, 0, 'Dorey', 'Skaid', 122);
insert into Student (id, birthdate, dni, genre, name, surname, cityId) values (120, '2015-11-08', 51821757, 0, 'Elmore', 'Rableau', 95);
insert into Student (id, birthdate, dni, genre, name, surname, cityId) values (121, '2015-01-04', 15797875, 1, 'Carrissa', 'Starford', 230);
insert into Student (id, birthdate, dni, genre, name, surname, cityId) values (122, '2014-08-20', 24152139, 1, 'Hamlen', 'Risman', 185);
insert into Student (id, birthdate, dni, genre, name, surname, cityId) values (123, '1985-03-23', 15056164, 2, 'Noni', 'Poulston', 126);
insert into Student (id, birthdate, dni, genre, name, surname, cityId) values (124, '2019-02-06', 45713589, 0, 'Bogart', 'Goodrum', 90);
insert into Student (id, birthdate, dni, genre, name, surname, cityId) values (125, '1986-11-21', 18983621, 0, 'Christyna', 'Deegin', 129);
insert into Student (id, birthdate, dni, genre, name, surname, cityId) values (126, '2012-03-12', 34831969, 0, 'Clemmy', 'Pollicote', 136);
insert into Student (id, birthdate, dni, genre, name, surname, cityId) values (127, '1942-04-18', 20552446, 2, 'Fritz', 'Beynkn', 239);
insert into Student (id, birthdate, dni, genre, name, surname, cityId) values (128, '1956-06-07', 24584573, 2, 'Amanda', 'Lawrey', 224);
insert into Student (id, birthdate, dni, genre, name, surname, cityId) values (129, '2005-10-27', 33010739, 0, 'Jobie', 'Onthank', 78);
insert into Student (id, birthdate, dni, genre, name, surname, cityId) values (130, '1991-04-08', 39612308, 2, 'Luisa', 'Oylett', 218);
insert into Student (id, birthdate, dni, genre, name, surname, cityId) values (131, '1995-11-13', 22106602, 1, 'Lib', 'Yurtsev', 126);
insert into Student (id, birthdate, dni, genre, name, surname, cityId) values (132, '1962-09-02', 26012372, 0, 'Caspar', 'Routham', 159);
insert into Student (id, birthdate, dni, genre, name, surname, cityId) values (133, '1961-01-04', 15808303, 2, 'Estelle', 'Quantrell', 255);
insert into Student (id, birthdate, dni, genre, name, surname, cityId) values (134, '1956-10-08', 28999004, 2, 'Bartlet', 'Shipperbottom', 276);
insert into Student (id, birthdate, dni, genre, name, surname, cityId) values (135, '1994-12-04', 17994282, 2, 'Guendolen', 'Jacqueme', 165);
insert into Student (id, birthdate, dni, genre, name, surname, cityId) values (136, '1991-08-04', 27969871, 0, 'Eloisa', 'Jellicorse', 220);
insert into Student (id, birthdate, dni, genre, name, surname, cityId) values (137, '1982-11-20', 26800406, 1, 'Vachel', 'Hollyard', 95);
insert into Student (id, birthdate, dni, genre, name, surname, cityId) values (138, '1973-12-16', 14646385, 1, 'Seka', 'Hargreave', 296);
insert into Student (id, birthdate, dni, genre, name, surname, cityId) values (139, '1950-09-13', 48049793, 2, 'Vinita', 'Wickrath', 292);
insert into Student (id, birthdate, dni, genre, name, surname, cityId) values (140, '1994-11-09', 11101140, 2, 'Daniella', 'Coltart', 172);
insert into Student (id, birthdate, dni, genre, name, surname, cityId) values (141, '1980-06-28', 34924872, 1, 'Elmer', 'Gonthard', 35);
insert into Student (id, birthdate, dni, genre, name, surname, cityId) values (142, '2004-02-16', 47527440, 0, 'Xever', 'Gilardengo', 72);
insert into Student (id, birthdate, dni, genre, name, surname, cityId) values (143, '1994-03-05', 17282872, 1, 'Valera', 'Bazley', 1);
insert into Student (id, birthdate, dni, genre, name, surname, cityId) values (144, '1933-05-11', 46970044, 0, 'Ellsworth', 'Hows', 7);
insert into Student (id, birthdate, dni, genre, name, surname, cityId) values (145, '1992-10-31', 31308396, 1, 'Donnajean', 'Price', 265);
insert into Student (id, birthdate, dni, genre, name, surname, cityId) values (146, '1971-06-03', 28857147, 2, 'Siobhan', 'Deane', 299);
insert into Student (id, birthdate, dni, genre, name, surname, cityId) values (147, '1956-09-08', 39802445, 0, 'Codie', 'Mallon', 227);
insert into Student (id, birthdate, dni, genre, name, surname, cityId) values (148, '1955-11-23', 13122167, 2, 'Hale', 'Whelan', 274);
insert into Student (id, birthdate, dni, genre, name, surname, cityId) values (149, '1971-11-06', 44217410, 2, 'Hermia', 'Anfusso', 154);
insert into Student (id, birthdate, dni, genre, name, surname, cityId) values (150, '1979-10-26', 51944372, 0, 'Hortense', 'Children', 175);
insert into Student (id, birthdate, dni, genre, name, surname, cityId) values (151, '2014-01-18', 12737569, 0, 'Ilise', 'Mabey', 228);
insert into Student (id, birthdate, dni, genre, name, surname, cityId) values (152, '2010-08-02', 51489479, 0, 'Darsey', 'Clucas', 169);
insert into Student (id, birthdate, dni, genre, name, surname, cityId) values (153, '2015-09-05', 17822488, 1, 'Loydie', 'Letham', 106);
insert into Student (id, birthdate, dni, genre, name, surname, cityId) values (154, '2008-04-19', 32169489, 0, 'Ambrose', 'Duhig', 75);
insert into Student (id, birthdate, dni, genre, name, surname, cityId) values (155, '1950-09-11', 43546565, 0, 'Lynnea', 'Hagard', 60);
insert into Student (id, birthdate, dni, genre, name, surname, cityId) values (156, '2015-02-08', 15843375, 2, 'Brandi', 'Freake', 195);
insert into Student (id, birthdate, dni, genre, name, surname, cityId) values (157, '1936-05-29', 17121005, 2, 'Haily', 'Odger', 272);
insert into Student (id, birthdate, dni, genre, name, surname, cityId) values (158, '1956-08-26', 12727642, 2, 'Linnea', 'Quaife', 117);
insert into Student (id, birthdate, dni, genre, name, surname, cityId) values (159, '1971-05-05', 26343093, 0, 'Carol', 'Riply', 48);
insert into Student (id, birthdate, dni, genre, name, surname, cityId) values (160, '1967-08-01', 37637133, 0, 'Ailina', 'O''Lochan', 43);
insert into Student (id, birthdate, dni, genre, name, surname, cityId) values (161, '1989-07-05', 17590560, 1, 'Chevalier', 'Addicott', 140);
insert into Student (id, birthdate, dni, genre, name, surname, cityId) values (162, '1998-05-13', 18811137, 0, 'Alex', 'Blanket', 244);
insert into Student (id, birthdate, dni, genre, name, surname, cityId) values (163, '1942-01-01', 32957037, 1, 'Belinda', 'Shufflebotham', 7);
insert into Student (id, birthdate, dni, genre, name, surname, cityId) values (164, '2010-09-04', 21482480, 2, 'Easter', 'Titt', 184);
insert into Student (id, birthdate, dni, genre, name, surname, cityId) values (165, '2009-06-02', 33766153, 0, 'Alia', 'Elman', 24);
insert into Student (id, birthdate, dni, genre, name, surname, cityId) values (166, '1978-09-21', 12165860, 0, 'Tamar', 'Hartmann', 45);
insert into Student (id, birthdate, dni, genre, name, surname, cityId) values (167, '1993-09-20', 54684103, 2, 'Krystle', 'Cassie', 237);
insert into Student (id, birthdate, dni, genre, name, surname, cityId) values (168, '1955-12-30', 54328239, 2, 'Shelba', 'Duckett', 123);
insert into Student (id, birthdate, dni, genre, name, surname, cityId) values (169, '1950-07-31', 46139931, 2, 'Theo', 'Nasi', 254);
insert into Student (id, birthdate, dni, genre, name, surname, cityId) values (170, '1971-02-05', 50283970, 0, 'Gery', 'Kesteven', 254);
insert into Student (id, birthdate, dni, genre, name, surname, cityId) values (171, '1942-12-14', 19095831, 0, 'Antonie', 'Benedicte', 215);
insert into Student (id, birthdate, dni, genre, name, surname, cityId) values (172, '1944-10-06', 22415760, 0, 'Lucine', 'Hamments', 165);
insert into Student (id, birthdate, dni, genre, name, surname, cityId) values (173, '1998-10-28', 38861068, 1, 'Laird', 'Fontin', 119);
insert into Student (id, birthdate, dni, genre, name, surname, cityId) values (174, '2016-09-16', 29956293, 0, 'Constance', 'Gogie', 137);
insert into Student (id, birthdate, dni, genre, name, surname, cityId) values (175, '1962-10-29', 52111202, 0, 'Cliff', 'Brookton', 242);
insert into Student (id, birthdate, dni, genre, name, surname, cityId) values (176, '2002-10-31', 20458635, 2, 'Helen', 'Baccas', 153);
insert into Student (id, birthdate, dni, genre, name, surname, cityId) values (177, '1994-06-14', 30091510, 1, 'Chad', 'Durrant', 58);
insert into Student (id, birthdate, dni, genre, name, surname, cityId) values (178, '1935-04-03', 18832887, 0, 'Tremayne', 'Frayne', 297);
insert into Student (id, birthdate, dni, genre, name, surname, cityId) values (179, '2019-02-17', 45099761, 1, 'Jayme', 'Duxbarry', 79);
insert into Student (id, birthdate, dni, genre, name, surname, cityId) values (180, '1999-06-19', 21510444, 0, 'Culver', 'Shearsby', 244);
insert into Student (id, birthdate, dni, genre, name, surname, cityId) values (181, '1937-11-06', 37396378, 1, 'Waldo', 'Wellbeloved', 179);
insert into Student (id, birthdate, dni, genre, name, surname, cityId) values (182, '2017-07-14', 16664984, 0, 'Wakefield', 'Licquorish', 82);
insert into Student (id, birthdate, dni, genre, name, surname, cityId) values (183, '1945-03-27', 37357815, 1, 'Pooh', 'Goggen', 25);
insert into Student (id, birthdate, dni, genre, name, surname, cityId) values (184, '2007-09-13', 11627354, 0, 'Augustine', 'Elner', 62);
insert into Student (id, birthdate, dni, genre, name, surname, cityId) values (185, '1962-05-10', 14578502, 0, 'Honor', 'McPhilip', 296);
insert into Student (id, birthdate, dni, genre, name, surname, cityId) values (186, '1962-10-12', 21749263, 1, 'Nikkie', 'Zannotti', 27);
insert into Student (id, birthdate, dni, genre, name, surname, cityId) values (187, '1998-07-17', 30069662, 1, 'Ive', 'Guillotin', 148);
insert into Student (id, birthdate, dni, genre, name, surname, cityId) values (188, '1998-08-26', 42664860, 0, 'Johannah', 'Applebee', 216);
insert into Student (id, birthdate, dni, genre, name, surname, cityId) values (189, '1965-11-15', 43198732, 0, 'Ludovika', 'Boughton', 38);
insert into Student (id, birthdate, dni, genre, name, surname, cityId) values (190, '1974-01-08', 15885535, 0, 'Sacha', 'O''Hara', 63);
insert into Student (id, birthdate, dni, genre, name, surname, cityId) values (191, '1981-04-11', 19509614, 0, 'Cindelyn', 'Sirette', 63);
insert into Student (id, birthdate, dni, genre, name, surname, cityId) values (192, '1937-06-08', 51847051, 1, 'Tucker', 'Barrabeale', 96);
insert into Student (id, birthdate, dni, genre, name, surname, cityId) values (193, '1995-10-30', 36146889, 1, 'Kora', 'Elsop', 39);
insert into Student (id, birthdate, dni, genre, name, surname, cityId) values (194, '1961-02-03', 40157799, 0, 'Darcey', 'Coultass', 201);
insert into Student (id, birthdate, dni, genre, name, surname, cityId) values (195, '1966-11-27', 36426831, 0, 'Hammad', 'Lartice', 259);
insert into Student (id, birthdate, dni, genre, name, surname, cityId) values (196, '1954-12-27', 45419596, 2, 'Hilda', 'Kibbe', 16);
insert into Student (id, birthdate, dni, genre, name, surname, cityId) values (197, '2004-07-20', 37417074, 1, 'Rossie', 'Skentelbury', 65);
insert into Student (id, birthdate, dni, genre, name, surname, cityId) values (198, '1963-09-03', 47042479, 2, 'Brett', 'Jakoubek', 160);
insert into Student (id, birthdate, dni, genre, name, surname, cityId) values (199, '1936-05-02', 36535769, 1, 'Crissy', 'Issitt', 216);
insert into Student (id, birthdate, dni, genre, name, surname, cityId) values (200, '2015-06-05', 33512796, 1, 'Judie', 'Tighe', 19);
insert into Student (id, birthdate, dni, genre, name, surname, cityId) values (201, '1979-05-19', 11294629, 1, 'Lucian', 'Hince', 258);
insert into Student (id, birthdate, dni, genre, name, surname, cityId) values (202, '1985-07-03', 43310589, 1, 'Tate', 'Dabner', 259);
insert into Student (id, birthdate, dni, genre, name, surname, cityId) values (203, '1939-09-26', 50406003, 2, 'Odelinda', 'Swannack', 213);
insert into Student (id, birthdate, dni, genre, name, surname, cityId) values (204, '1951-06-27', 10686375, 0, 'Elmo', 'Mannin', 297);
insert into Student (id, birthdate, dni, genre, name, surname, cityId) values (205, '1953-03-03', 26814369, 0, 'Lane', 'Sommerville', 117);
insert into Student (id, birthdate, dni, genre, name, surname, cityId) values (206, '1964-07-02', 25044908, 0, 'Conrade', 'Janes', 291);
insert into Student (id, birthdate, dni, genre, name, surname, cityId) values (207, '1996-07-10', 39716289, 2, 'Michel', 'MacCourt', 79);
insert into Student (id, birthdate, dni, genre, name, surname, cityId) values (208, '1934-07-15', 24513752, 2, 'Burgess', 'Klaassens', 229);
insert into Student (id, birthdate, dni, genre, name, surname, cityId) values (209, '1959-09-05', 32995690, 1, 'Renata', 'Duligal', 185);
insert into Student (id, birthdate, dni, genre, name, surname, cityId) values (210, '1935-09-12', 15255337, 0, 'Lesly', 'Beagen', 22);
insert into Student (id, birthdate, dni, genre, name, surname, cityId) values (211, '1930-10-16', 44282977, 2, 'Gilles', 'Chevalier', 250);
insert into Student (id, birthdate, dni, genre, name, surname, cityId) values (212, '1944-10-25', 29080328, 1, 'Paddy', 'Androletti', 18);
insert into Student (id, birthdate, dni, genre, name, surname, cityId) values (213, '2009-12-10', 38465495, 0, 'Luther', 'Shipperbottom', 170);
insert into Student (id, birthdate, dni, genre, name, surname, cityId) values (214, '1955-05-08', 17843791, 0, 'Guntar', 'Gertz', 58);
insert into Student (id, birthdate, dni, genre, name, surname, cityId) values (215, '1930-05-24', 28055525, 2, 'Valdemar', 'Proudman', 226);
insert into Student (id, birthdate, dni, genre, name, surname, cityId) values (216, '1962-09-14', 21472349, 1, 'Meridel', 'Eliasen', 185);
insert into Student (id, birthdate, dni, genre, name, surname, cityId) values (217, '1997-07-16', 24402219, 1, 'Ara', 'Yantsev', 251);
insert into Student (id, birthdate, dni, genre, name, surname, cityId) values (218, '1961-09-24', 47086112, 0, 'Lynn', 'Robken', 50);
insert into Student (id, birthdate, dni, genre, name, surname, cityId) values (219, '1931-11-02', 45325598, 0, 'Gilly', 'Jannex', 59);
insert into Student (id, birthdate, dni, genre, name, surname, cityId) values (220, '2008-03-10', 16515725, 0, 'Nichole', 'Andrys', 46);
insert into Student (id, birthdate, dni, genre, name, surname, cityId) values (221, '1991-03-28', 51283094, 1, 'Clio', 'McKelvie', 12);
insert into Student (id, birthdate, dni, genre, name, surname, cityId) values (222, '2017-01-31', 45911036, 0, 'Teressa', 'Tebboth', 279);
insert into Student (id, birthdate, dni, genre, name, surname, cityId) values (223, '1981-09-02', 48432853, 1, 'Eleanore', 'Ludlem', 121);
insert into Student (id, birthdate, dni, genre, name, surname, cityId) values (224, '1985-07-20', 51352050, 0, 'Sigismundo', 'Lampard', 54);
insert into Student (id, birthdate, dni, genre, name, surname, cityId) values (225, '1932-03-15', 38765419, 2, 'Bruce', 'Hathaway', 104);
insert into Student (id, birthdate, dni, genre, name, surname, cityId) values (226, '1984-12-06', 50607132, 0, 'Chery', 'Cleevely', 300);
insert into Student (id, birthdate, dni, genre, name, surname, cityId) values (227, '1965-12-06', 43059081, 0, 'Alair', 'Hanne', 252);
insert into Student (id, birthdate, dni, genre, name, surname, cityId) values (228, '1943-09-15', 29224639, 0, 'Krystle', 'Thirsk', 244);
insert into Student (id, birthdate, dni, genre, name, surname, cityId) values (229, '1971-07-20', 15342501, 0, 'Marilyn', 'Merington', 69);
insert into Student (id, birthdate, dni, genre, name, surname, cityId) values (230, '1948-07-12', 35068584, 2, 'Thornie', 'Hartshorn', 32);
insert into Student (id, birthdate, dni, genre, name, surname, cityId) values (231, '1992-11-25', 14702901, 1, 'Gibb', 'Stubley', 29);
insert into Student (id, birthdate, dni, genre, name, surname, cityId) values (232, '1944-10-10', 23984368, 1, 'Fifine', 'Rafter', 23);
insert into Student (id, birthdate, dni, genre, name, surname, cityId) values (233, '1933-01-15', 48631853, 0, 'Billy', 'Foreman', 299);
insert into Student (id, birthdate, dni, genre, name, surname, cityId) values (234, '1965-10-16', 40427011, 1, 'Fidel', 'Lackey', 155);
insert into Student (id, birthdate, dni, genre, name, surname, cityId) values (235, '1954-08-25', 36006746, 2, 'Reyna', 'Abrashkov', 76);
insert into Student (id, birthdate, dni, genre, name, surname, cityId) values (236, '2001-12-18', 54441011, 0, 'Erastus', 'Beccero', 170);
insert into Student (id, birthdate, dni, genre, name, surname, cityId) values (237, '1972-09-27', 24625906, 0, 'Silvie', 'Prater', 117);
insert into Student (id, birthdate, dni, genre, name, surname, cityId) values (238, '1957-08-16', 23116309, 1, 'Benjamen', 'Raecroft', 276);
insert into Student (id, birthdate, dni, genre, name, surname, cityId) values (239, '1996-05-23', 44614692, 1, 'Amalea', 'Isenor', 129);
insert into Student (id, birthdate, dni, genre, name, surname, cityId) values (240, '1945-09-18', 11411572, 1, 'Tobias', 'Miranda', 135);
insert into Student (id, birthdate, dni, genre, name, surname, cityId) values (241, '1966-11-08', 39933433, 1, 'Saundra', 'Lashley', 243);
insert into Student (id, birthdate, dni, genre, name, surname, cityId) values (242, '1962-01-16', 12158914, 1, 'Juan', 'Shelf', 270);
insert into Student (id, birthdate, dni, genre, name, surname, cityId) values (243, '1966-10-22', 33942789, 2, 'Torrie', 'Dunridge', 111);
insert into Student (id, birthdate, dni, genre, name, surname, cityId) values (244, '1995-07-21', 21047987, 0, 'Laney', 'Hegley', 110);
insert into Student (id, birthdate, dni, genre, name, surname, cityId) values (245, '1931-09-25', 30015672, 0, 'Oates', 'Maudsley', 116);
insert into Student (id, birthdate, dni, genre, name, surname, cityId) values (246, '2010-04-05', 49643345, 1, 'Ruthann', 'Pendleton', 74);
insert into Student (id, birthdate, dni, genre, name, surname, cityId) values (247, '2004-03-29', 35736276, 0, 'Any', 'Greep', 239);
insert into Student (id, birthdate, dni, genre, name, surname, cityId) values (248, '1992-01-16', 18365960, 2, 'Gibbie', 'Twitchett', 279);
insert into Student (id, birthdate, dni, genre, name, surname, cityId) values (249, '1977-10-04', 49529390, 0, 'Eachelle', 'Cheavin', 110);
insert into Student (id, birthdate, dni, genre, name, surname, cityId) values (250, '1990-10-24', 37969848, 2, 'Henry', 'Earwaker', 122);
insert into Student (id, birthdate, dni, genre, name, surname, cityId) values (251, '2013-10-18', 37546272, 2, 'Kyle', 'McArthur', 21);
insert into Student (id, birthdate, dni, genre, name, surname, cityId) values (252, '2006-12-17', 14317938, 2, 'Claire', 'Shovel', 37);
insert into Student (id, birthdate, dni, genre, name, surname, cityId) values (253, '1947-02-20', 26819484, 2, 'Jaime', 'Stollenbeck', 70);
insert into Student (id, birthdate, dni, genre, name, surname, cityId) values (254, '1975-08-17', 40915790, 0, 'Paddie', 'Colbridge', 108);
insert into Student (id, birthdate, dni, genre, name, surname, cityId) values (255, '2003-08-16', 24551701, 0, 'Gianna', 'MacGee', 146);
insert into Student (id, birthdate, dni, genre, name, surname, cityId) values (256, '1997-05-11', 48142351, 0, 'Sheela', 'Ballintyne', 283);
insert into Student (id, birthdate, dni, genre, name, surname, cityId) values (257, '2001-01-02', 54990598, 1, 'Renell', 'Balffye', 143);
insert into Student (id, birthdate, dni, genre, name, surname, cityId) values (258, '2000-09-07', 28904540, 1, 'Krissy', 'Martini', 163);
insert into Student (id, birthdate, dni, genre, name, surname, cityId) values (259, '1980-02-11', 13468073, 1, 'Ramona', 'Chidwick', 22);
insert into Student (id, birthdate, dni, genre, name, surname, cityId) values (260, '1934-01-01', 39896577, 2, 'Carroll', 'Sheepy', 133);
insert into Student (id, birthdate, dni, genre, name, surname, cityId) values (261, '1936-07-06', 33927774, 1, 'Janella', 'Verney', 243);
insert into Student (id, birthdate, dni, genre, name, surname, cityId) values (262, '1990-12-17', 30236463, 2, 'Angelita', 'Wooding', 234);
insert into Student (id, birthdate, dni, genre, name, surname, cityId) values (263, '2013-01-21', 52079152, 2, 'Bartholomew', 'De Dei', 188);
insert into Student (id, birthdate, dni, genre, name, surname, cityId) values (264, '1931-09-08', 23017558, 0, 'Theresa', 'Wynrahame', 53);
insert into Student (id, birthdate, dni, genre, name, surname, cityId) values (265, '1992-08-05', 32115297, 2, 'Morten', 'Blasiak', 58);
insert into Student (id, birthdate, dni, genre, name, surname, cityId) values (266, '2010-05-17', 29676763, 2, 'Janene', 'Bernard', 160);
insert into Student (id, birthdate, dni, genre, name, surname, cityId) values (267, '1989-04-18', 41071549, 2, 'Fernanda', 'Audus', 235);
insert into Student (id, birthdate, dni, genre, name, surname, cityId) values (268, '1964-08-20', 43385232, 1, 'Lilllie', 'Klimkovich', 206);
insert into Student (id, birthdate, dni, genre, name, surname, cityId) values (269, '2017-06-09', 16666535, 2, 'Bartholomeo', 'Walsom', 225);
insert into Student (id, birthdate, dni, genre, name, surname, cityId) values (270, '1973-04-08', 46079727, 0, 'Heida', 'Neaves', 174);
insert into Student (id, birthdate, dni, genre, name, surname, cityId) values (271, '1974-03-07', 33635175, 0, 'Analiese', 'Songhurst', 300);
insert into Student (id, birthdate, dni, genre, name, surname, cityId) values (272, '2014-03-06', 30587850, 1, 'Brod', 'Daouze', 32);
insert into Student (id, birthdate, dni, genre, name, surname, cityId) values (273, '2016-09-01', 39860145, 0, 'Nesta', 'Castanie', 180);
insert into Student (id, birthdate, dni, genre, name, surname, cityId) values (274, '1938-09-29', 52235588, 1, 'Tull', 'Henriques', 104);
insert into Student (id, birthdate, dni, genre, name, surname, cityId) values (275, '1981-05-07', 36516894, 0, 'Arnold', 'Pitkin', 179);
insert into Student (id, birthdate, dni, genre, name, surname, cityId) values (276, '2000-01-18', 10925145, 1, 'Jorey', 'Osgerby', 193);
insert into Student (id, birthdate, dni, genre, name, surname, cityId) values (277, '1944-12-06', 41536218, 0, 'Rodd', 'Constant', 142);
insert into Student (id, birthdate, dni, genre, name, surname, cityId) values (278, '2012-05-15', 15880076, 1, 'Goldie', 'Di Matteo', 94);
insert into Student (id, birthdate, dni, genre, name, surname, cityId) values (279, '1938-04-10', 17623508, 0, 'Aleta', 'Whooley', 108);
insert into Student (id, birthdate, dni, genre, name, surname, cityId) values (280, '1935-11-21', 31263487, 1, 'Ynez', 'Sessuns', 295);
insert into Student (id, birthdate, dni, genre, name, surname, cityId) values (281, '1998-02-06', 28900641, 2, 'Lorne', 'Junes', 42);
insert into Student (id, birthdate, dni, genre, name, surname, cityId) values (282, '2016-03-11', 53711387, 1, 'Tirrell', 'Yokley', 112);
insert into Student (id, birthdate, dni, genre, name, surname, cityId) values (283, '1988-11-23', 54882907, 2, 'Lurette', 'Larimer', 148);
insert into Student (id, birthdate, dni, genre, name, surname, cityId) values (284, '1977-12-20', 51668085, 0, 'Web', 'Ajam', 184);
insert into Student (id, birthdate, dni, genre, name, surname, cityId) values (285, '1983-06-16', 30030523, 1, 'Zaneta', 'Gotts', 211);
insert into Student (id, birthdate, dni, genre, name, surname, cityId) values (286, '1972-08-13', 31278774, 1, 'Adolphe', 'Foux', 37);
insert into Student (id, birthdate, dni, genre, name, surname, cityId) values (287, '1970-05-03', 31892944, 1, 'Belinda', 'Hanmore', 133);
insert into Student (id, birthdate, dni, genre, name, surname, cityId) values (288, '1990-08-26', 40200176, 1, 'Lindy', 'Featenby', 61);
insert into Student (id, birthdate, dni, genre, name, surname, cityId) values (289, '1999-10-31', 19004077, 2, 'Jo', 'Marrow', 98);
insert into Student (id, birthdate, dni, genre, name, surname, cityId) values (290, '1987-03-17', 21448451, 2, 'Armin', 'Walklot', 294);
insert into Student (id, birthdate, dni, genre, name, surname, cityId) values (291, '2004-10-22', 27517762, 1, 'Kipper', 'Espine', 38);
insert into Student (id, birthdate, dni, genre, name, surname, cityId) values (292, '1948-04-23', 22909827, 1, 'Gaylor', 'Karpeev', 155);
insert into Student (id, birthdate, dni, genre, name, surname, cityId) values (293, '1959-10-21', 32556416, 2, 'Cristen', 'Roskelley', 118);
insert into Student (id, birthdate, dni, genre, name, surname, cityId) values (294, '1995-09-23', 50758418, 2, 'Ricoriki', 'McSperrin', 73);
insert into Student (id, birthdate, dni, genre, name, surname, cityId) values (295, '1980-07-28', 19305807, 2, 'Ettie', 'Schuelcke', 18);
insert into Student (id, birthdate, dni, genre, name, surname, cityId) values (296, '1986-07-09', 27346679, 1, 'Jenifer', 'Luce', 188);
insert into Student (id, birthdate, dni, genre, name, surname, cityId) values (297, '1969-09-29', 10404477, 2, 'Duky', 'Gever', 215);
insert into Student (id, birthdate, dni, genre, name, surname, cityId) values (298, '1973-11-22', 20737240, 1, 'Ariella', 'McMains', 32);
insert into Student (id, birthdate, dni, genre, name, surname, cityId) values (299, '1986-01-16', 15540060, 0, 'Findlay', 'Dahlberg', 262);
insert into Student (id, birthdate, dni, genre, name, surname, cityId) values (300, '1987-05-01', 27267331, 1, 'Camey', 'Colin', 97);
insert into Student (id, birthdate, dni, genre, name, surname, cityId) values (301, '1939-10-10', 23083670, 0, 'Aurel', 'McQuillan', 250);
insert into Student (id, birthdate, dni, genre, name, surname, cityId) values (302, '1945-07-15', 47380153, 1, 'Norri', 'Tinkler', 118);
insert into Student (id, birthdate, dni, genre, name, surname, cityId) values (303, '1949-06-16', 17526325, 1, 'Dyna', 'Cluney', 189);
insert into Student (id, birthdate, dni, genre, name, surname, cityId) values (304, '1962-11-05', 29851691, 0, 'Whitman', 'O''Cahill', 240);
insert into Student (id, birthdate, dni, genre, name, surname, cityId) values (305, '2003-08-01', 21700460, 0, 'Lelia', 'Malster', 107);
insert into Student (id, birthdate, dni, genre, name, surname, cityId) values (306, '1934-03-12', 53830192, 1, 'Lotte', 'Gorthy', 250);
insert into Student (id, birthdate, dni, genre, name, surname, cityId) values (307, '1939-10-20', 35505234, 1, 'Mattie', 'Mouat', 174);
insert into Student (id, birthdate, dni, genre, name, surname, cityId) values (308, '1980-08-14', 39016163, 2, 'Shelley', 'Million', 287);
insert into Student (id, birthdate, dni, genre, name, surname, cityId) values (309, '1935-08-29', 37954268, 0, 'Rudolf', 'Ivanitsa', 167);
insert into Student (id, birthdate, dni, genre, name, surname, cityId) values (310, '1993-05-18', 36333069, 0, 'Merry', 'Papen', 38);
insert into Student (id, birthdate, dni, genre, name, surname, cityId) values (311, '1989-11-07', 53421173, 1, 'Josi', 'Nertney', 129);
insert into Student (id, birthdate, dni, genre, name, surname, cityId) values (312, '1982-08-15', 45326331, 0, 'Ashbey', 'Tucsell', 40);
insert into Student (id, birthdate, dni, genre, name, surname, cityId) values (313, '1947-12-01', 30506572, 2, 'Andeee', 'Nanson', 67);
insert into Student (id, birthdate, dni, genre, name, surname, cityId) values (314, '1945-07-12', 26018935, 2, 'Emelda', 'Inglesant', 100);
insert into Student (id, birthdate, dni, genre, name, surname, cityId) values (315, '1996-05-24', 33045960, 0, 'Gerianna', 'Testo', 211);
insert into Student (id, birthdate, dni, genre, name, surname, cityId) values (316, '2002-10-31', 19789432, 0, 'Kingston', 'Quilligan', 224);
insert into Student (id, birthdate, dni, genre, name, surname, cityId) values (317, '1984-01-22', 36572775, 2, 'Ulla', 'Pieter', 23);
insert into Student (id, birthdate, dni, genre, name, surname, cityId) values (318, '2007-04-23', 24118039, 1, 'Carmine', 'Grebert', 207);
insert into Student (id, birthdate, dni, genre, name, surname, cityId) values (319, '1977-02-27', 25782180, 1, 'Allyce', 'De Blasi', 300);
insert into Student (id, birthdate, dni, genre, name, surname, cityId) values (320, '1945-10-27', 17211449, 0, 'Bobette', 'Buxsy', 70);
insert into Student (id, birthdate, dni, genre, name, surname, cityId) values (321, '1957-03-18', 20200637, 2, 'Wilhelmina', 'Longmuir', 148);
insert into Student (id, birthdate, dni, genre, name, surname, cityId) values (322, '1984-11-08', 45086865, 0, 'Mellisent', 'Fawdry', 129);
insert into Student (id, birthdate, dni, genre, name, surname, cityId) values (323, '1951-01-14', 10779408, 2, 'Emilee', 'Brimblecomb', 62);
insert into Student (id, birthdate, dni, genre, name, surname, cityId) values (324, '1954-05-28', 20277583, 0, 'Allyson', 'Rapo', 71);
insert into Student (id, birthdate, dni, genre, name, surname, cityId) values (325, '2012-04-17', 51397279, 1, 'Care', 'Abbett', 267);
insert into Student (id, birthdate, dni, genre, name, surname, cityId) values (326, '1961-06-06', 15652309, 2, 'Hazel', 'Baden', 46);
insert into Student (id, birthdate, dni, genre, name, surname, cityId) values (327, '1981-12-31', 46097531, 2, 'Arabelle', 'Stenett', 105);
insert into Student (id, birthdate, dni, genre, name, surname, cityId) values (328, '2011-04-14', 29209106, 1, 'Trixi', 'Betonia', 164);
insert into Student (id, birthdate, dni, genre, name, surname, cityId) values (329, '1934-03-15', 34492613, 1, 'Gothart', 'Erington', 255);
insert into Student (id, birthdate, dni, genre, name, surname, cityId) values (330, '1968-07-14', 19420494, 1, 'Morgan', 'Bamlet', 224);
insert into Student (id, birthdate, dni, genre, name, surname, cityId) values (331, '1975-05-11', 39230207, 1, 'Solomon', 'Winchester', 34);
insert into Student (id, birthdate, dni, genre, name, surname, cityId) values (332, '1947-08-17', 17791712, 1, 'Cirillo', 'Josupeit', 146);
insert into Student (id, birthdate, dni, genre, name, surname, cityId) values (333, '1946-08-19', 52329439, 2, 'Monah', 'Bonome', 263);
insert into Student (id, birthdate, dni, genre, name, surname, cityId) values (334, '1989-11-06', 12579802, 2, 'Stephenie', 'Groom', 160);
insert into Student (id, birthdate, dni, genre, name, surname, cityId) values (335, '1939-12-06', 15091796, 0, 'Fernandina', 'Crowest', 152);
insert into Student (id, birthdate, dni, genre, name, surname, cityId) values (336, '2013-01-09', 17868974, 2, 'Layton', 'Cayton', 61);
insert into Student (id, birthdate, dni, genre, name, surname, cityId) values (337, '1956-05-14', 41915355, 0, 'Kalila', 'Trusty', 74);
insert into Student (id, birthdate, dni, genre, name, surname, cityId) values (338, '1954-07-01', 47337005, 0, 'Gwennie', 'Bligh', 223);
insert into Student (id, birthdate, dni, genre, name, surname, cityId) values (339, '1934-12-22', 42688418, 2, 'Catharine', 'Cullon', 217);
insert into Student (id, birthdate, dni, genre, name, surname, cityId) values (340, '1932-09-30', 41970793, 2, 'Tad', 'Antognelli', 216);
insert into Student (id, birthdate, dni, genre, name, surname, cityId) values (341, '1996-01-09', 44560453, 2, 'Koo', 'Zuppa', 219);
insert into Student (id, birthdate, dni, genre, name, surname, cityId) values (342, '1942-05-12', 41122294, 1, 'Franklyn', 'Abbison', 147);
insert into Student (id, birthdate, dni, genre, name, surname, cityId) values (343, '1970-08-17', 20031373, 0, 'Margalo', 'Sheers', 206);
insert into Student (id, birthdate, dni, genre, name, surname, cityId) values (344, '2006-07-29', 41897873, 1, 'Alissa', 'Scannell', 109);
insert into Student (id, birthdate, dni, genre, name, surname, cityId) values (345, '2013-05-16', 36532627, 2, 'Amelita', 'Kempston', 35);
insert into Student (id, birthdate, dni, genre, name, surname, cityId) values (346, '1967-09-15', 15868941, 0, 'Eldridge', 'Gronous', 39);
insert into Student (id, birthdate, dni, genre, name, surname, cityId) values (347, '1998-09-23', 35590412, 2, 'Etti', 'Lys', 278);
insert into Student (id, birthdate, dni, genre, name, surname, cityId) values (348, '1931-06-28', 53254861, 1, 'Layla', 'Yaus', 182);
insert into Student (id, birthdate, dni, genre, name, surname, cityId) values (349, '1968-08-21', 54557649, 0, 'Matty', 'Messum', 204);
insert into Student (id, birthdate, dni, genre, name, surname, cityId) values (350, '2013-10-31', 49962378, 1, 'Bethany', 'Trewett', 100);
insert into Student (id, birthdate, dni, genre, name, surname, cityId) values (351, '1989-12-29', 31030683, 1, 'Gusti', 'Macrow', 292);
insert into Student (id, birthdate, dni, genre, name, surname, cityId) values (352, '1961-01-30', 47623344, 0, 'Joanna', 'Caldaro', 197);
insert into Student (id, birthdate, dni, genre, name, surname, cityId) values (353, '1959-03-11', 23631219, 0, 'Odell', 'Abbotson', 114);
insert into Student (id, birthdate, dni, genre, name, surname, cityId) values (354, '2000-05-14', 23428383, 2, 'Carolynn', 'Allonby', 180);
insert into Student (id, birthdate, dni, genre, name, surname, cityId) values (355, '1991-04-13', 49454040, 2, 'Andeee', 'Yakovitch', 224);
insert into Student (id, birthdate, dni, genre, name, surname, cityId) values (356, '1976-07-04', 14021511, 0, 'Kari', 'Redgrave', 220);
insert into Student (id, birthdate, dni, genre, name, surname, cityId) values (357, '1943-08-06', 31394892, 0, 'Sheila-kathryn', 'Dowden', 29);
insert into Student (id, birthdate, dni, genre, name, surname, cityId) values (358, '1956-01-24', 28453186, 1, 'Danya', 'Newson', 17);
insert into Student (id, birthdate, dni, genre, name, surname, cityId) values (359, '1950-08-08', 54544350, 0, 'Lena', 'Videan', 199);
insert into Student (id, birthdate, dni, genre, name, surname, cityId) values (360, '1987-04-13', 33029006, 2, 'Felisha', 'Ahrenius', 225);
insert into Student (id, birthdate, dni, genre, name, surname, cityId) values (361, '2006-08-31', 50795673, 1, 'Carolynn', 'Le Moucheux', 155);
insert into Student (id, birthdate, dni, genre, name, surname, cityId) values (362, '1949-07-31', 38483450, 1, 'Annamaria', 'Fullerton', 28);
insert into Student (id, birthdate, dni, genre, name, surname, cityId) values (363, '1987-01-18', 32728148, 0, 'Todd', 'Stickler', 103);
insert into Student (id, birthdate, dni, genre, name, surname, cityId) values (364, '1939-05-20', 23076089, 0, 'Rockey', 'Swaffield', 297);
insert into Student (id, birthdate, dni, genre, name, surname, cityId) values (365, '1964-09-16', 43531903, 0, 'Trenna', 'Morkham', 98);
insert into Student (id, birthdate, dni, genre, name, surname, cityId) values (366, '1974-10-11', 31128039, 1, 'Cynthie', 'Paybody', 76);
insert into Student (id, birthdate, dni, genre, name, surname, cityId) values (367, '1930-05-10', 36684693, 0, 'Scarlett', 'Wingrove', 202);
insert into Student (id, birthdate, dni, genre, name, surname, cityId) values (368, '1986-05-21', 19906109, 1, 'Graham', 'Goldston', 92);
insert into Student (id, birthdate, dni, genre, name, surname, cityId) values (369, '1946-08-12', 10191359, 0, 'Diana', 'Cestard', 293);
insert into Student (id, birthdate, dni, genre, name, surname, cityId) values (370, '1984-05-25', 53592527, 0, 'Kelvin', 'Doumer', 300);
insert into Student (id, birthdate, dni, genre, name, surname, cityId) values (371, '1937-08-02', 21943135, 1, 'Greg', 'Scriviner', 184);
insert into Student (id, birthdate, dni, genre, name, surname, cityId) values (372, '1991-10-05', 46685080, 0, 'Nanine', 'Mindenhall', 298);
insert into Student (id, birthdate, dni, genre, name, surname, cityId) values (373, '1983-05-01', 33362728, 2, 'Nadeen', 'Heynen', 181);
insert into Student (id, birthdate, dni, genre, name, surname, cityId) values (374, '1967-03-23', 40424317, 1, 'Barbie', 'Kinsell', 271);
insert into Student (id, birthdate, dni, genre, name, surname, cityId) values (375, '1959-03-13', 35207266, 1, 'Leigh', 'Crayke', 147);
insert into Student (id, birthdate, dni, genre, name, surname, cityId) values (376, '1991-10-11', 13615671, 1, 'Ave', 'Michelle', 210);
insert into Student (id, birthdate, dni, genre, name, surname, cityId) values (377, '1970-07-04', 29664263, 0, 'Harri', 'Parkey', 39);
insert into Student (id, birthdate, dni, genre, name, surname, cityId) values (378, '2011-04-06', 13626678, 0, 'Pegeen', 'MacKimm', 176);
insert into Student (id, birthdate, dni, genre, name, surname, cityId) values (379, '2004-11-03', 47981433, 2, 'Ware', 'Warratt', 256);
insert into Student (id, birthdate, dni, genre, name, surname, cityId) values (380, '2017-11-16', 27027989, 2, 'Weylin', 'Elcoate', 200);
insert into Student (id, birthdate, dni, genre, name, surname, cityId) values (381, '1998-05-03', 51703455, 2, 'Terrye', 'Drinkale', 88);
insert into Student (id, birthdate, dni, genre, name, surname, cityId) values (382, '1958-05-20', 14123727, 1, 'Alberik', 'Slessor', 76);
insert into Student (id, birthdate, dni, genre, name, surname, cityId) values (383, '1950-05-31', 24544353, 2, 'Galven', 'Bartholomew', 33);
insert into Student (id, birthdate, dni, genre, name, surname, cityId) values (384, '1958-09-05', 54322205, 2, 'Laney', 'Work', 160);
insert into Student (id, birthdate, dni, genre, name, surname, cityId) values (385, '2004-09-10', 25949163, 0, 'Harris', 'Burdge', 57);
insert into Student (id, birthdate, dni, genre, name, surname, cityId) values (386, '1942-03-20', 39164705, 1, 'Karl', 'Abbatini', 289);
insert into Student (id, birthdate, dni, genre, name, surname, cityId) values (387, '2003-09-23', 50173481, 1, 'Marthe', 'Barnfield', 116);
insert into Student (id, birthdate, dni, genre, name, surname, cityId) values (388, '1967-07-21', 32468190, 0, 'Maire', 'Zebedee', 59);
insert into Student (id, birthdate, dni, genre, name, surname, cityId) values (389, '1983-09-30', 34497107, 2, 'Ameline', 'Scollard', 201);
insert into Student (id, birthdate, dni, genre, name, surname, cityId) values (390, '1990-08-31', 27556021, 2, 'Horatius', 'Kondrachenko', 296);
insert into Student (id, birthdate, dni, genre, name, surname, cityId) values (391, '1977-05-12', 13692529, 1, 'Kevan', 'Ruslinge', 65);
insert into Student (id, birthdate, dni, genre, name, surname, cityId) values (392, '1947-09-08', 16182302, 1, 'Vallie', 'Albiston', 260);
insert into Student (id, birthdate, dni, genre, name, surname, cityId) values (393, '1995-03-06', 16742245, 2, 'Bealle', 'Bannerman', 172);
insert into Student (id, birthdate, dni, genre, name, surname, cityId) values (394, '1980-12-28', 22209086, 1, 'Duke', 'Scotney', 168);
insert into Student (id, birthdate, dni, genre, name, surname, cityId) values (395, '1932-11-11', 23433227, 0, 'Hettie', 'Origan', 62);
insert into Student (id, birthdate, dni, genre, name, surname, cityId) values (396, '1969-03-25', 15856275, 1, 'Hetty', 'Costa', 238);
insert into Student (id, birthdate, dni, genre, name, surname, cityId) values (397, '1993-10-29', 43468718, 1, 'Patty', 'Robard', 231);
insert into Student (id, birthdate, dni, genre, name, surname, cityId) values (398, '1998-08-23', 28061179, 2, 'Sammie', 'Greengrass', 295);
insert into Student (id, birthdate, dni, genre, name, surname, cityId) values (399, '1958-06-05', 28062411, 1, 'Scotti', 'Hale', 278);
insert into Student (id, birthdate, dni, genre, name, surname, cityId) values (400, '1967-11-15', 50900984, 2, 'Tybalt', 'Horsey', 84);
insert into Student (id, birthdate, dni, genre, name, surname, cityId) values (401, '1983-04-28', 27852071, 1, 'Joscelin', 'O''Kennedy', 153);
insert into Student (id, birthdate, dni, genre, name, surname, cityId) values (402, '1969-08-23', 10798918, 1, 'Erwin', 'Staresmeare', 164);
insert into Student (id, birthdate, dni, genre, name, surname, cityId) values (403, '1973-02-11', 25157955, 1, 'Gwenny', 'Rawe', 85);
insert into Student (id, birthdate, dni, genre, name, surname, cityId) values (404, '1970-10-02', 48548777, 0, 'Bettina', 'Roskruge', 69);
insert into Student (id, birthdate, dni, genre, name, surname, cityId) values (405, '2009-09-25', 43923016, 1, 'Lauraine', 'Maurice', 283);
insert into Student (id, birthdate, dni, genre, name, surname, cityId) values (406, '1997-08-21', 35492833, 0, 'Scarlett', 'Fountaine', 224);
insert into Student (id, birthdate, dni, genre, name, surname, cityId) values (407, '2011-07-30', 40094546, 0, 'Hamlen', 'Antoons', 189);
insert into Student (id, birthdate, dni, genre, name, surname, cityId) values (408, '1995-08-09', 22745368, 2, 'Aurilia', 'Gush', 154);
insert into Student (id, birthdate, dni, genre, name, surname, cityId) values (409, '1980-12-28', 20560786, 2, 'Mychal', 'Skoughman', 95);
insert into Student (id, birthdate, dni, genre, name, surname, cityId) values (410, '1981-04-09', 26269504, 0, 'Tessie', 'Englefield', 300);
insert into Student (id, birthdate, dni, genre, name, surname, cityId) values (411, '2014-06-13', 22503424, 0, 'Lawry', 'McAree', 128);
insert into Student (id, birthdate, dni, genre, name, surname, cityId) values (412, '1997-09-08', 52267465, 0, 'Brigit', 'Sherwin', 252);
insert into Student (id, birthdate, dni, genre, name, surname, cityId) values (413, '1965-02-18', 14680213, 1, 'Port', 'Kite', 130);
insert into Student (id, birthdate, dni, genre, name, surname, cityId) values (414, '1970-06-01', 14766977, 0, 'Frannie', 'Crampin', 202);
insert into Student (id, birthdate, dni, genre, name, surname, cityId) values (415, '1965-01-08', 26495518, 0, 'Magnum', 'Yeskov', 237);
insert into Student (id, birthdate, dni, genre, name, surname, cityId) values (416, '1976-06-25', 30136021, 2, 'Lynde', 'Arkell', 158);
insert into Student (id, birthdate, dni, genre, name, surname, cityId) values (417, '1983-01-18', 45767505, 1, 'Walther', 'Southey', 44);
insert into Student (id, birthdate, dni, genre, name, surname, cityId) values (418, '2001-04-15', 15516050, 1, 'Clemmy', 'Streeting', 205);
insert into Student (id, birthdate, dni, genre, name, surname, cityId) values (419, '1950-08-15', 48850563, 2, 'Wye', 'Schoolcroft', 136);
insert into Student (id, birthdate, dni, genre, name, surname, cityId) values (420, '1949-11-30', 41940340, 0, 'Shalom', 'Cregin', 196);
insert into Student (id, birthdate, dni, genre, name, surname, cityId) values (421, '2014-10-13', 38010952, 1, 'Kitti', 'Aim', 60);
insert into Student (id, birthdate, dni, genre, name, surname, cityId) values (422, '2007-07-18', 52942929, 1, 'Carol-jean', 'Escoffrey', 267);
insert into Student (id, birthdate, dni, genre, name, surname, cityId) values (423, '1997-04-20', 18347608, 0, 'Trev', 'Jouandet', 296);
insert into Student (id, birthdate, dni, genre, name, surname, cityId) values (424, '1954-06-08', 10646231, 1, 'Danielle', 'Hounsome', 183);
insert into Student (id, birthdate, dni, genre, name, surname, cityId) values (425, '1971-06-21', 13155202, 0, 'Diann', 'Eaden', 54);
insert into Student (id, birthdate, dni, genre, name, surname, cityId) values (426, '1967-06-09', 41482405, 1, 'Lexine', 'Ridsdell', 272);
insert into Student (id, birthdate, dni, genre, name, surname, cityId) values (427, '1951-06-22', 51342011, 0, 'Rooney', 'Winston', 296);
insert into Student (id, birthdate, dni, genre, name, surname, cityId) values (428, '1999-05-18', 12986043, 0, 'Iormina', 'Polycote', 133);
insert into Student (id, birthdate, dni, genre, name, surname, cityId) values (429, '1954-12-23', 43898059, 1, 'Dre', 'Robberecht', 49);
insert into Student (id, birthdate, dni, genre, name, surname, cityId) values (430, '2016-06-22', 26577277, 0, 'Kit', 'Shemmans', 170);
insert into Student (id, birthdate, dni, genre, name, surname, cityId) values (431, '1954-11-22', 11044350, 2, 'Leelah', 'Gatus', 217);
insert into Student (id, birthdate, dni, genre, name, surname, cityId) values (432, '1963-09-13', 21640548, 2, 'Roderick', 'MacDiarmid', 276);
insert into Student (id, birthdate, dni, genre, name, surname, cityId) values (433, '1974-06-18', 50729735, 2, 'Lynnell', 'Tathacott', 124);
insert into Student (id, birthdate, dni, genre, name, surname, cityId) values (434, '1940-07-09', 33987331, 0, 'Lainey', 'Amphlett', 82);
insert into Student (id, birthdate, dni, genre, name, surname, cityId) values (435, '1954-09-12', 12033697, 1, 'Fayre', 'Murford', 236);
insert into Student (id, birthdate, dni, genre, name, surname, cityId) values (436, '2014-08-24', 49323524, 1, 'Bertha', 'Steinhammer', 176);
insert into Student (id, birthdate, dni, genre, name, surname, cityId) values (437, '1949-02-09', 31409219, 0, 'Anestassia', 'Giannotti', 300);
insert into Student (id, birthdate, dni, genre, name, surname, cityId) values (438, '1987-10-17', 34073587, 0, 'Urbanus', 'Flacknell', 299);
insert into Student (id, birthdate, dni, genre, name, surname, cityId) values (439, '2005-05-24', 37352352, 1, 'Noe', 'Stoade', 48);
insert into Student (id, birthdate, dni, genre, name, surname, cityId) values (440, '1930-05-04', 35589996, 2, 'Jennilee', 'Werlock', 56);
insert into Student (id, birthdate, dni, genre, name, surname, cityId) values (441, '2000-08-02', 35109648, 1, 'Pernell', 'Hanbury-Brown', 157);
insert into Student (id, birthdate, dni, genre, name, surname, cityId) values (442, '1946-01-16', 34178723, 2, 'Sammie', 'Child', 205);
insert into Student (id, birthdate, dni, genre, name, surname, cityId) values (443, '1957-09-18', 11629198, 0, 'Ingrid', 'Burfield', 86);
insert into Student (id, birthdate, dni, genre, name, surname, cityId) values (444, '1991-02-16', 16196290, 0, 'Lucine', 'Senn', 235);
insert into Student (id, birthdate, dni, genre, name, surname, cityId) values (445, '1974-01-23', 10359059, 0, 'Consolata', 'Highton', 184);
insert into Student (id, birthdate, dni, genre, name, surname, cityId) values (446, '1933-03-29', 23669414, 2, 'Robina', 'Germon', 19);
insert into Student (id, birthdate, dni, genre, name, surname, cityId) values (447, '1975-04-17', 21617162, 2, 'Jaclyn', 'Abelovitz', 87);
insert into Student (id, birthdate, dni, genre, name, surname, cityId) values (448, '1954-08-06', 13012249, 2, 'Nehemiah', 'Oxton', 153);
insert into Student (id, birthdate, dni, genre, name, surname, cityId) values (449, '2013-04-04', 24359570, 0, 'Walden', 'MacGlory', 83);
insert into Student (id, birthdate, dni, genre, name, surname, cityId) values (450, '1960-11-23', 39864941, 2, 'Farlie', 'Dalgarnowch', 297);
insert into Student (id, birthdate, dni, genre, name, surname, cityId) values (451, '1957-08-10', 28714126, 0, 'Merrilee', 'Varvell', 22);
insert into Student (id, birthdate, dni, genre, name, surname, cityId) values (452, '1985-03-26', 54746582, 0, 'Joyous', 'Miklem', 123);
insert into Student (id, birthdate, dni, genre, name, surname, cityId) values (453, '1948-12-19', 21132223, 1, 'Vanya', 'Rudolph', 294);
insert into Student (id, birthdate, dni, genre, name, surname, cityId) values (454, '1951-12-29', 43533644, 2, 'Corry', 'Pharo', 40);
insert into Student (id, birthdate, dni, genre, name, surname, cityId) values (455, '1978-02-20', 11004879, 0, 'Carleton', 'Tym', 203);
insert into Student (id, birthdate, dni, genre, name, surname, cityId) values (456, '1982-12-04', 35097298, 2, 'Ardeen', 'Aldham', 250);
insert into Student (id, birthdate, dni, genre, name, surname, cityId) values (457, '2016-01-16', 10370411, 2, 'Allix', 'Ghelarducci', 149);
insert into Student (id, birthdate, dni, genre, name, surname, cityId) values (458, '1990-03-16', 26619998, 0, 'Boony', 'Burgoin', 88);
insert into Student (id, birthdate, dni, genre, name, surname, cityId) values (459, '1947-09-10', 34793542, 1, 'Goldi', 'Sproston', 229);
insert into Student (id, birthdate, dni, genre, name, surname, cityId) values (460, '1953-07-04', 27468988, 0, 'Turner', 'Torn', 189);
insert into Student (id, birthdate, dni, genre, name, surname, cityId) values (461, '2001-05-05', 10401351, 0, 'Lancelot', 'Umney', 299);
insert into Student (id, birthdate, dni, genre, name, surname, cityId) values (462, '1958-04-23', 21768394, 0, 'Benedetto', 'Demer', 210);
insert into Student (id, birthdate, dni, genre, name, surname, cityId) values (463, '1975-06-20', 29585255, 2, 'Katrina', 'Shurmore', 71);
insert into Student (id, birthdate, dni, genre, name, surname, cityId) values (464, '1957-05-22', 24430684, 0, 'Grissel', 'Ragborne', 264);
insert into Student (id, birthdate, dni, genre, name, surname, cityId) values (465, '1996-01-16', 14102259, 2, 'Andeee', 'Pietruszewicz', 230);
insert into Student (id, birthdate, dni, genre, name, surname, cityId) values (466, '1989-05-29', 53062945, 2, 'Rea', 'Skirlin', 187);
insert into Student (id, birthdate, dni, genre, name, surname, cityId) values (467, '2016-01-01', 49608903, 1, 'Mohammed', 'Dallison', 139);
insert into Student (id, birthdate, dni, genre, name, surname, cityId) values (468, '1934-08-27', 15073314, 0, 'Jereme', 'Isted', 186);
insert into Student (id, birthdate, dni, genre, name, surname, cityId) values (469, '2018-01-04', 31184738, 1, 'Herc', 'Jorn', 100);
insert into Student (id, birthdate, dni, genre, name, surname, cityId) values (470, '2003-02-19', 19631310, 0, 'Marlyn', 'Beale', 187);
insert into Student (id, birthdate, dni, genre, name, surname, cityId) values (471, '1978-03-16', 32161912, 0, 'Tandy', 'Newrick', 87);
insert into Student (id, birthdate, dni, genre, name, surname, cityId) values (472, '1999-11-28', 17224239, 2, 'Winny', 'Lagde', 296);
insert into Student (id, birthdate, dni, genre, name, surname, cityId) values (473, '2012-05-17', 23125344, 2, 'Karon', 'Backshall', 290);
insert into Student (id, birthdate, dni, genre, name, surname, cityId) values (474, '2013-05-16', 23905198, 1, 'Cassy', 'Fleet', 84);
insert into Student (id, birthdate, dni, genre, name, surname, cityId) values (475, '2003-04-23', 36412868, 2, 'Calida', 'Andrich', 17);
insert into Student (id, birthdate, dni, genre, name, surname, cityId) values (476, '1989-07-30', 34923934, 0, 'Nessie', 'Hulls', 51);
insert into Student (id, birthdate, dni, genre, name, surname, cityId) values (477, '1952-10-26', 23924356, 2, 'Lon', 'Nicely', 118);
insert into Student (id, birthdate, dni, genre, name, surname, cityId) values (478, '1948-04-25', 13261886, 2, 'Greg', 'Moutray Read', 59);
insert into Student (id, birthdate, dni, genre, name, surname, cityId) values (479, '2004-12-06', 33220883, 2, 'Ozzie', 'Groundwater', 35);
insert into Student (id, birthdate, dni, genre, name, surname, cityId) values (480, '1997-04-17', 45974343, 0, 'Emmaline', 'Scapelhorn', 265);
insert into Student (id, birthdate, dni, genre, name, surname, cityId) values (481, '1969-06-10', 43183679, 1, 'Culver', 'Macci', 227);
insert into Student (id, birthdate, dni, genre, name, surname, cityId) values (482, '1992-01-30', 47863685, 1, 'Jefferey', 'Blunsum', 15);
insert into Student (id, birthdate, dni, genre, name, surname, cityId) values (483, '2009-07-27', 54835444, 2, 'Emmet', 'Maciaszek', 132);
insert into Student (id, birthdate, dni, genre, name, surname, cityId) values (484, '1974-05-19', 35201429, 0, 'Diarmid', 'Longbottom', 265);
insert into Student (id, birthdate, dni, genre, name, surname, cityId) values (485, '1941-11-07', 46184449, 2, 'Ingmar', 'Epp', 277);
insert into Student (id, birthdate, dni, genre, name, surname, cityId) values (486, '2016-12-25', 37113070, 0, 'Georgine', 'Ginity', 5);
insert into Student (id, birthdate, dni, genre, name, surname, cityId) values (487, '1956-03-29', 46801793, 0, 'Arty', 'Palfree', 268);
insert into Student (id, birthdate, dni, genre, name, surname, cityId) values (488, '2010-09-04', 39782881, 1, 'Lexis', 'Strettell', 95);
insert into Student (id, birthdate, dni, genre, name, surname, cityId) values (489, '1946-01-08', 53586304, 1, 'Waldemar', 'Thicking', 255);
insert into Student (id, birthdate, dni, genre, name, surname, cityId) values (490, '1949-12-15', 35792718, 2, 'Brockie', 'McDonogh', 158);
insert into Student (id, birthdate, dni, genre, name, surname, cityId) values (491, '1954-01-22', 10692985, 1, 'Melania', 'Markovic', 178);
insert into Student (id, birthdate, dni, genre, name, surname, cityId) values (492, '1964-08-03', 33426090, 2, 'Juliette', 'Duchesne', 172);
insert into Student (id, birthdate, dni, genre, name, surname, cityId) values (493, '1987-10-19', 54637787, 1, 'Ignaz', 'Corteis', 125);
insert into Student (id, birthdate, dni, genre, name, surname, cityId) values (494, '2009-08-05', 14133425, 1, 'Leonardo', 'Brosenius', 89);
insert into Student (id, birthdate, dni, genre, name, surname, cityId) values (495, '2000-06-26', 16611258, 1, 'Dulsea', 'Hebbes', 177);
insert into Student (id, birthdate, dni, genre, name, surname, cityId) values (496, '2009-07-29', 26670381, 2, 'Jethro', 'Mowles', 130);
insert into Student (id, birthdate, dni, genre, name, surname, cityId) values (497, '1954-09-10', 22578778, 1, 'Row', 'Northleigh', 189);
insert into Student (id, birthdate, dni, genre, name, surname, cityId) values (498, '1987-04-28', 13908628, 1, 'Ursuline', 'Sprouls', 263);
insert into Student (id, birthdate, dni, genre, name, surname, cityId) values (499, '1944-08-31', 53639630, 1, 'Maxim', 'Dering', 282);
insert into Student (id, birthdate, dni, genre, name, surname, cityId) values (500, '2019-04-28', 18235572, 0, 'Fiona', 'Tanner', 1);
insert into Student (id, birthdate, dni, genre, name, surname, cityId) values (501, '1940-07-29', 53683115, 1, 'Clarisse', 'Bazely', 99);
insert into Student (id, birthdate, dni, genre, name, surname, cityId) values (502, '1930-01-26', 37879998, 0, 'Tarah', 'Coggan', 125);
insert into Student (id, birthdate, dni, genre, name, surname, cityId) values (503, '1945-06-10', 43130750, 2, 'Meier', 'Mould', 269);
insert into Student (id, birthdate, dni, genre, name, surname, cityId) values (504, '1982-03-24', 54450511, 0, 'Addy', 'Goodwill', 36);
insert into Student (id, birthdate, dni, genre, name, surname, cityId) values (505, '1992-08-04', 23524580, 0, 'Genni', 'Serotsky', 186);
insert into Student (id, birthdate, dni, genre, name, surname, cityId) values (506, '2000-01-08', 31206703, 2, 'Angelica', 'Lockyear', 45);
insert into Student (id, birthdate, dni, genre, name, surname, cityId) values (507, '2006-08-31', 49387770, 0, 'Marleen', 'Starbuck', 28);
insert into Student (id, birthdate, dni, genre, name, surname, cityId) values (508, '1941-03-25', 40253011, 0, 'Colas', 'Fendley', 114);
insert into Student (id, birthdate, dni, genre, name, surname, cityId) values (509, '1953-12-27', 51752236, 1, 'Isidor', 'Bonnyson', 246);
insert into Student (id, birthdate, dni, genre, name, surname, cityId) values (510, '1995-03-09', 37527434, 2, 'Arlene', 'Jaksic', 130);
insert into Student (id, birthdate, dni, genre, name, surname, cityId) values (511, '1963-09-30', 27735015, 2, 'Netta', 'Perse', 13);
insert into Student (id, birthdate, dni, genre, name, surname, cityId) values (512, '2012-04-09', 16620229, 1, 'Kenton', 'Campsall', 248);
insert into Student (id, birthdate, dni, genre, name, surname, cityId) values (513, '2008-06-04', 24108069, 2, 'Filmore', 'Andreucci', 84);
insert into Student (id, birthdate, dni, genre, name, surname, cityId) values (514, '1997-12-24', 13572293, 0, 'Byran', 'McLaughlan', 145);
insert into Student (id, birthdate, dni, genre, name, surname, cityId) values (515, '2015-07-13', 39263220, 0, 'Niven', 'Vineall', 300);
insert into Student (id, birthdate, dni, genre, name, surname, cityId) values (516, '1957-01-20', 54616026, 1, 'Giustina', 'O''Lochan', 26);
insert into Student (id, birthdate, dni, genre, name, surname, cityId) values (517, '1992-10-26', 15546258, 0, 'Gerhardt', 'Gooderick', 22);
insert into Student (id, birthdate, dni, genre, name, surname, cityId) values (518, '1963-07-21', 46661758, 0, 'Wayland', 'Druery', 221);
insert into Student (id, birthdate, dni, genre, name, surname, cityId) values (519, '1978-05-29', 24759601, 1, 'Cristie', 'Piesing', 76);
insert into Student (id, birthdate, dni, genre, name, surname, cityId) values (520, '2002-10-28', 37738710, 0, 'Beitris', 'Plaster', 63);
insert into Student (id, birthdate, dni, genre, name, surname, cityId) values (521, '1969-10-15', 37876574, 2, 'Corrine', 'Hustler', 120);
insert into Student (id, birthdate, dni, genre, name, surname, cityId) values (522, '1940-12-04', 37326822, 1, 'Nora', 'Sellwood', 190);
insert into Student (id, birthdate, dni, genre, name, surname, cityId) values (523, '1991-03-03', 32590081, 0, 'Virginia', 'Jacobsson', 129);
insert into Student (id, birthdate, dni, genre, name, surname, cityId) values (524, '1939-11-20', 23968014, 2, 'Cchaddie', 'Shortell', 97);
insert into Student (id, birthdate, dni, genre, name, surname, cityId) values (525, '1986-11-03', 49133980, 0, 'Zola', 'Ciciura', 214);
insert into Student (id, birthdate, dni, genre, name, surname, cityId) values (526, '1977-09-07', 12086894, 1, 'Deeyn', 'Graalmans', 229);
insert into Student (id, birthdate, dni, genre, name, surname, cityId) values (527, '2009-02-06', 26469619, 0, 'Suellen', 'Burgyn', 31);
insert into Student (id, birthdate, dni, genre, name, surname, cityId) values (528, '1965-11-23', 50096250, 1, 'Salomone', 'Oldale', 234);
insert into Student (id, birthdate, dni, genre, name, surname, cityId) values (529, '1953-11-03', 28293927, 2, 'Meggie', 'MacPhaden', 126);
insert into Student (id, birthdate, dni, genre, name, surname, cityId) values (530, '2000-03-07', 11313273, 0, 'Mufi', 'Vittle', 161);
insert into Student (id, birthdate, dni, genre, name, surname, cityId) values (531, '1982-02-08', 42607805, 2, 'Roddie', 'Earlam', 151);
insert into Student (id, birthdate, dni, genre, name, surname, cityId) values (532, '1982-06-03', 51647333, 0, 'Osgood', 'Halworth', 1);
insert into Student (id, birthdate, dni, genre, name, surname, cityId) values (533, '2017-06-24', 23715354, 1, 'Lovell', 'McPaike', 116);
insert into Student (id, birthdate, dni, genre, name, surname, cityId) values (534, '1946-02-21', 27138941, 1, 'Gillan', 'Laboune', 27);
insert into Student (id, birthdate, dni, genre, name, surname, cityId) values (535, '1957-11-19', 11020764, 1, 'Tally', 'Pavlov', 248);
insert into Student (id, birthdate, dni, genre, name, surname, cityId) values (536, '1935-01-30', 45883804, 2, 'Maxy', 'Drewitt', 202);
insert into Student (id, birthdate, dni, genre, name, surname, cityId) values (537, '1964-10-31', 15392547, 1, 'Maggy', 'McDonnell', 191);
insert into Student (id, birthdate, dni, genre, name, surname, cityId) values (538, '2015-10-17', 50790680, 1, 'Ezra', 'Revett', 36);
insert into Student (id, birthdate, dni, genre, name, surname, cityId) values (539, '1957-05-31', 42867403, 1, 'Kitty', 'Krebs', 183);
insert into Student (id, birthdate, dni, genre, name, surname, cityId) values (540, '1998-12-06', 39291648, 0, 'Rudyard', 'Paten', 202);
insert into Student (id, birthdate, dni, genre, name, surname, cityId) values (541, '2016-04-10', 30045966, 2, 'Gerda', 'Wasiela', 287);
insert into Student (id, birthdate, dni, genre, name, surname, cityId) values (542, '2001-10-20', 20099541, 1, 'Alanah', 'Todeo', 163);
insert into Student (id, birthdate, dni, genre, name, surname, cityId) values (543, '1995-05-23', 40738587, 2, 'Nanci', 'Hatz', 112);
insert into Student (id, birthdate, dni, genre, name, surname, cityId) values (544, '1951-11-28', 33860154, 1, 'Waylan', 'McLeoid', 130);
insert into Student (id, birthdate, dni, genre, name, surname, cityId) values (545, '1984-01-20', 49340243, 0, 'Cristian', 'Schafer', 247);
insert into Student (id, birthdate, dni, genre, name, surname, cityId) values (546, '1943-03-14', 48984590, 0, 'Merilee', 'Sawfoot', 108);
insert into Student (id, birthdate, dni, genre, name, surname, cityId) values (547, '2000-01-12', 47295614, 0, 'Maxy', 'Stockney', 246);
insert into Student (id, birthdate, dni, genre, name, surname, cityId) values (548, '1962-10-01', 18608323, 0, 'Alanah', 'Nichol', 167);
insert into Student (id, birthdate, dni, genre, name, surname, cityId) values (549, '1971-10-25', 13139286, 2, 'Bruis', 'Lyon', 198);
insert into Student (id, birthdate, dni, genre, name, surname, cityId) values (550, '1949-03-21', 32921313, 2, 'Daffie', 'Frankiss', 50);
insert into Student (id, birthdate, dni, genre, name, surname, cityId) values (551, '1949-03-15', 48644144, 2, 'Darbie', 'Greeve', 257);
insert into Student (id, birthdate, dni, genre, name, surname, cityId) values (552, '1950-06-25', 22744244, 2, 'Isador', 'Yukhin', 3);
insert into Student (id, birthdate, dni, genre, name, surname, cityId) values (553, '1985-10-06', 48913173, 1, 'Joshuah', 'Heffernan', 144);
insert into Student (id, birthdate, dni, genre, name, surname, cityId) values (554, '1976-02-13', 44185285, 2, 'Alejandrina', 'Cornborough', 170);
insert into Student (id, birthdate, dni, genre, name, surname, cityId) values (555, '1960-07-08', 43272460, 1, 'Hakeem', 'Gunny', 190);
insert into Student (id, birthdate, dni, genre, name, surname, cityId) values (556, '1996-03-17', 27894701, 1, 'Fredrick', 'Pidgen', 219);
insert into Student (id, birthdate, dni, genre, name, surname, cityId) values (557, '1998-08-03', 47924823, 0, 'Pate', 'Bright', 3);
insert into Student (id, birthdate, dni, genre, name, surname, cityId) values (558, '1972-06-02', 41009075, 2, 'Winni', 'Wasling', 126);
insert into Student (id, birthdate, dni, genre, name, surname, cityId) values (559, '1987-07-28', 21471245, 2, 'Jo ann', 'Leeman', 239);
insert into Student (id, birthdate, dni, genre, name, surname, cityId) values (560, '2007-01-04', 36007505, 1, 'Leann', 'Pentecost', 52);
insert into Student (id, birthdate, dni, genre, name, surname, cityId) values (561, '1931-11-09', 20482932, 1, 'Michael', 'Hof', 118);
insert into Student (id, birthdate, dni, genre, name, surname, cityId) values (562, '1975-01-21', 47873820, 1, 'Hernando', 'Tryme', 235);
insert into Student (id, birthdate, dni, genre, name, surname, cityId) values (563, '1941-04-30', 37432706, 2, 'Reg', 'Dahlback', 92);
insert into Student (id, birthdate, dni, genre, name, surname, cityId) values (564, '1963-11-01', 34528346, 1, 'Gisela', 'Gallone', 150);
insert into Student (id, birthdate, dni, genre, name, surname, cityId) values (565, '1950-12-07', 45456579, 1, 'Gale', 'Babbs', 58);
insert into Student (id, birthdate, dni, genre, name, surname, cityId) values (566, '1977-07-10', 46563629, 1, 'Felizio', 'Stare', 152);
insert into Student (id, birthdate, dni, genre, name, surname, cityId) values (567, '1947-11-09', 53455023, 2, 'Helenka', 'Buss', 110);
insert into Student (id, birthdate, dni, genre, name, surname, cityId) values (568, '1953-07-12', 28324111, 0, 'Joleen', 'Barton', 8);
insert into Student (id, birthdate, dni, genre, name, surname, cityId) values (569, '2006-12-05', 16496308, 2, 'Jeno', 'Gulleford', 37);
insert into Student (id, birthdate, dni, genre, name, surname, cityId) values (570, '1930-09-17', 25526052, 1, 'Sondra', 'Cuttles', 1);
insert into Student (id, birthdate, dni, genre, name, surname, cityId) values (571, '1943-12-16', 43131805, 1, 'Nicola', 'Hofler', 30);
insert into Student (id, birthdate, dni, genre, name, surname, cityId) values (572, '1999-05-31', 24765342, 2, 'Reina', 'Treby', 176);
insert into Student (id, birthdate, dni, genre, name, surname, cityId) values (573, '1982-05-13', 14969125, 1, 'Cull', 'Brockbank', 299);
insert into Student (id, birthdate, dni, genre, name, surname, cityId) values (574, '2003-09-07', 36688142, 1, 'Star', 'Fellini', 266);
insert into Student (id, birthdate, dni, genre, name, surname, cityId) values (575, '2010-08-17', 42886278, 2, 'Emmalee', 'Abelson', 169);
insert into Student (id, birthdate, dni, genre, name, surname, cityId) values (576, '2017-10-12', 30353642, 2, 'Ibbie', 'Dymick', 156);
insert into Student (id, birthdate, dni, genre, name, surname, cityId) values (577, '1967-05-01', 27013196, 2, 'Alina', 'Blogg', 93);
insert into Student (id, birthdate, dni, genre, name, surname, cityId) values (578, '1972-05-31', 24821240, 2, 'Abelard', 'Novichenko', 273);
insert into Student (id, birthdate, dni, genre, name, surname, cityId) values (579, '1943-11-05', 45119207, 1, 'Tamarra', 'Muzzollo', 57);
insert into Student (id, birthdate, dni, genre, name, surname, cityId) values (580, '2017-01-20', 13308875, 2, 'Ajay', 'Leidl', 222);
insert into Student (id, birthdate, dni, genre, name, surname, cityId) values (581, '2005-10-09', 48236404, 2, 'Charlotte', 'Robardey', 258);
insert into Student (id, birthdate, dni, genre, name, surname, cityId) values (582, '1953-11-04', 50933149, 1, 'Martyn', 'Landells', 49);
insert into Student (id, birthdate, dni, genre, name, surname, cityId) values (583, '1933-08-19', 42216688, 0, 'Lidia', 'Turton', 88);
insert into Student (id, birthdate, dni, genre, name, surname, cityId) values (584, '1995-09-04', 30505514, 2, 'Fredia', 'Penwright', 261);
insert into Student (id, birthdate, dni, genre, name, surname, cityId) values (585, '1953-10-04', 51058650, 2, 'Ryan', 'Skotcher', 143);
insert into Student (id, birthdate, dni, genre, name, surname, cityId) values (586, '1950-04-09', 54934100, 1, 'Winnah', 'Cowterd', 79);
insert into Student (id, birthdate, dni, genre, name, surname, cityId) values (587, '1979-07-04', 30170738, 1, 'Ellynn', 'Bartlosz', 60);
insert into Student (id, birthdate, dni, genre, name, surname, cityId) values (588, '2001-09-01', 34305133, 1, 'Leonanie', 'Strevens', 243);
insert into Student (id, birthdate, dni, genre, name, surname, cityId) values (589, '1955-10-19', 23890008, 0, 'Karylin', 'Hassett', 241);
insert into Student (id, birthdate, dni, genre, name, surname, cityId) values (590, '1942-02-13', 22419995, 1, 'Muffin', 'Currell', 56);
insert into Student (id, birthdate, dni, genre, name, surname, cityId) values (591, '1998-05-04', 48093302, 0, 'Walker', 'Handy', 131);
insert into Student (id, birthdate, dni, genre, name, surname, cityId) values (592, '2013-02-27', 13692134, 2, 'Jeana', 'Coathup', 38);
insert into Student (id, birthdate, dni, genre, name, surname, cityId) values (593, '1940-07-11', 42070658, 1, 'Devland', 'Mettrick', 184);
insert into Student (id, birthdate, dni, genre, name, surname, cityId) values (594, '1961-08-28', 51437943, 0, 'Ganny', 'Nanninini', 75);
insert into Student (id, birthdate, dni, genre, name, surname, cityId) values (595, '1938-03-12', 11188322, 1, 'Monti', 'Mundwell', 6);
insert into Student (id, birthdate, dni, genre, name, surname, cityId) values (596, '2009-03-12', 53392590, 1, 'Desiree', 'Doige', 225);
insert into Student (id, birthdate, dni, genre, name, surname, cityId) values (597, '1943-08-28', 51454410, 0, 'Gertie', 'Whiscard', 203);
insert into Student (id, birthdate, dni, genre, name, surname, cityId) values (598, '1961-12-15', 11527051, 1, 'Bonita', 'Armsby', 285);
insert into Student (id, birthdate, dni, genre, name, surname, cityId) values (599, '1997-10-07', 30605035, 0, 'Chelsea', 'Ostick', 298);
insert into Student (id, birthdate, dni, genre, name, surname, cityId) values (600, '1939-04-27', 41525127, 2, 'Jolyn', 'Simmig', 295);
insert into Student (id, birthdate, dni, genre, name, surname, cityId) values (601, '2006-06-01', 52182120, 2, 'Marabel', 'Hedworth', 279);
insert into Student (id, birthdate, dni, genre, name, surname, cityId) values (602, '1966-11-12', 35514219, 1, 'Danie', 'Moynihan', 15);
insert into Student (id, birthdate, dni, genre, name, surname, cityId) values (603, '1938-01-24', 29993506, 1, 'Felipa', 'Faulo', 243);
insert into Student (id, birthdate, dni, genre, name, surname, cityId) values (604, '2014-06-08', 48331571, 0, 'Donella', 'La Croce', 70);
insert into Student (id, birthdate, dni, genre, name, surname, cityId) values (605, '1986-09-05', 52284636, 0, 'Dulce', 'Gunthorpe', 264);
insert into Student (id, birthdate, dni, genre, name, surname, cityId) values (606, '1963-02-19', 53740385, 1, 'Rosette', 'Simoneschi', 151);
insert into Student (id, birthdate, dni, genre, name, surname, cityId) values (607, '1935-03-22', 51172245, 2, 'Jacquelynn', 'Ferenczy', 199);
insert into Student (id, birthdate, dni, genre, name, surname, cityId) values (608, '1971-11-09', 28504674, 2, 'Glynis', 'St Clair', 136);
insert into Student (id, birthdate, dni, genre, name, surname, cityId) values (609, '2002-03-09', 45606258, 1, 'Kenny', 'Saward', 14);
insert into Student (id, birthdate, dni, genre, name, surname, cityId) values (610, '1940-11-10', 18781767, 2, 'Harald', 'Jeeves', 136);
insert into Student (id, birthdate, dni, genre, name, surname, cityId) values (611, '1962-02-17', 32237491, 0, 'Dre', 'Sellner', 141);
insert into Student (id, birthdate, dni, genre, name, surname, cityId) values (612, '1986-04-21', 10329394, 1, 'Andie', 'Pyrke', 146);
insert into Student (id, birthdate, dni, genre, name, surname, cityId) values (613, '1950-11-24', 50265924, 0, 'Delora', 'Floweth', 272);
insert into Student (id, birthdate, dni, genre, name, surname, cityId) values (614, '1991-04-08', 38546701, 1, 'Eduino', 'Brosi', 284);
insert into Student (id, birthdate, dni, genre, name, surname, cityId) values (615, '1954-09-23', 21874564, 2, 'Madelon', 'Cheyne', 225);
insert into Student (id, birthdate, dni, genre, name, surname, cityId) values (616, '1985-06-30', 38035151, 2, 'Patience', 'MacSweeney', 265);
insert into Student (id, birthdate, dni, genre, name, surname, cityId) values (617, '1940-04-11', 19795096, 2, 'Langsdon', 'Luce', 263);
insert into Student (id, birthdate, dni, genre, name, surname, cityId) values (618, '1999-04-11', 54574913, 0, 'Midge', 'Tapson', 82);
insert into Student (id, birthdate, dni, genre, name, surname, cityId) values (619, '1988-06-21', 54699270, 1, 'Lavena', 'MacGilfoyle', 170);
insert into Student (id, birthdate, dni, genre, name, surname, cityId) values (620, '1968-10-02', 41075975, 1, 'Kara', 'Zorzutti', 298);
insert into Student (id, birthdate, dni, genre, name, surname, cityId) values (621, '1936-09-02', 38264357, 1, 'Zarah', 'Milham', 102);
insert into Student (id, birthdate, dni, genre, name, surname, cityId) values (622, '2013-10-12', 29197231, 0, 'Jemimah', 'Leal', 32);
insert into Student (id, birthdate, dni, genre, name, surname, cityId) values (623, '2015-07-24', 27840159, 1, 'Lindie', 'MacCaull', 48);
insert into Student (id, birthdate, dni, genre, name, surname, cityId) values (624, '1957-11-09', 42120373, 1, 'Amalia', 'Rockwell', 27);
insert into Student (id, birthdate, dni, genre, name, surname, cityId) values (625, '2012-10-28', 46217550, 2, 'Leonhard', 'Keywood', 134);
insert into Student (id, birthdate, dni, genre, name, surname, cityId) values (626, '2018-04-08', 41931520, 1, 'Gracie', 'Gresser', 90);
insert into Student (id, birthdate, dni, genre, name, surname, cityId) values (627, '2010-07-13', 20132771, 1, 'Darby', 'Yaxley', 96);
insert into Student (id, birthdate, dni, genre, name, surname, cityId) values (628, '1984-05-24', 40432709, 0, 'Joice', 'Rizzotto', 40);
insert into Student (id, birthdate, dni, genre, name, surname, cityId) values (629, '2002-01-01', 39680551, 0, 'Arlyne', 'Walwood', 149);
insert into Student (id, birthdate, dni, genre, name, surname, cityId) values (630, '1948-01-21', 33378268, 1, 'Gnni', 'Ostrich', 229);
insert into Student (id, birthdate, dni, genre, name, surname, cityId) values (631, '1999-12-29', 49194479, 0, 'Bronson', 'Oldrey', 24);
insert into Student (id, birthdate, dni, genre, name, surname, cityId) values (632, '1970-04-08', 52749121, 0, 'Deonne', 'Kingaby', 20);
insert into Student (id, birthdate, dni, genre, name, surname, cityId) values (633, '1990-08-15', 31789510, 1, 'Arline', 'Harbard', 160);
insert into Student (id, birthdate, dni, genre, name, surname, cityId) values (634, '2019-11-17', 23140281, 0, 'Madella', 'Challens', 143);
insert into Student (id, birthdate, dni, genre, name, surname, cityId) values (635, '1967-02-06', 44985241, 0, 'Kinnie', 'Birdis', 56);
insert into Student (id, birthdate, dni, genre, name, surname, cityId) values (636, '1950-09-24', 44340912, 0, 'Danell', 'Jupp', 16);
insert into Student (id, birthdate, dni, genre, name, surname, cityId) values (637, '1968-12-25', 47479250, 1, 'Frans', 'Maffi', 177);
insert into Student (id, birthdate, dni, genre, name, surname, cityId) values (638, '1943-12-31', 31044818, 2, 'Berkly', 'Ziems', 258);
insert into Student (id, birthdate, dni, genre, name, surname, cityId) values (639, '1960-06-22', 35859295, 1, 'Brana', 'Harburtson', 114);
insert into Student (id, birthdate, dni, genre, name, surname, cityId) values (640, '1970-02-22', 15374531, 2, 'Kipp', 'Coopman', 126);
insert into Student (id, birthdate, dni, genre, name, surname, cityId) values (641, '1964-08-05', 45438741, 0, 'Bunni', 'Renison', 160);
insert into Student (id, birthdate, dni, genre, name, surname, cityId) values (642, '1994-01-07', 22487886, 1, 'Emmalee', 'Foad', 248);
insert into Student (id, birthdate, dni, genre, name, surname, cityId) values (643, '1991-12-14', 47056411, 1, 'Allin', 'Loxley', 96);
insert into Student (id, birthdate, dni, genre, name, surname, cityId) values (644, '2013-11-29', 38092478, 0, 'Allis', 'Halgarth', 64);
insert into Student (id, birthdate, dni, genre, name, surname, cityId) values (645, '1936-09-18', 33388509, 2, 'Kelila', 'Bewlay', 184);
insert into Student (id, birthdate, dni, genre, name, surname, cityId) values (646, '1951-05-20', 36867257, 1, 'Delbert', 'Farmiloe', 174);
insert into Student (id, birthdate, dni, genre, name, surname, cityId) values (647, '2019-10-23', 14857539, 0, 'Kirsten', 'Newsham', 277);
insert into Student (id, birthdate, dni, genre, name, surname, cityId) values (648, '1962-01-12', 38870694, 0, 'Alameda', 'Ruck', 149);
insert into Student (id, birthdate, dni, genre, name, surname, cityId) values (649, '1969-02-22', 14792782, 1, 'Christophe', 'Buston', 119);
insert into Student (id, birthdate, dni, genre, name, surname, cityId) values (650, '1940-06-05', 34008881, 2, 'Barbe', 'Pretor', 257);
insert into Student (id, birthdate, dni, genre, name, surname, cityId) values (651, '1931-08-14', 39047214, 0, 'Tedd', 'Shewen', 296);
insert into Student (id, birthdate, dni, genre, name, surname, cityId) values (652, '2012-02-12', 54438207, 0, 'Jameson', 'Extil', 135);
insert into Student (id, birthdate, dni, genre, name, surname, cityId) values (653, '1993-02-27', 32947475, 2, 'Isabelle', 'Cheeney', 171);
insert into Student (id, birthdate, dni, genre, name, surname, cityId) values (654, '2004-05-01', 28666627, 2, 'Delano', 'Teml', 94);
insert into Student (id, birthdate, dni, genre, name, surname, cityId) values (655, '1944-07-06', 45659526, 1, 'Yvon', 'Claffey', 202);
insert into Student (id, birthdate, dni, genre, name, surname, cityId) values (656, '1984-06-04', 51526053, 1, 'Arther', 'McPherson', 35);
insert into Student (id, birthdate, dni, genre, name, surname, cityId) values (657, '1957-04-23', 26610214, 1, 'Bernhard', 'Scalera', 166);
insert into Student (id, birthdate, dni, genre, name, surname, cityId) values (658, '1996-05-12', 10936925, 1, 'Farra', 'Sawell', 169);
insert into Student (id, birthdate, dni, genre, name, surname, cityId) values (659, '1940-12-07', 40555739, 0, 'Leela', 'Aubery', 147);
insert into Student (id, birthdate, dni, genre, name, surname, cityId) values (660, '1932-05-31', 11242101, 1, 'Judas', 'Berrick', 240);
insert into Student (id, birthdate, dni, genre, name, surname, cityId) values (661, '1998-07-02', 27474326, 0, 'Ardella', 'Maryott', 131);
insert into Student (id, birthdate, dni, genre, name, surname, cityId) values (662, '1941-04-30', 27497203, 1, 'Mateo', 'Millberg', 244);
insert into Student (id, birthdate, dni, genre, name, surname, cityId) values (663, '1958-02-08', 26218861, 1, 'Gerri', 'Kaysor', 23);
insert into Student (id, birthdate, dni, genre, name, surname, cityId) values (664, '1941-04-16', 39128238, 2, 'Brantley', 'Margrett', 163);
insert into Student (id, birthdate, dni, genre, name, surname, cityId) values (665, '1939-02-23', 37852943, 1, 'Bettina', 'Rampage', 1);
insert into Student (id, birthdate, dni, genre, name, surname, cityId) values (666, '1996-12-10', 20880771, 0, 'Sander', 'Hurdle', 251);
insert into Student (id, birthdate, dni, genre, name, surname, cityId) values (667, '1941-04-21', 16907700, 0, 'Karl', 'Chirm', 283);
insert into Student (id, birthdate, dni, genre, name, surname, cityId) values (668, '1965-04-24', 51103397, 2, 'Kynthia', 'Berthod', 113);
insert into Student (id, birthdate, dni, genre, name, surname, cityId) values (669, '1931-06-11', 38636369, 0, 'Abra', 'Luckey', 101);
insert into Student (id, birthdate, dni, genre, name, surname, cityId) values (670, '1987-09-11', 18585400, 2, 'Dolph', 'Matoshin', 50);
insert into Student (id, birthdate, dni, genre, name, surname, cityId) values (671, '1954-04-03', 32346497, 2, 'Roz', 'Housen', 187);
insert into Student (id, birthdate, dni, genre, name, surname, cityId) values (672, '1965-10-08', 24378261, 2, 'Sterne', 'McClosh', 156);
insert into Student (id, birthdate, dni, genre, name, surname, cityId) values (673, '2007-02-17', 29163339, 2, 'Willabella', 'Rabbage', 192);
insert into Student (id, birthdate, dni, genre, name, surname, cityId) values (674, '2006-08-07', 26174488, 0, 'Ricky', 'Litel', 4);
insert into Student (id, birthdate, dni, genre, name, surname, cityId) values (675, '2003-01-24', 45703768, 2, 'Franchot', 'Iohananof', 6);
insert into Student (id, birthdate, dni, genre, name, surname, cityId) values (676, '1954-03-14', 54663975, 1, 'Sharline', 'O''Corhane', 288);
insert into Student (id, birthdate, dni, genre, name, surname, cityId) values (677, '1991-03-14', 23825771, 0, 'Mitchell', 'Redgrave', 61);
insert into Student (id, birthdate, dni, genre, name, surname, cityId) values (678, '1978-10-30', 48808089, 1, 'Adler', 'Riddoch', 223);
insert into Student (id, birthdate, dni, genre, name, surname, cityId) values (679, '1938-12-02', 24975301, 0, 'Austine', 'Gillon', 235);
insert into Student (id, birthdate, dni, genre, name, surname, cityId) values (680, '2017-11-16', 34543714, 0, 'Lauraine', 'Gerge', 263);
insert into Student (id, birthdate, dni, genre, name, surname, cityId) values (681, '2014-02-26', 35286810, 0, 'Agathe', 'Sydney', 26);
insert into Student (id, birthdate, dni, genre, name, surname, cityId) values (682, '1965-08-09', 50715782, 1, 'Rich', 'Colten', 74);
insert into Student (id, birthdate, dni, genre, name, surname, cityId) values (683, '1936-03-28', 23068416, 0, 'Patricia', 'De la Harpe', 192);
insert into Student (id, birthdate, dni, genre, name, surname, cityId) values (684, '1994-09-03', 28265109, 2, 'Maje', 'Smythe', 201);
insert into Student (id, birthdate, dni, genre, name, surname, cityId) values (685, '1970-01-29', 42036855, 2, 'Astrix', 'Rabier', 271);
insert into Student (id, birthdate, dni, genre, name, surname, cityId) values (686, '1981-06-05', 20282721, 0, 'Keeley', 'Mack', 206);
insert into Student (id, birthdate, dni, genre, name, surname, cityId) values (687, '1971-02-04', 27053478, 1, 'Codie', 'Kyneton', 282);
insert into Student (id, birthdate, dni, genre, name, surname, cityId) values (688, '1948-11-01', 54043439, 0, 'Maryanna', 'Meus', 270);
insert into Student (id, birthdate, dni, genre, name, surname, cityId) values (689, '1972-04-16', 36640638, 0, 'Jolyn', 'Grzesiak', 260);
insert into Student (id, birthdate, dni, genre, name, surname, cityId) values (690, '1931-01-06', 30602447, 1, 'Charin', 'Hamlett', 110);
insert into Student (id, birthdate, dni, genre, name, surname, cityId) values (691, '1932-12-26', 48782073, 0, 'Pauline', 'Janda', 4);
insert into Student (id, birthdate, dni, genre, name, surname, cityId) values (692, '1967-01-22', 49807472, 0, 'Rodolphe', 'O''Suaird', 199);
insert into Student (id, birthdate, dni, genre, name, surname, cityId) values (693, '1947-03-24', 44225339, 0, 'Zorina', 'Bilbrey', 158);
insert into Student (id, birthdate, dni, genre, name, surname, cityId) values (694, '1931-08-16', 28725527, 2, 'Colet', 'Jemison', 284);
insert into Student (id, birthdate, dni, genre, name, surname, cityId) values (695, '1940-01-27', 18140371, 0, 'Axe', 'Norris', 154);
insert into Student (id, birthdate, dni, genre, name, surname, cityId) values (696, '1956-03-27', 27551352, 0, 'Raddy', 'Bulger', 248);
insert into Student (id, birthdate, dni, genre, name, surname, cityId) values (697, '1934-11-30', 34765557, 1, 'Briano', 'Hatje', 124);
insert into Student (id, birthdate, dni, genre, name, surname, cityId) values (698, '1973-05-03', 26373346, 0, 'Iago', 'Pochon', 98);
insert into Student (id, birthdate, dni, genre, name, surname, cityId) values (699, '2014-04-28', 29882497, 1, 'Daveta', 'Neillans', 56);
insert into Student (id, birthdate, dni, genre, name, surname, cityId) values (700, '2018-02-26', 13344003, 2, 'Syman', 'Izkoveski', 63);
insert into Student (id, birthdate, dni, genre, name, surname, cityId) values (701, '1970-10-02', 21344389, 1, 'Deloris', 'Ferrario', 157);
insert into Student (id, birthdate, dni, genre, name, surname, cityId) values (702, '1994-02-02', 52998250, 1, 'Wes', 'Boots', 30);
insert into Student (id, birthdate, dni, genre, name, surname, cityId) values (703, '2007-11-03', 33971775, 2, 'Gavrielle', 'Glenfield', 291);
insert into Student (id, birthdate, dni, genre, name, surname, cityId) values (704, '1934-11-12', 18241220, 2, 'Gilberte', 'Geare', 35);
insert into Student (id, birthdate, dni, genre, name, surname, cityId) values (705, '1957-11-06', 28543603, 2, 'Leoline', 'Mawhinney', 7);
insert into Student (id, birthdate, dni, genre, name, surname, cityId) values (706, '1932-09-26', 45380743, 1, 'Lannie', 'Loy', 189);
insert into Student (id, birthdate, dni, genre, name, surname, cityId) values (707, '1977-04-29', 27579842, 1, 'Joice', 'Thorn', 179);
insert into Student (id, birthdate, dni, genre, name, surname, cityId) values (708, '1978-04-04', 15700499, 0, 'Jacquenette', 'Mendel', 151);
insert into Student (id, birthdate, dni, genre, name, surname, cityId) values (709, '2014-05-23', 48324945, 0, 'Judas', 'Tremonte', 8);
insert into Student (id, birthdate, dni, genre, name, surname, cityId) values (710, '2008-02-24', 22558785, 2, 'Augusto', 'Olyonov', 210);
insert into Student (id, birthdate, dni, genre, name, surname, cityId) values (711, '2004-07-02', 17191094, 0, 'Latrena', 'Fowkes', 87);
insert into Student (id, birthdate, dni, genre, name, surname, cityId) values (712, '2010-06-26', 10139645, 1, 'Pepe', 'Worsnip', 163);
insert into Student (id, birthdate, dni, genre, name, surname, cityId) values (713, '1960-10-19', 24718863, 0, 'Rourke', 'Clarke', 168);
insert into Student (id, birthdate, dni, genre, name, surname, cityId) values (714, '1994-10-24', 13039692, 1, 'Cory', 'Cudde', 203);
insert into Student (id, birthdate, dni, genre, name, surname, cityId) values (715, '2008-07-22', 12582247, 2, 'Rosemonde', 'Gwatkins', 135);
insert into Student (id, birthdate, dni, genre, name, surname, cityId) values (716, '1966-05-02', 27126620, 0, 'Cello', 'Gilson', 135);
insert into Student (id, birthdate, dni, genre, name, surname, cityId) values (717, '1960-07-21', 51775775, 2, 'Salomon', 'Fried', 55);
insert into Student (id, birthdate, dni, genre, name, surname, cityId) values (718, '1985-06-26', 15072706, 0, 'Nyssa', 'Winsome', 149);
insert into Student (id, birthdate, dni, genre, name, surname, cityId) values (719, '1944-12-11', 37959685, 0, 'Thibaud', 'Edmondson', 97);
insert into Student (id, birthdate, dni, genre, name, surname, cityId) values (720, '1989-04-24', 40927189, 0, 'Dew', 'Scholefield', 20);
insert into Student (id, birthdate, dni, genre, name, surname, cityId) values (721, '1963-09-21', 25109383, 1, 'Aksel', 'Coles', 293);
insert into Student (id, birthdate, dni, genre, name, surname, cityId) values (722, '1984-09-21', 19322548, 0, 'Hettie', 'Dussy', 244);
insert into Student (id, birthdate, dni, genre, name, surname, cityId) values (723, '1992-06-12', 53355960, 1, 'Meris', 'Gatlin', 252);
insert into Student (id, birthdate, dni, genre, name, surname, cityId) values (724, '1963-01-12', 27087596, 2, 'Marjie', 'Relph', 9);
insert into Student (id, birthdate, dni, genre, name, surname, cityId) values (725, '2000-03-16', 43186727, 2, 'Mariette', 'Ioan', 176);
insert into Student (id, birthdate, dni, genre, name, surname, cityId) values (726, '2007-04-24', 28198885, 2, 'Garvin', 'Lethibridge', 94);
insert into Student (id, birthdate, dni, genre, name, surname, cityId) values (727, '1934-11-07', 16637708, 1, 'Goddart', 'McMoyer', 149);
insert into Student (id, birthdate, dni, genre, name, surname, cityId) values (728, '1989-09-01', 25989512, 1, 'Zachariah', 'Willcot', 135);
insert into Student (id, birthdate, dni, genre, name, surname, cityId) values (729, '1968-12-23', 32685281, 0, 'Cirilo', 'Dillinton', 112);
insert into Student (id, birthdate, dni, genre, name, surname, cityId) values (730, '1980-01-10', 10703907, 1, 'Rozella', 'Elgy', 46);
insert into Student (id, birthdate, dni, genre, name, surname, cityId) values (731, '1962-11-22', 54038051, 1, 'Eric', 'Pott', 146);
insert into Student (id, birthdate, dni, genre, name, surname, cityId) values (732, '1996-09-29', 22615830, 1, 'Sadie', 'Tombleson', 175);
insert into Student (id, birthdate, dni, genre, name, surname, cityId) values (733, '1946-01-04', 35378405, 2, 'Madeline', 'Habbert', 290);
insert into Student (id, birthdate, dni, genre, name, surname, cityId) values (734, '2004-01-09', 17983170, 2, 'Brittani', 'Bonifacio', 63);
insert into Student (id, birthdate, dni, genre, name, surname, cityId) values (735, '2008-10-24', 39321726, 0, 'Hermie', 'Schruurs', 106);
insert into Student (id, birthdate, dni, genre, name, surname, cityId) values (736, '1999-06-05', 29734728, 1, 'Godfry', 'Amery', 141);
insert into Student (id, birthdate, dni, genre, name, surname, cityId) values (737, '1963-07-26', 10485193, 0, 'Melosa', 'Gilbank', 93);
insert into Student (id, birthdate, dni, genre, name, surname, cityId) values (738, '1974-10-07', 37543505, 0, 'Gray', 'Meenan', 257);
insert into Student (id, birthdate, dni, genre, name, surname, cityId) values (739, '1986-05-24', 46487972, 1, 'Jedidiah', 'Eydel', 147);
insert into Student (id, birthdate, dni, genre, name, surname, cityId) values (740, '2009-08-20', 45972868, 0, 'Rocky', 'Kitteman', 282);
insert into Student (id, birthdate, dni, genre, name, surname, cityId) values (741, '2015-03-08', 41081602, 1, 'Klement', 'Checchi', 94);
insert into Student (id, birthdate, dni, genre, name, surname, cityId) values (742, '1984-03-02', 50115304, 1, 'Tyne', 'Ferrucci', 72);
insert into Student (id, birthdate, dni, genre, name, surname, cityId) values (743, '1960-12-23', 36196212, 0, 'Dara', 'Osman', 293);
insert into Student (id, birthdate, dni, genre, name, surname, cityId) values (744, '1930-03-14', 32302389, 2, 'Ramsey', 'Barrell', 223);
insert into Student (id, birthdate, dni, genre, name, surname, cityId) values (745, '2004-07-15', 39465811, 2, 'Karlee', 'Stepney', 152);
insert into Student (id, birthdate, dni, genre, name, surname, cityId) values (746, '1958-10-27', 40971738, 0, 'Matty', 'Simonassi', 68);
insert into Student (id, birthdate, dni, genre, name, surname, cityId) values (747, '2015-12-25', 33707209, 1, 'Catherina', 'Karlsen', 119);
insert into Student (id, birthdate, dni, genre, name, surname, cityId) values (748, '1934-08-30', 43267822, 2, 'Jephthah', 'Triggs', 45);
insert into Student (id, birthdate, dni, genre, name, surname, cityId) values (749, '1943-06-13', 10170885, 1, 'Muriel', 'Ruzicka', 225);
insert into Student (id, birthdate, dni, genre, name, surname, cityId) values (750, '1953-09-14', 19573185, 2, 'Demetre', 'Bonett', 9);
insert into Student (id, birthdate, dni, genre, name, surname, cityId) values (751, '1940-06-06', 44572114, 0, 'Marlane', 'Tatersale', 132);
insert into Student (id, birthdate, dni, genre, name, surname, cityId) values (752, '1972-05-17', 17614109, 0, 'Una', 'Crannage', 35);
insert into Student (id, birthdate, dni, genre, name, surname, cityId) values (753, '1980-08-22', 47853995, 1, 'Clio', 'Willicott', 48);
insert into Student (id, birthdate, dni, genre, name, surname, cityId) values (754, '1999-09-02', 11494363, 1, 'Carlen', 'Sapseed', 161);
insert into Student (id, birthdate, dni, genre, name, surname, cityId) values (755, '1997-04-11', 12321184, 0, 'Malvina', 'Harland', 180);
insert into Student (id, birthdate, dni, genre, name, surname, cityId) values (756, '1974-05-05', 12396652, 0, 'Rheta', 'Godfroy', 234);
insert into Student (id, birthdate, dni, genre, name, surname, cityId) values (757, '1971-04-12', 23462761, 2, 'Carol-jean', 'Utteridge', 194);
insert into Student (id, birthdate, dni, genre, name, surname, cityId) values (758, '1953-07-19', 34077861, 2, 'Essy', 'Jex', 2);
insert into Student (id, birthdate, dni, genre, name, surname, cityId) values (759, '1970-10-03', 12103249, 2, 'Leslie', 'Ainscough', 21);
insert into Student (id, birthdate, dni, genre, name, surname, cityId) values (760, '1969-11-06', 28286393, 1, 'Rahel', 'Behnecken', 155);
insert into Student (id, birthdate, dni, genre, name, surname, cityId) values (761, '1932-03-01', 20287915, 0, 'Brooke', 'Cust', 183);
insert into Student (id, birthdate, dni, genre, name, surname, cityId) values (762, '1981-06-07', 49627316, 1, 'Corilla', 'Beaford', 154);
insert into Student (id, birthdate, dni, genre, name, surname, cityId) values (763, '1967-12-05', 21186289, 1, 'Humfrid', 'Barttrum', 295);
insert into Student (id, birthdate, dni, genre, name, surname, cityId) values (764, '2018-03-06', 26367407, 2, 'Lauryn', 'L'' Estrange', 108);
insert into Student (id, birthdate, dni, genre, name, surname, cityId) values (765, '1956-12-07', 25517905, 2, 'Vance', 'Keene', 257);
insert into Student (id, birthdate, dni, genre, name, surname, cityId) values (766, '1982-11-27', 42322928, 0, 'Brantley', 'Bilston', 246);
insert into Student (id, birthdate, dni, genre, name, surname, cityId) values (767, '1931-05-04', 42655100, 0, 'Pauly', 'Minchella', 166);
insert into Student (id, birthdate, dni, genre, name, surname, cityId) values (768, '2009-06-03', 49656707, 1, 'Ermanno', 'Ropars', 259);
insert into Student (id, birthdate, dni, genre, name, surname, cityId) values (769, '1955-04-26', 14897203, 0, 'Tabitha', 'Pierson', 118);
insert into Student (id, birthdate, dni, genre, name, surname, cityId) values (770, '1954-03-13', 15974140, 1, 'Aggie', 'Edlyn', 48);
insert into Student (id, birthdate, dni, genre, name, surname, cityId) values (771, '1940-09-26', 43212581, 0, 'Guenevere', 'Farries', 224);
insert into Student (id, birthdate, dni, genre, name, surname, cityId) values (772, '1968-07-24', 48485049, 0, 'Angelia', 'Furzer', 240);
insert into Student (id, birthdate, dni, genre, name, surname, cityId) values (773, '1958-08-24', 19186252, 2, 'Adelheid', 'Sansbury', 133);
insert into Student (id, birthdate, dni, genre, name, surname, cityId) values (774, '1973-09-28', 19725605, 2, 'Robbert', 'Illwell', 186);
insert into Student (id, birthdate, dni, genre, name, surname, cityId) values (775, '1939-04-20', 35418754, 2, 'Wallie', 'Culpen', 196);
insert into Student (id, birthdate, dni, genre, name, surname, cityId) values (776, '1988-08-16', 40993952, 2, 'Gaile', 'Ziehm', 175);
insert into Student (id, birthdate, dni, genre, name, surname, cityId) values (777, '2005-09-02', 49783324, 2, 'Kelcy', 'Purdon', 263);
insert into Student (id, birthdate, dni, genre, name, surname, cityId) values (778, '1960-03-22', 17083782, 0, 'Blancha', 'Prazor', 251);
insert into Student (id, birthdate, dni, genre, name, surname, cityId) values (779, '1937-11-16', 24067870, 0, 'Robinetta', 'Charter', 136);
insert into Student (id, birthdate, dni, genre, name, surname, cityId) values (780, '1937-04-26', 45026318, 2, 'Letisha', 'Lesly', 253);
insert into Student (id, birthdate, dni, genre, name, surname, cityId) values (781, '1968-04-28', 19066657, 2, 'Julio', 'Giles', 270);
insert into Student (id, birthdate, dni, genre, name, surname, cityId) values (782, '1962-03-15', 44670610, 0, 'Kippie', 'Dodridge', 281);
insert into Student (id, birthdate, dni, genre, name, surname, cityId) values (783, '1951-10-01', 48038982, 1, 'Arabela', 'Dabling', 19);
insert into Student (id, birthdate, dni, genre, name, surname, cityId) values (784, '2009-03-09', 38749615, 2, 'Lexie', 'Mosco', 230);
insert into Student (id, birthdate, dni, genre, name, surname, cityId) values (785, '2011-09-10', 39691414, 2, 'Alfie', 'Davisson', 175);
insert into Student (id, birthdate, dni, genre, name, surname, cityId) values (786, '1953-10-21', 46433202, 0, 'Demetri', 'Pickford', 190);
insert into Student (id, birthdate, dni, genre, name, surname, cityId) values (787, '1976-06-13', 16111189, 0, 'Hillary', 'Jent', 238);
insert into Student (id, birthdate, dni, genre, name, surname, cityId) values (788, '1943-03-16', 39519339, 2, 'Florrie', 'Eppson', 210);
insert into Student (id, birthdate, dni, genre, name, surname, cityId) values (789, '1970-01-06', 15728620, 2, 'Ainslee', 'Eskrick', 124);
insert into Student (id, birthdate, dni, genre, name, surname, cityId) values (790, '1949-07-20', 37582600, 0, 'Mikey', 'Lewtey', 174);
insert into Student (id, birthdate, dni, genre, name, surname, cityId) values (791, '1999-11-10', 43514870, 0, 'Thomasa', 'Peller', 195);
insert into Student (id, birthdate, dni, genre, name, surname, cityId) values (792, '1998-07-03', 20054399, 0, 'Davy', 'Grimsdale', 197);
insert into Student (id, birthdate, dni, genre, name, surname, cityId) values (793, '1939-09-01', 12180847, 1, 'Matelda', 'Attrill', 40);
insert into Student (id, birthdate, dni, genre, name, surname, cityId) values (794, '1953-10-19', 17512667, 1, 'Kennan', 'Dictus', 24);
insert into Student (id, birthdate, dni, genre, name, surname, cityId) values (795, '2006-03-23', 45785591, 1, 'Dniren', 'Eburne', 228);
insert into Student (id, birthdate, dni, genre, name, surname, cityId) values (796, '2009-11-17', 14608290, 1, 'Barnabe', 'Dunckley', 167);
insert into Student (id, birthdate, dni, genre, name, surname, cityId) values (797, '1984-12-14', 18866392, 1, 'Cilka', 'Gimeno', 115);
insert into Student (id, birthdate, dni, genre, name, surname, cityId) values (798, '1957-10-20', 29634939, 0, 'Patsy', 'Joynt', 45);
insert into Student (id, birthdate, dni, genre, name, surname, cityId) values (799, '2009-07-06', 47517932, 2, 'Laughton', 'Abbot', 143);
insert into Student (id, birthdate, dni, genre, name, surname, cityId) values (800, '1960-03-13', 53364678, 1, 'Jarid', 'Shilstone', 218);
insert into Student (id, birthdate, dni, genre, name, surname, cityId) values (801, '1962-12-06', 10881345, 2, 'Kenneth', 'Frammingham', 75);
insert into Student (id, birthdate, dni, genre, name, surname, cityId) values (802, '1956-10-28', 46751362, 2, 'Carlynn', 'Haffard', 154);
insert into Student (id, birthdate, dni, genre, name, surname, cityId) values (803, '1938-02-25', 23263716, 2, 'Codee', 'Drabble', 21);
insert into Student (id, birthdate, dni, genre, name, surname, cityId) values (804, '2017-04-19', 35480184, 2, 'Marcille', 'Dight', 152);
insert into Student (id, birthdate, dni, genre, name, surname, cityId) values (805, '2015-03-19', 42197438, 0, 'Ludvig', 'Billiard', 148);
insert into Student (id, birthdate, dni, genre, name, surname, cityId) values (806, '1973-01-27', 38094401, 0, 'Lothaire', 'Stanlack', 29);
insert into Student (id, birthdate, dni, genre, name, surname, cityId) values (807, '1968-10-03', 10373586, 2, 'Nikolai', 'Gawkes', 115);
insert into Student (id, birthdate, dni, genre, name, surname, cityId) values (808, '1996-03-16', 40788567, 1, 'Harrison', 'Saltsberg', 294);
insert into Student (id, birthdate, dni, genre, name, surname, cityId) values (809, '2003-03-22', 11070903, 1, 'Eugenie', 'Turnpenny', 117);
insert into Student (id, birthdate, dni, genre, name, surname, cityId) values (810, '1972-03-08', 32298951, 1, 'Bendite', 'Wilcox', 28);
insert into Student (id, birthdate, dni, genre, name, surname, cityId) values (811, '2016-12-20', 40750084, 0, 'Denice', 'Dondon', 298);
insert into Student (id, birthdate, dni, genre, name, surname, cityId) values (812, '1980-02-09', 35211820, 0, 'Ganny', 'Durbyn', 201);
insert into Student (id, birthdate, dni, genre, name, surname, cityId) values (813, '1988-09-30', 28836670, 2, 'Graig', 'Gathercoal', 38);
insert into Student (id, birthdate, dni, genre, name, surname, cityId) values (814, '1939-10-15', 52025390, 2, 'Adam', 'Pateman', 212);
insert into Student (id, birthdate, dni, genre, name, surname, cityId) values (815, '2012-12-15', 54669891, 0, 'Rivi', 'Bilovus', 142);
insert into Student (id, birthdate, dni, genre, name, surname, cityId) values (816, '1967-02-02', 13364713, 1, 'Erma', 'Guillou', 144);
insert into Student (id, birthdate, dni, genre, name, surname, cityId) values (817, '1939-05-03', 21106308, 0, 'Frank', 'Ivanisov', 203);
insert into Student (id, birthdate, dni, genre, name, surname, cityId) values (818, '1998-10-13', 15743112, 2, 'Derwin', 'Filkin', 298);
insert into Student (id, birthdate, dni, genre, name, surname, cityId) values (819, '1935-06-21', 26698032, 1, 'Heath', 'Gosney', 84);
insert into Student (id, birthdate, dni, genre, name, surname, cityId) values (820, '1960-08-11', 17752478, 0, 'Dollie', 'Attac', 201);
insert into Student (id, birthdate, dni, genre, name, surname, cityId) values (821, '1952-11-27', 11413044, 2, 'Klarrisa', 'Benam', 32);
insert into Student (id, birthdate, dni, genre, name, surname, cityId) values (822, '1949-07-02', 34832089, 0, 'Grayce', 'Ubach', 34);
insert into Student (id, birthdate, dni, genre, name, surname, cityId) values (823, '2002-06-11', 44300566, 2, 'Silvanus', 'Ketley', 175);
insert into Student (id, birthdate, dni, genre, name, surname, cityId) values (824, '1998-07-23', 45695771, 1, 'Nicky', 'Stannard', 292);
insert into Student (id, birthdate, dni, genre, name, surname, cityId) values (825, '2013-01-10', 43372997, 2, 'Warner', 'Cathenod', 145);
insert into Student (id, birthdate, dni, genre, name, surname, cityId) values (826, '1954-08-24', 25533687, 1, 'Jamesy', 'Southgate', 212);
insert into Student (id, birthdate, dni, genre, name, surname, cityId) values (827, '1934-10-26', 17573088, 2, 'Milty', 'Sweatman', 194);
insert into Student (id, birthdate, dni, genre, name, surname, cityId) values (828, '1996-03-19', 47633727, 1, 'Tommy', 'Matityahu', 289);
insert into Student (id, birthdate, dni, genre, name, surname, cityId) values (829, '1943-02-03', 46841829, 0, 'Winnah', 'Fryatt', 77);
insert into Student (id, birthdate, dni, genre, name, surname, cityId) values (830, '1999-08-25', 42293908, 2, 'Ede', 'Bullion', 58);
insert into Student (id, birthdate, dni, genre, name, surname, cityId) values (831, '1994-07-16', 10806204, 2, 'Hubert', 'Pringley', 200);
insert into Student (id, birthdate, dni, genre, name, surname, cityId) values (832, '1991-11-12', 44334295, 0, 'Brendon', 'Becerra', 50);
insert into Student (id, birthdate, dni, genre, name, surname, cityId) values (833, '1974-11-17', 11787187, 1, 'Anette', 'Conyers', 97);
insert into Student (id, birthdate, dni, genre, name, surname, cityId) values (834, '1937-08-02', 28595842, 0, 'Ebonee', 'Nunes Nabarro', 132);
insert into Student (id, birthdate, dni, genre, name, surname, cityId) values (835, '1982-11-10', 31572591, 0, 'Mandel', 'Dunnan', 259);
insert into Student (id, birthdate, dni, genre, name, surname, cityId) values (836, '1936-10-30', 27852759, 1, 'Elysha', 'Catto', 275);
insert into Student (id, birthdate, dni, genre, name, surname, cityId) values (837, '1968-02-26', 31929361, 2, 'Claudia', 'Pennigar', 246);
insert into Student (id, birthdate, dni, genre, name, surname, cityId) values (838, '1950-01-06', 40232489, 0, 'Fredek', 'Ruppeli', 236);
insert into Student (id, birthdate, dni, genre, name, surname, cityId) values (839, '2012-06-13', 26096786, 1, 'Caron', 'Czapla', 186);
insert into Student (id, birthdate, dni, genre, name, surname, cityId) values (840, '2006-10-11', 15770511, 1, 'Filia', 'Lethby', 16);
insert into Student (id, birthdate, dni, genre, name, surname, cityId) values (841, '2016-01-24', 45226129, 2, 'Audrey', 'Daintree', 93);
insert into Student (id, birthdate, dni, genre, name, surname, cityId) values (842, '1989-12-15', 47555865, 1, 'Uri', 'Fernier', 8);
insert into Student (id, birthdate, dni, genre, name, surname, cityId) values (843, '1982-05-18', 24617965, 1, 'Darill', 'Tassell', 176);
insert into Student (id, birthdate, dni, genre, name, surname, cityId) values (844, '2018-05-19', 43036648, 1, 'Rebekah', 'Kopfer', 144);
insert into Student (id, birthdate, dni, genre, name, surname, cityId) values (845, '1940-02-07', 38865498, 2, 'Audrie', 'Bartolommeo', 93);
insert into Student (id, birthdate, dni, genre, name, surname, cityId) values (846, '1957-12-27', 45998177, 0, 'Elysee', 'Forsyde', 148);
insert into Student (id, birthdate, dni, genre, name, surname, cityId) values (847, '1960-10-30', 28370722, 0, 'Lise', 'Halliwell', 193);
insert into Student (id, birthdate, dni, genre, name, surname, cityId) values (848, '1982-04-18', 10801934, 0, 'Vivianne', 'Seabright', 285);
insert into Student (id, birthdate, dni, genre, name, surname, cityId) values (849, '1948-06-10', 29991195, 1, 'Todd', 'Forcade', 25);
insert into Student (id, birthdate, dni, genre, name, surname, cityId) values (850, '1983-05-13', 31303240, 0, 'Karoline', 'Willox', 91);
insert into Student (id, birthdate, dni, genre, name, surname, cityId) values (851, '2018-03-22', 38407877, 0, 'Vitia', 'Upcraft', 235);
insert into Student (id, birthdate, dni, genre, name, surname, cityId) values (852, '2014-11-25', 14910375, 2, 'Kimbra', 'Stanworth', 249);
insert into Student (id, birthdate, dni, genre, name, surname, cityId) values (853, '1995-11-02', 28457659, 2, 'Raphael', 'Howlings', 218);
insert into Student (id, birthdate, dni, genre, name, surname, cityId) values (854, '2017-10-20', 47295554, 0, 'Alard', 'Hartles', 173);
insert into Student (id, birthdate, dni, genre, name, surname, cityId) values (855, '1967-11-13', 54679249, 1, 'Elane', 'Olsen', 90);
insert into Student (id, birthdate, dni, genre, name, surname, cityId) values (856, '2013-12-17', 17230544, 0, 'Lynnette', 'Lamcken', 20);
insert into Student (id, birthdate, dni, genre, name, surname, cityId) values (857, '1998-03-31', 33498813, 0, 'Chantal', 'Tosney', 280);
insert into Student (id, birthdate, dni, genre, name, surname, cityId) values (858, '1937-06-19', 14205365, 0, 'Gabby', 'Yesenin', 11);
insert into Student (id, birthdate, dni, genre, name, surname, cityId) values (859, '1969-02-05', 21082733, 2, 'Kai', 'Lorroway', 147);
insert into Student (id, birthdate, dni, genre, name, surname, cityId) values (860, '1991-10-02', 12122965, 2, 'Albert', 'Marchington', 154);
insert into Student (id, birthdate, dni, genre, name, surname, cityId) values (861, '1973-03-06', 32303464, 0, 'Abby', 'Doreward', 194);
insert into Student (id, birthdate, dni, genre, name, surname, cityId) values (862, '2018-06-27', 45521804, 0, 'Mercedes', 'Wyse', 258);
insert into Student (id, birthdate, dni, genre, name, surname, cityId) values (863, '1963-06-13', 32341917, 1, 'Kelly', 'Eilert', 69);
insert into Student (id, birthdate, dni, genre, name, surname, cityId) values (864, '1995-03-15', 46893148, 0, 'Nesta', 'Brierly', 259);
insert into Student (id, birthdate, dni, genre, name, surname, cityId) values (865, '1983-06-08', 37498474, 0, 'Elisabeth', 'Bennedsen', 258);
insert into Student (id, birthdate, dni, genre, name, surname, cityId) values (866, '1958-05-30', 22263254, 1, 'Aile', 'Brindley', 123);
insert into Student (id, birthdate, dni, genre, name, surname, cityId) values (867, '1938-10-03', 52539681, 1, 'Yalonda', 'Pereira', 80);
insert into Student (id, birthdate, dni, genre, name, surname, cityId) values (868, '1936-04-11', 28385329, 1, 'Rafaela', 'Vedyasov', 126);
insert into Student (id, birthdate, dni, genre, name, surname, cityId) values (869, '1959-02-01', 13476815, 0, 'Aarika', 'Farguhar', 8);
insert into Student (id, birthdate, dni, genre, name, surname, cityId) values (870, '1973-05-11', 30041654, 0, 'Briano', 'Cicchetto', 68);
insert into Student (id, birthdate, dni, genre, name, surname, cityId) values (871, '1932-04-18', 16768972, 1, 'Ruthanne', 'Rubinivitz', 274);
insert into Student (id, birthdate, dni, genre, name, surname, cityId) values (872, '1985-02-09', 28227071, 2, 'Kevina', 'Trayling', 72);
insert into Student (id, birthdate, dni, genre, name, surname, cityId) values (873, '1993-07-05', 46254977, 2, 'Fernande', 'Shepherdson', 80);
insert into Student (id, birthdate, dni, genre, name, surname, cityId) values (874, '1932-09-08', 52538298, 0, 'Joshua', 'Connow', 115);
insert into Student (id, birthdate, dni, genre, name, surname, cityId) values (875, '1972-04-06', 45423185, 0, 'Hedwig', 'Laye', 88);
insert into Student (id, birthdate, dni, genre, name, surname, cityId) values (876, '1957-11-08', 42696380, 2, 'Emanuele', 'Ambler', 295);
insert into Student (id, birthdate, dni, genre, name, surname, cityId) values (877, '2018-11-19', 21195468, 2, 'Fletch', 'Carr', 153);
insert into Student (id, birthdate, dni, genre, name, surname, cityId) values (878, '1946-10-05', 30471190, 2, 'Tera', 'Galsworthy', 239);
insert into Student (id, birthdate, dni, genre, name, surname, cityId) values (879, '2008-07-28', 37881531, 1, 'Karie', 'Cullum', 101);
insert into Student (id, birthdate, dni, genre, name, surname, cityId) values (880, '1979-09-15', 45663576, 0, 'Brady', 'Redhouse', 28);
insert into Student (id, birthdate, dni, genre, name, surname, cityId) values (881, '1960-09-16', 54811028, 0, 'Will', 'Mungan', 158);
insert into Student (id, birthdate, dni, genre, name, surname, cityId) values (882, '1946-07-02', 26889067, 2, 'Ann', 'Stead', 2);
insert into Student (id, birthdate, dni, genre, name, surname, cityId) values (883, '1940-03-14', 10380535, 2, 'Alasdair', 'Williams', 182);
insert into Student (id, birthdate, dni, genre, name, surname, cityId) values (884, '1951-06-28', 32001853, 0, 'Douglas', 'Paynter', 8);
insert into Student (id, birthdate, dni, genre, name, surname, cityId) values (885, '1997-03-03', 29032679, 2, 'Neille', 'Carrack', 168);
insert into Student (id, birthdate, dni, genre, name, surname, cityId) values (886, '1933-11-23', 40510297, 2, 'Alanson', 'Kording', 251);
insert into Student (id, birthdate, dni, genre, name, surname, cityId) values (887, '1991-02-25', 43023547, 2, 'Kaila', 'Readmire', 6);
insert into Student (id, birthdate, dni, genre, name, surname, cityId) values (888, '2007-08-08', 20149941, 0, 'Reggis', 'Kincey', 254);
insert into Student (id, birthdate, dni, genre, name, surname, cityId) values (889, '2006-05-03', 20321468, 0, 'Lynn', 'Farley', 149);
insert into Student (id, birthdate, dni, genre, name, surname, cityId) values (890, '1959-08-16', 23085771, 2, 'Ariela', 'Hubback', 145);
insert into Student (id, birthdate, dni, genre, name, surname, cityId) values (891, '1943-03-25', 43359545, 2, 'Vallie', 'Jobbings', 167);
insert into Student (id, birthdate, dni, genre, name, surname, cityId) values (892, '1973-01-28', 30504508, 0, 'Prent', 'Daville', 248);
insert into Student (id, birthdate, dni, genre, name, surname, cityId) values (893, '1965-12-06', 39461394, 2, 'Laurens', 'McCambridge', 229);
insert into Student (id, birthdate, dni, genre, name, surname, cityId) values (894, '1974-10-31', 53542310, 2, 'Andromache', 'Shilvock', 94);
insert into Student (id, birthdate, dni, genre, name, surname, cityId) values (895, '1945-05-17', 46986299, 2, 'Riannon', 'Chessum', 52);
insert into Student (id, birthdate, dni, genre, name, surname, cityId) values (896, '1951-05-25', 35268187, 1, 'Annecorinne', 'Jacmar', 39);
insert into Student (id, birthdate, dni, genre, name, surname, cityId) values (897, '2004-03-17', 38874607, 1, 'Marilee', 'Goodchild', 26);
insert into Student (id, birthdate, dni, genre, name, surname, cityId) values (898, '2012-09-14', 20900020, 0, 'Federico', 'Matussevich', 122);
insert into Student (id, birthdate, dni, genre, name, surname, cityId) values (899, '1952-01-25', 40280855, 2, 'Giana', 'Garbar', 234);
insert into Student (id, birthdate, dni, genre, name, surname, cityId) values (900, '1940-06-26', 45062501, 1, 'Anica', 'Lamprey', 91);
insert into Student (id, birthdate, dni, genre, name, surname, cityId) values (901, '2005-02-21', 29156167, 2, 'Matthaeus', 'Popworth', 14);
insert into Student (id, birthdate, dni, genre, name, surname, cityId) values (902, '1983-02-03', 34379377, 1, 'Abigale', 'Ambrosio', 175);
insert into Student (id, birthdate, dni, genre, name, surname, cityId) values (903, '2009-07-16', 14630784, 1, 'Agustin', 'Hollebon', 163);
insert into Student (id, birthdate, dni, genre, name, surname, cityId) values (904, '1987-11-27', 51648383, 0, 'Kata', 'Goldsbury', 204);
insert into Student (id, birthdate, dni, genre, name, surname, cityId) values (905, '1930-10-10', 38850354, 1, 'Christian', 'Pfeffel', 155);
insert into Student (id, birthdate, dni, genre, name, surname, cityId) values (906, '2019-07-27', 27619057, 1, 'Zedekiah', 'Bony', 126);
insert into Student (id, birthdate, dni, genre, name, surname, cityId) values (907, '1992-09-09', 49549287, 2, 'Merry', 'Sherwell', 35);
insert into Student (id, birthdate, dni, genre, name, surname, cityId) values (908, '2013-11-28', 23893174, 0, 'Melessa', 'Delort', 184);
insert into Student (id, birthdate, dni, genre, name, surname, cityId) values (909, '1938-05-21', 53888372, 2, 'Naoma', 'Adelsberg', 44);
insert into Student (id, birthdate, dni, genre, name, surname, cityId) values (910, '1990-11-24', 54284865, 2, 'Grayce', 'Ickovicz', 133);
insert into Student (id, birthdate, dni, genre, name, surname, cityId) values (911, '1963-11-04', 48115192, 0, 'Monique', 'Goley', 188);
insert into Student (id, birthdate, dni, genre, name, surname, cityId) values (912, '1968-11-27', 13855453, 2, 'Stormie', 'Hounsome', 46);
insert into Student (id, birthdate, dni, genre, name, surname, cityId) values (913, '1987-10-21', 40070187, 0, 'Marney', 'Tenny', 176);
insert into Student (id, birthdate, dni, genre, name, surname, cityId) values (914, '2013-12-15', 42927563, 0, 'Ellis', 'Waskett', 261);
insert into Student (id, birthdate, dni, genre, name, surname, cityId) values (915, '1933-05-06', 26186735, 0, 'Dolley', 'Dearsley', 213);
insert into Student (id, birthdate, dni, genre, name, surname, cityId) values (916, '1987-01-03', 54683284, 2, 'Sioux', 'Meaney', 275);
insert into Student (id, birthdate, dni, genre, name, surname, cityId) values (917, '2007-07-10', 37704742, 1, 'Gayla', 'Crisford', 129);
insert into Student (id, birthdate, dni, genre, name, surname, cityId) values (918, '1967-08-24', 19410473, 2, 'Bobbie', 'Draijer', 71);
insert into Student (id, birthdate, dni, genre, name, surname, cityId) values (919, '1982-05-25', 38689584, 0, 'Matty', 'Walesby', 112);
insert into Student (id, birthdate, dni, genre, name, surname, cityId) values (920, '1945-01-07', 39089361, 1, 'Ethelind', 'Anning', 166);
insert into Student (id, birthdate, dni, genre, name, surname, cityId) values (921, '1962-02-09', 52093719, 1, 'Dukie', 'Sowerby', 146);
insert into Student (id, birthdate, dni, genre, name, surname, cityId) values (922, '1971-08-10', 12860799, 0, 'Brigham', 'Croshaw', 178);
insert into Student (id, birthdate, dni, genre, name, surname, cityId) values (923, '2011-05-01', 47920758, 0, 'Yves', 'Lampet', 125);
insert into Student (id, birthdate, dni, genre, name, surname, cityId) values (924, '2017-11-12', 21365275, 2, 'Cacilia', 'Dommerque', 66);
insert into Student (id, birthdate, dni, genre, name, surname, cityId) values (925, '1930-06-01', 34534465, 1, 'Jazmin', 'Lerner', 215);
insert into Student (id, birthdate, dni, genre, name, surname, cityId) values (926, '1935-02-11', 12555337, 1, 'Virgilio', 'Jiroutka', 9);
insert into Student (id, birthdate, dni, genre, name, surname, cityId) values (927, '2014-05-08', 13430352, 2, 'Devon', 'Howard', 87);
insert into Student (id, birthdate, dni, genre, name, surname, cityId) values (928, '1995-11-19', 37124827, 1, 'Griz', 'Schulken', 297);
insert into Student (id, birthdate, dni, genre, name, surname, cityId) values (929, '2012-05-27', 24246915, 0, 'Simone', 'Craze', 175);
insert into Student (id, birthdate, dni, genre, name, surname, cityId) values (930, '1967-10-28', 16198665, 0, 'Osmund', 'Castlake', 130);
insert into Student (id, birthdate, dni, genre, name, surname, cityId) values (931, '1996-07-14', 20941623, 0, 'Tricia', 'Kittman', 300);
insert into Student (id, birthdate, dni, genre, name, surname, cityId) values (932, '1998-11-25', 35066020, 0, 'Sandra', 'Waiton', 269);
insert into Student (id, birthdate, dni, genre, name, surname, cityId) values (933, '1990-07-30', 33167041, 0, 'Araldo', 'Brosini', 200);
insert into Student (id, birthdate, dni, genre, name, surname, cityId) values (934, '1973-07-02', 30191274, 1, 'Jonathon', 'Nickols', 272);
insert into Student (id, birthdate, dni, genre, name, surname, cityId) values (935, '1969-02-01', 40416334, 0, 'Barnabas', 'Iannelli', 224);
insert into Student (id, birthdate, dni, genre, name, surname, cityId) values (936, '1934-09-01', 46878567, 1, 'Wesley', 'Nolan', 203);
insert into Student (id, birthdate, dni, genre, name, surname, cityId) values (937, '1979-06-04', 20623539, 0, 'Dana', 'Winsper', 112);
insert into Student (id, birthdate, dni, genre, name, surname, cityId) values (938, '1954-02-22', 22493327, 0, 'Mildred', 'Shreeves', 193);
insert into Student (id, birthdate, dni, genre, name, surname, cityId) values (939, '1986-10-08', 50304487, 1, 'Lothaire', 'Barron', 109);
insert into Student (id, birthdate, dni, genre, name, surname, cityId) values (940, '2014-11-05', 49433272, 1, 'Poul', 'Kittles', 90);
insert into Student (id, birthdate, dni, genre, name, surname, cityId) values (941, '1976-12-18', 49642683, 0, 'Charmine', 'Barfford', 19);
insert into Student (id, birthdate, dni, genre, name, surname, cityId) values (942, '2014-03-12', 33423979, 1, 'Marcile', 'Dumpleton', 286);
insert into Student (id, birthdate, dni, genre, name, surname, cityId) values (943, '1968-10-20', 54443475, 0, 'Claudette', 'Baelde', 8);
insert into Student (id, birthdate, dni, genre, name, surname, cityId) values (944, '1995-02-17', 10110016, 1, 'Rickie', 'Elvish', 245);
insert into Student (id, birthdate, dni, genre, name, surname, cityId) values (945, '1990-11-27', 37320689, 1, 'Muriel', 'Jurzyk', 144);
insert into Student (id, birthdate, dni, genre, name, surname, cityId) values (946, '1964-01-29', 32301698, 0, 'Jorie', 'Sambrok', 285);
insert into Student (id, birthdate, dni, genre, name, surname, cityId) values (947, '1994-01-17', 20305180, 2, 'Gabey', 'Ormistone', 127);
insert into Student (id, birthdate, dni, genre, name, surname, cityId) values (948, '1998-01-18', 33221813, 1, 'Siusan', 'Stowe', 43);
insert into Student (id, birthdate, dni, genre, name, surname, cityId) values (949, '1987-04-11', 35182441, 0, 'Helene', 'Skehan', 144);
insert into Student (id, birthdate, dni, genre, name, surname, cityId) values (950, '1940-02-17', 26961973, 1, 'Zita', 'Donaway', 266);
insert into Student (id, birthdate, dni, genre, name, surname, cityId) values (951, '1951-12-11', 10164939, 0, 'Kandace', 'Brunnen', 55);
insert into Student (id, birthdate, dni, genre, name, surname, cityId) values (952, '1952-04-18', 12232282, 2, 'Luke', 'Dorbon', 229);
insert into Student (id, birthdate, dni, genre, name, surname, cityId) values (953, '2015-01-21', 22247055, 2, 'Albertine', 'Whight', 44);
insert into Student (id, birthdate, dni, genre, name, surname, cityId) values (954, '1955-01-23', 29600384, 0, 'Cinderella', 'Wegener', 264);
insert into Student (id, birthdate, dni, genre, name, surname, cityId) values (955, '1971-04-06', 21319678, 0, 'Clem', 'Wyldes', 95);
insert into Student (id, birthdate, dni, genre, name, surname, cityId) values (956, '1970-12-05', 16334423, 2, 'Doe', 'Broom', 226);
insert into Student (id, birthdate, dni, genre, name, surname, cityId) values (957, '1985-03-18', 12820310, 2, 'Manfred', 'Knewstub', 296);
insert into Student (id, birthdate, dni, genre, name, surname, cityId) values (958, '1950-03-27', 15998233, 1, 'Hewett', 'Creech', 222);
insert into Student (id, birthdate, dni, genre, name, surname, cityId) values (959, '1996-08-13', 41759799, 0, 'Cari', 'O''Neal', 153);
insert into Student (id, birthdate, dni, genre, name, surname, cityId) values (960, '1954-10-11', 18918532, 1, 'Adara', 'Cristofori', 105);
insert into Student (id, birthdate, dni, genre, name, surname, cityId) values (961, '2018-12-05', 42455515, 2, 'Martainn', 'Shimon', 299);
insert into Student (id, birthdate, dni, genre, name, surname, cityId) values (962, '1966-10-24', 23216371, 2, 'Angie', 'Vickery', 247);
insert into Student (id, birthdate, dni, genre, name, surname, cityId) values (963, '1958-11-15', 43066086, 0, 'Waldemar', 'Yankov', 275);
insert into Student (id, birthdate, dni, genre, name, surname, cityId) values (964, '2017-12-17', 29167543, 2, 'Devi', 'Yitzovicz', 100);
insert into Student (id, birthdate, dni, genre, name, surname, cityId) values (965, '1967-06-10', 41015214, 2, 'Lavinie', 'Postan', 29);
insert into Student (id, birthdate, dni, genre, name, surname, cityId) values (966, '2018-04-20', 10352628, 2, 'Lanni', 'Fereday', 209);
insert into Student (id, birthdate, dni, genre, name, surname, cityId) values (967, '1971-09-05', 51372802, 2, 'Emmott', 'Scotchbrook', 64);
insert into Student (id, birthdate, dni, genre, name, surname, cityId) values (968, '2006-07-29', 48255108, 1, 'Sibylle', 'Slimm', 201);
insert into Student (id, birthdate, dni, genre, name, surname, cityId) values (969, '1957-09-03', 22659804, 2, 'Tish', 'Moroney', 286);
insert into Student (id, birthdate, dni, genre, name, surname, cityId) values (970, '1953-08-20', 53132559, 0, 'Pavla', 'Josefsson', 174);
insert into Student (id, birthdate, dni, genre, name, surname, cityId) values (971, '1948-11-04', 43111281, 0, 'Frankie', 'Penylton', 101);
insert into Student (id, birthdate, dni, genre, name, surname, cityId) values (972, '1944-03-29', 17776988, 1, 'Pia', 'Jupp', 76);
insert into Student (id, birthdate, dni, genre, name, surname, cityId) values (973, '2004-10-30', 48844220, 0, 'Ozzy', 'Bottoms', 92);
insert into Student (id, birthdate, dni, genre, name, surname, cityId) values (974, '1991-09-01', 41942184, 0, 'Job', 'Whyler', 295);
insert into Student (id, birthdate, dni, genre, name, surname, cityId) values (975, '2002-11-17', 41267002, 2, 'Imogene', 'Andrassy', 14);
insert into Student (id, birthdate, dni, genre, name, surname, cityId) values (976, '1989-11-29', 38425230, 0, 'Alanson', 'Sunnex', 67);
insert into Student (id, birthdate, dni, genre, name, surname, cityId) values (977, '1955-04-14', 10120374, 2, 'Marigold', 'Woof', 248);
insert into Student (id, birthdate, dni, genre, name, surname, cityId) values (978, '1968-08-26', 29338127, 0, 'Clevie', 'Dallaghan', 228);
insert into Student (id, birthdate, dni, genre, name, surname, cityId) values (979, '1966-10-09', 36795085, 2, 'Sarge', 'Arnholdt', 196);
insert into Student (id, birthdate, dni, genre, name, surname, cityId) values (980, '1968-03-15', 41036080, 0, 'Hayyim', 'Scorrer', 150);
insert into Student (id, birthdate, dni, genre, name, surname, cityId) values (981, '1963-06-13', 49728495, 0, 'Viki', 'Bandey', 88);
insert into Student (id, birthdate, dni, genre, name, surname, cityId) values (982, '2016-04-10', 51892026, 1, 'Jolee', 'Fragino', 138);
insert into Student (id, birthdate, dni, genre, name, surname, cityId) values (983, '1986-12-02', 25899848, 1, 'Bastien', 'Kidney', 153);
insert into Student (id, birthdate, dni, genre, name, surname, cityId) values (984, '1945-02-19', 24050629, 1, 'Eldredge', 'Beadnell', 80);
insert into Student (id, birthdate, dni, genre, name, surname, cityId) values (985, '2016-02-06', 33751042, 0, 'Dame', 'Eccersley', 120);
insert into Student (id, birthdate, dni, genre, name, surname, cityId) values (986, '2000-10-09', 43789910, 0, 'Ed', 'Cisec', 267);
insert into Student (id, birthdate, dni, genre, name, surname, cityId) values (987, '1943-07-23', 13310650, 0, 'Woodman', 'Savory', 202);
insert into Student (id, birthdate, dni, genre, name, surname, cityId) values (988, '2014-09-11', 41482707, 2, 'Henryetta', 'Pitway', 229);
insert into Student (id, birthdate, dni, genre, name, surname, cityId) values (989, '1980-01-23', 52893697, 0, 'Jocelin', 'Lamberto', 273);
insert into Student (id, birthdate, dni, genre, name, surname, cityId) values (990, '2009-12-09', 10997993, 2, 'Cassaundra', 'Smoote', 56);
insert into Student (id, birthdate, dni, genre, name, surname, cityId) values (991, '1932-11-10', 37347597, 2, 'Georgie', 'Giacobilio', 156);
insert into Student (id, birthdate, dni, genre, name, surname, cityId) values (992, '1974-07-25', 33673196, 1, 'Hoyt', 'Quigg', 119);
insert into Student (id, birthdate, dni, genre, name, surname, cityId) values (993, '1994-06-07', 48002820, 0, 'Daryn', 'Geerits', 30);
insert into Student (id, birthdate, dni, genre, name, surname, cityId) values (994, '2014-12-21', 27028328, 0, 'Natasha', 'Zealander', 76);
insert into Student (id, birthdate, dni, genre, name, surname, cityId) values (995, '1979-12-19', 22772908, 0, 'Berke', 'Everal', 248);
insert into Student (id, birthdate, dni, genre, name, surname, cityId) values (996, '1962-08-16', 24624911, 2, 'Sheilah', 'Hallt', 154);
insert into Student (id, birthdate, dni, genre, name, surname, cityId) values (997, '1991-01-24', 20569270, 2, 'Damaris', 'Lightwood', 254);
insert into Student (id, birthdate, dni, genre, name, surname, cityId) values (998, '1940-09-26', 29458631, 0, 'Stanfield', 'Beardwell', 132);
insert into Student (id, birthdate, dni, genre, name, surname, cityId) values (999, '1962-08-24', 20730192, 0, 'Cody', 'Garshore', 188);
insert into Student (id, birthdate, dni, genre, name, surname, cityId) values (1000, '1936-09-06', 35420522, 2, 'Calvin', 'Papez', 259);

---StudentCareer
insert into StudentCareer (careerId, studentId, graduationDate, signUpDate) values (7, 188, null, '1996-03-10');
insert into StudentCareer (careerId, studentId, graduationDate, signUpDate) values (7, 49, null, '2000-05-22');
insert into StudentCareer (careerId, studentId, graduationDate, signUpDate) values (17, 168, '2001-07-11', '2018-11-06');
insert into StudentCareer (careerId, studentId, graduationDate, signUpDate) values (12, 156, null, '2013-08-13');
insert into StudentCareer (careerId, studentId, graduationDate, signUpDate) values (31, 519, '2008-05-06', '1998-02-12');
insert into StudentCareer (careerId, studentId, graduationDate, signUpDate) values (26, 573, '2014-03-16', '1995-01-13');
insert into StudentCareer (careerId, studentId, graduationDate, signUpDate) values (21, 645, '2014-12-13', '2010-02-06');
insert into StudentCareer (careerId, studentId, graduationDate, signUpDate) values (18, 740, null, '1998-06-02');
insert into StudentCareer (careerId, studentId, graduationDate, signUpDate) values (50, 463, '2006-09-07', '2014-04-03');
insert into StudentCareer (careerId, studentId, graduationDate, signUpDate) values (19, 255, '1996-04-03', '2016-05-27');
insert into StudentCareer (careerId, studentId, graduationDate, signUpDate) values (32, 999, '2009-11-20', '1990-11-25');
insert into StudentCareer (careerId, studentId, graduationDate, signUpDate) values (40, 603, null, '1998-10-13');
insert into StudentCareer (careerId, studentId, graduationDate, signUpDate) values (2, 542, '2004-07-31', '2003-08-04');
insert into StudentCareer (careerId, studentId, graduationDate, signUpDate) values (2, 113, '2015-05-29', '2006-02-25');
insert into StudentCareer (careerId, studentId, graduationDate, signUpDate) values (15, 563, '2016-10-14', '1994-07-30');
insert into StudentCareer (careerId, studentId, graduationDate, signUpDate) values (30, 732, null, '2004-12-13');
insert into StudentCareer (careerId, studentId, graduationDate, signUpDate) values (10, 936, '2020-07-21', '2007-06-26');
insert into StudentCareer (careerId, studentId, graduationDate, signUpDate) values (43, 777, null, '2016-10-08');
insert into StudentCareer (careerId, studentId, graduationDate, signUpDate) values (31, 855, '1996-04-02', '2018-10-26');
insert into StudentCareer (careerId, studentId, graduationDate, signUpDate) values (2, 356, '2002-04-04', '2022-08-25');
insert into StudentCareer (careerId, studentId, graduationDate, signUpDate) values (33, 217, '2006-05-12', '2005-05-08');
insert into StudentCareer (careerId, studentId, graduationDate, signUpDate) values (32, 943, '1996-06-03', '2000-03-28');
insert into StudentCareer (careerId, studentId, graduationDate, signUpDate) values (37, 774, null, '2017-01-07');
insert into StudentCareer (careerId, studentId, graduationDate, signUpDate) values (43, 316, '1997-05-04', '1998-12-26');
insert into StudentCareer (careerId, studentId, graduationDate, signUpDate) values (3, 776, '1996-11-01', '2014-01-04');
insert into StudentCareer (careerId, studentId, graduationDate, signUpDate) values (31, 22, null, '2014-03-19');
insert into StudentCareer (careerId, studentId, graduationDate, signUpDate) values (25, 253, null, '1994-12-28');
insert into StudentCareer (careerId, studentId, graduationDate, signUpDate) values (41, 463, null, '2008-03-21');
insert into StudentCareer (careerId, studentId, graduationDate, signUpDate) values (29, 342, null, '2021-09-16');
insert into StudentCareer (careerId, studentId, graduationDate, signUpDate) values (48, 718, '2014-01-09', '2003-11-16');
insert into StudentCareer (careerId, studentId, graduationDate, signUpDate) values (34, 447, null, '2015-12-18');
insert into StudentCareer (careerId, studentId, graduationDate, signUpDate) values (32, 13, '2004-08-23', '1992-04-29');
insert into StudentCareer (careerId, studentId, graduationDate, signUpDate) values (7, 384, '2000-01-01', '1996-09-26');
insert into StudentCareer (careerId, studentId, graduationDate, signUpDate) values (34, 828, null, '1993-05-10');
insert into StudentCareer (careerId, studentId, graduationDate, signUpDate) values (33, 89, '2021-03-15', '2003-04-22');
insert into StudentCareer (careerId, studentId, graduationDate, signUpDate) values (42, 255, null, '1995-03-11');
insert into StudentCareer (careerId, studentId, graduationDate, signUpDate) values (6, 736, null, '2006-12-26');
insert into StudentCareer (careerId, studentId, graduationDate, signUpDate) values (39, 67, '2006-04-09', '2013-07-26');
insert into StudentCareer (careerId, studentId, graduationDate, signUpDate) values (45, 960, null, '2014-12-20');
insert into StudentCareer (careerId, studentId, graduationDate, signUpDate) values (29, 523, '2017-03-03', '2020-12-29');
insert into StudentCareer (careerId, studentId, graduationDate, signUpDate) values (26, 150, '1998-08-04', '2018-07-27');
insert into StudentCareer (careerId, studentId, graduationDate, signUpDate) values (32, 428, '2010-11-04', '1996-06-18');
insert into StudentCareer (careerId, studentId, graduationDate, signUpDate) values (36, 983, '2019-08-09', '2007-07-18');
insert into StudentCareer (careerId, studentId, graduationDate, signUpDate) values (23, 153, null, '1998-04-12');
insert into StudentCareer (careerId, studentId, graduationDate, signUpDate) values (21, 316, '1996-10-14', '2000-02-29');
insert into StudentCareer (careerId, studentId, graduationDate, signUpDate) values (30, 592, '1999-04-04', '2017-10-07');
insert into StudentCareer (careerId, studentId, graduationDate, signUpDate) values (7, 663, '2001-12-21', '2016-06-02');
insert into StudentCareer (careerId, studentId, graduationDate, signUpDate) values (4, 597, null, '2002-08-06');
insert into StudentCareer (careerId, studentId, graduationDate, signUpDate) values (28, 933, '2001-12-23', '1990-11-16');
insert into StudentCareer (careerId, studentId, graduationDate, signUpDate) values (40, 901, '2008-11-28', '2017-08-18');
insert into StudentCareer (careerId, studentId, graduationDate, signUpDate) values (43, 886, '1997-09-24', '2013-10-04');
insert into StudentCareer (careerId, studentId, graduationDate, signUpDate) values (41, 686, '2001-04-29', '1992-11-27');
insert into StudentCareer (careerId, studentId, graduationDate, signUpDate) values (47, 775, null, '2008-05-02');
insert into StudentCareer (careerId, studentId, graduationDate, signUpDate) values (33, 710, '2018-11-19', '2012-06-07');
insert into StudentCareer (careerId, studentId, graduationDate, signUpDate) values (42, 238, null, '2008-03-16');
insert into StudentCareer (careerId, studentId, graduationDate, signUpDate) values (8, 226, '2002-10-12', '2001-01-04');
insert into StudentCareer (careerId, studentId, graduationDate, signUpDate) values (10, 812, '2004-01-08', '2021-03-20');
insert into StudentCareer (careerId, studentId, graduationDate, signUpDate) values (1, 446, '2011-10-31', '2000-05-15');
insert into StudentCareer (careerId, studentId, graduationDate, signUpDate) values (6, 311, '2016-05-03', '2018-04-12');
insert into StudentCareer (careerId, studentId, graduationDate, signUpDate) values (23, 564, null, '2017-01-02');
insert into StudentCareer (careerId, studentId, graduationDate, signUpDate) values (24, 332, null, '1991-08-11');
insert into StudentCareer (careerId, studentId, graduationDate, signUpDate) values (31, 890, '2021-05-22', '2016-10-06');
insert into StudentCareer (careerId, studentId, graduationDate, signUpDate) values (45, 342, null, '2009-08-07');
insert into StudentCareer (careerId, studentId, graduationDate, signUpDate) values (20, 371, null, '2010-08-24');
insert into StudentCareer (careerId, studentId, graduationDate, signUpDate) values (10, 505, null, '1992-01-05');
insert into StudentCareer (careerId, studentId, graduationDate, signUpDate) values (26, 47, null, '1995-09-24');
insert into StudentCareer (careerId, studentId, graduationDate, signUpDate) values (10, 342, '2005-10-24', '2009-12-17');
insert into StudentCareer (careerId, studentId, graduationDate, signUpDate) values (7, 849, '2007-03-04', '2010-10-04');
insert into StudentCareer (careerId, studentId, graduationDate, signUpDate) values (35, 736, null, '1991-09-16');
insert into StudentCareer (careerId, studentId, graduationDate, signUpDate) values (44, 514, null, '2019-06-06');
insert into StudentCareer (careerId, studentId, graduationDate, signUpDate) values (26, 211, '2000-11-03', '1998-03-27');
insert into StudentCareer (careerId, studentId, graduationDate, signUpDate) values (40, 109, '2001-06-01', '2009-09-01');
insert into StudentCareer (careerId, studentId, graduationDate, signUpDate) values (23, 730, '2003-08-02', '2006-10-10');
insert into StudentCareer (careerId, studentId, graduationDate, signUpDate) values (41, 826, null, '2018-01-24');
insert into StudentCareer (careerId, studentId, graduationDate, signUpDate) values (22, 601, '2020-02-25', '2005-11-24');
insert into StudentCareer (careerId, studentId, graduationDate, signUpDate) values (27, 719, null, '2001-01-07');
insert into StudentCareer (careerId, studentId, graduationDate, signUpDate) values (1, 204, null, '2012-03-09');
insert into StudentCareer (careerId, studentId, graduationDate, signUpDate) values (32, 270, null, '2016-01-25');
insert into StudentCareer (careerId, studentId, graduationDate, signUpDate) values (35, 424, '2001-10-04', '2012-03-02');
insert into StudentCareer (careerId, studentId, graduationDate, signUpDate) values (9, 700, null, '1998-06-24');
insert into StudentCareer (careerId, studentId, graduationDate, signUpDate) values (31, 312, null, '2003-01-14');
insert into StudentCareer (careerId, studentId, graduationDate, signUpDate) values (40, 378, null, '1995-08-22');
insert into StudentCareer (careerId, studentId, graduationDate, signUpDate) values (31, 930, '1996-03-21', '1992-12-03');
insert into StudentCareer (careerId, studentId, graduationDate, signUpDate) values (23, 567, '2005-12-23', '1997-05-08');
insert into StudentCareer (careerId, studentId, graduationDate, signUpDate) values (18, 773, '2008-02-24', '2006-05-15');
insert into StudentCareer (careerId, studentId, graduationDate, signUpDate) values (34, 860, '2013-06-19', '2004-09-18');
insert into StudentCareer (careerId, studentId, graduationDate, signUpDate) values (41, 556, '2020-11-28', '2000-01-31');
insert into StudentCareer (careerId, studentId, graduationDate, signUpDate) values (11, 31, '2004-04-30', '2006-09-06');
insert into StudentCareer (careerId, studentId, graduationDate, signUpDate) values (6, 683, null, '2021-05-16');
insert into StudentCareer (careerId, studentId, graduationDate, signUpDate) values (44, 251, '2013-05-14', '2013-09-09');
insert into StudentCareer (careerId, studentId, graduationDate, signUpDate) values (34, 1, '2006-01-06', '2022-08-22');
insert into StudentCareer (careerId, studentId, graduationDate, signUpDate) values (46, 615, null, '2006-02-17');
insert into StudentCareer (careerId, studentId, graduationDate, signUpDate) values (37, 906, '2011-07-09', '1998-05-27');
insert into StudentCareer (careerId, studentId, graduationDate, signUpDate) values (37, 159, '2013-11-10', '2010-12-08');
insert into StudentCareer (careerId, studentId, graduationDate, signUpDate) values (41, 110, null, '2012-01-09');
insert into StudentCareer (careerId, studentId, graduationDate, signUpDate) values (6, 855, '2019-03-27', '2001-10-15');
insert into StudentCareer (careerId, studentId, graduationDate, signUpDate) values (40, 51, '2020-03-17', '1995-02-26');
insert into StudentCareer (careerId, studentId, graduationDate, signUpDate) values (12, 971, null, '2015-02-11');
insert into StudentCareer (careerId, studentId, graduationDate, signUpDate) values (16, 564, '2009-09-04', '1994-07-09');
insert into StudentCareer (careerId, studentId, graduationDate, signUpDate) values (16, 879, '2014-11-16', '2022-08-06');
insert into StudentCareer (careerId, studentId, graduationDate, signUpDate) values (38, 597, null, '1992-10-25');
insert into StudentCareer (careerId, studentId, graduationDate, signUpDate) values (41, 231, null, '2021-12-07');
insert into StudentCareer (careerId, studentId, graduationDate, signUpDate) values (37, 982, null, '1994-06-29');
insert into StudentCareer (careerId, studentId, graduationDate, signUpDate) values (35, 767, null, '2008-03-23');
insert into StudentCareer (careerId, studentId, graduationDate, signUpDate) values (6, 303, null, '2013-03-22');
insert into StudentCareer (careerId, studentId, graduationDate, signUpDate) values (39, 536, null, '2019-08-15');
insert into StudentCareer (careerId, studentId, graduationDate, signUpDate) values (27, 975, null, '2020-01-05');
insert into StudentCareer (careerId, studentId, graduationDate, signUpDate) values (31, 133, '1998-07-16', '2005-06-19');
insert into StudentCareer (careerId, studentId, graduationDate, signUpDate) values (7, 916, '2008-07-20', '2008-07-27');
insert into StudentCareer (careerId, studentId, graduationDate, signUpDate) values (10, 961, null, '2011-04-24');
insert into StudentCareer (careerId, studentId, graduationDate, signUpDate) values (3, 75, null, '2018-01-24');
insert into StudentCareer (careerId, studentId, graduationDate, signUpDate) values (25, 617, null, '2020-08-24');
insert into StudentCareer (careerId, studentId, graduationDate, signUpDate) values (35, 67, null, '2019-03-18');
insert into StudentCareer (careerId, studentId, graduationDate, signUpDate) values (22, 894, null, '1995-05-25');
insert into StudentCareer (careerId, studentId, graduationDate, signUpDate) values (47, 226, null, '2010-04-13');
insert into StudentCareer (careerId, studentId, graduationDate, signUpDate) values (6, 274, '2007-05-01', '2019-01-24');
insert into StudentCareer (careerId, studentId, graduationDate, signUpDate) values (42, 515, null, '2002-02-12');
insert into StudentCareer (careerId, studentId, graduationDate, signUpDate) values (9, 815, null, '1992-06-27');
insert into StudentCareer (careerId, studentId, graduationDate, signUpDate) values (22, 998, null, '2007-12-30');
insert into StudentCareer (careerId, studentId, graduationDate, signUpDate) values (38, 81, '2013-05-03', '2018-12-23');
insert into StudentCareer (careerId, studentId, graduationDate, signUpDate) values (15, 506, '1998-07-23', '2018-01-03');
insert into StudentCareer (careerId, studentId, graduationDate, signUpDate) values (13, 114, null, '2013-10-19');
insert into StudentCareer (careerId, studentId, graduationDate, signUpDate) values (35, 39, null, '2003-07-25');
insert into StudentCareer (careerId, studentId, graduationDate, signUpDate) values (47, 320, null, '2008-01-28');
insert into StudentCareer (careerId, studentId, graduationDate, signUpDate) values (37, 295, null, '2005-08-19');
insert into StudentCareer (careerId, studentId, graduationDate, signUpDate) values (32, 183, null, '2008-04-28');
insert into StudentCareer (careerId, studentId, graduationDate, signUpDate) values (10, 146, '2005-01-05', '1998-07-22');
insert into StudentCareer (careerId, studentId, graduationDate, signUpDate) values (24, 941, '2004-12-28', '2003-02-21');
insert into StudentCareer (careerId, studentId, graduationDate, signUpDate) values (13, 942, null, '2015-07-14');
insert into StudentCareer (careerId, studentId, graduationDate, signUpDate) values (42, 330, null, '1993-05-07');
insert into StudentCareer (careerId, studentId, graduationDate, signUpDate) values (10, 242, '2004-02-21', '1991-01-23');
insert into StudentCareer (careerId, studentId, graduationDate, signUpDate) values (45, 300, null, '1997-05-07');
insert into StudentCareer (careerId, studentId, graduationDate, signUpDate) values (39, 156, null, '1996-07-10');
insert into StudentCareer (careerId, studentId, graduationDate, signUpDate) values (20, 587, '1997-11-30', '2011-12-23');
insert into StudentCareer (careerId, studentId, graduationDate, signUpDate) values (44, 701, '2018-07-20', '2002-04-03');
insert into StudentCareer (careerId, studentId, graduationDate, signUpDate) values (42, 357, '2019-07-14', '2002-03-07');
insert into StudentCareer (careerId, studentId, graduationDate, signUpDate) values (13, 18, '1996-11-02', '1996-08-31');
insert into StudentCareer (careerId, studentId, graduationDate, signUpDate) values (29, 147, '2017-12-07', '1993-10-15');
insert into StudentCareer (careerId, studentId, graduationDate, signUpDate) values (20, 881, null, '2010-01-09');
insert into StudentCareer (careerId, studentId, graduationDate, signUpDate) values (50, 228, '2012-03-29', '1994-04-27');
insert into StudentCareer (careerId, studentId, graduationDate, signUpDate) values (4, 83, '2011-05-23', '2001-12-18');
insert into StudentCareer (careerId, studentId, graduationDate, signUpDate) values (14, 999, null, '2015-06-23');
insert into StudentCareer (careerId, studentId, graduationDate, signUpDate) values (3, 613, '1999-09-07', '2000-09-13');
insert into StudentCareer (careerId, studentId, graduationDate, signUpDate) values (49, 549, '2003-03-07', '1996-05-07');
insert into StudentCareer (careerId, studentId, graduationDate, signUpDate) values (47, 348, null, '2014-07-22');
insert into StudentCareer (careerId, studentId, graduationDate, signUpDate) values (49, 903, null, '2002-10-11');
insert into StudentCareer (careerId, studentId, graduationDate, signUpDate) values (21, 675, '2009-03-08', '2015-02-13');
insert into StudentCareer (careerId, studentId, graduationDate, signUpDate) values (16, 29, null, '2006-10-09');
insert into StudentCareer (careerId, studentId, graduationDate, signUpDate) values (40, 257, null, '2017-08-02');
insert into StudentCareer (careerId, studentId, graduationDate, signUpDate) values (31, 914, '1996-11-05', '2002-11-05');
insert into StudentCareer (careerId, studentId, graduationDate, signUpDate) values (50, 998, null, '2000-04-22');
insert into StudentCareer (careerId, studentId, graduationDate, signUpDate) values (42, 420, '1998-03-13', '2003-04-19');
insert into StudentCareer (careerId, studentId, graduationDate, signUpDate) values (34, 882, '2006-04-29', '2000-06-14');
insert into StudentCareer (careerId, studentId, graduationDate, signUpDate) values (40, 353, '2014-07-26', '2000-08-17');
insert into StudentCareer (careerId, studentId, graduationDate, signUpDate) values (33, 450, '2002-11-23', '2013-08-08');
insert into StudentCareer (careerId, studentId, graduationDate, signUpDate) values (18, 904, null, '2001-08-07');
insert into StudentCareer (careerId, studentId, graduationDate, signUpDate) values (42, 225, '2015-10-20', '2000-02-22');
insert into StudentCareer (careerId, studentId, graduationDate, signUpDate) values (7, 234, null, '2017-02-16');
insert into StudentCareer (careerId, studentId, graduationDate, signUpDate) values (47, 558, '2001-06-30', '2005-02-02');
insert into StudentCareer (careerId, studentId, graduationDate, signUpDate) values (32, 1, '2009-11-03', '2005-01-24');
insert into StudentCareer (careerId, studentId, graduationDate, signUpDate) values (44, 909, null, '2006-12-02');
insert into StudentCareer (careerId, studentId, graduationDate, signUpDate) values (47, 103, '2004-10-23', '2016-10-09');
insert into StudentCareer (careerId, studentId, graduationDate, signUpDate) values (19, 705, null, '1999-07-24');
insert into StudentCareer (careerId, studentId, graduationDate, signUpDate) values (4, 918, null, '2009-06-14');
insert into StudentCareer (careerId, studentId, graduationDate, signUpDate) values (3, 700, null, '2018-12-09');
insert into StudentCareer (careerId, studentId, graduationDate, signUpDate) values (40, 960, null, '1994-12-23');
insert into StudentCareer (careerId, studentId, graduationDate, signUpDate) values (27, 91, '2004-04-18', '2008-03-13');
insert into StudentCareer (careerId, studentId, graduationDate, signUpDate) values (12, 180, null, '2012-01-11');
insert into StudentCareer (careerId, studentId, graduationDate, signUpDate) values (20, 517, null, '2006-10-22');
insert into StudentCareer (careerId, studentId, graduationDate, signUpDate) values (36, 455, '2011-03-01', '2004-09-03');
insert into StudentCareer (careerId, studentId, graduationDate, signUpDate) values (5, 63, null, '1994-04-30');
insert into StudentCareer (careerId, studentId, graduationDate, signUpDate) values (26, 109, '1999-05-28', '2001-05-23');
insert into StudentCareer (careerId, studentId, graduationDate, signUpDate) values (31, 244, null, '1996-09-24');
insert into StudentCareer (careerId, studentId, graduationDate, signUpDate) values (10, 763, '2014-01-12', '2003-02-26');
insert into StudentCareer (careerId, studentId, graduationDate, signUpDate) values (21, 566, '2020-10-15', '2000-10-29');
insert into StudentCareer (careerId, studentId, graduationDate, signUpDate) values (23, 245, null, '2014-10-17');
insert into StudentCareer (careerId, studentId, graduationDate, signUpDate) values (22, 262, '1999-03-02', '1997-07-02');
insert into StudentCareer (careerId, studentId, graduationDate, signUpDate) values (32, 399, null, '1995-06-03');
insert into StudentCareer (careerId, studentId, graduationDate, signUpDate) values (1, 635, '2022-01-01', '1991-12-01');
insert into StudentCareer (careerId, studentId, graduationDate, signUpDate) values (48, 648, null, '2019-09-04');
insert into StudentCareer (careerId, studentId, graduationDate, signUpDate) values (42, 483, null, '2020-04-27');
insert into StudentCareer (careerId, studentId, graduationDate, signUpDate) values (22, 766, '2002-01-14', '2016-08-23');
insert into StudentCareer (careerId, studentId, graduationDate, signUpDate) values (34, 9, null, '2015-06-08');
insert into StudentCareer (careerId, studentId, graduationDate, signUpDate) values (50, 622, '2016-11-30', '2010-08-11');
insert into StudentCareer (careerId, studentId, graduationDate, signUpDate) values (6, 527, null, '1993-09-15');
insert into StudentCareer (careerId, studentId, graduationDate, signUpDate) values (41, 726, null, '1990-08-11');
insert into StudentCareer (careerId, studentId, graduationDate, signUpDate) values (6, 624, '2013-05-19', '2005-02-25');
insert into StudentCareer (careerId, studentId, graduationDate, signUpDate) values (45, 252, null, '2007-11-24');
insert into StudentCareer (careerId, studentId, graduationDate, signUpDate) values (1, 971, null, '1995-12-30');
insert into StudentCareer (careerId, studentId, graduationDate, signUpDate) values (35, 843, null, '1998-02-13');
insert into StudentCareer (careerId, studentId, graduationDate, signUpDate) values (50, 905, null, '1995-09-06');
insert into StudentCareer (careerId, studentId, graduationDate, signUpDate) values (34, 533, '2000-03-19', '2017-08-16');
insert into StudentCareer (careerId, studentId, graduationDate, signUpDate) values (8, 392, '2019-03-24', '2013-09-08');
insert into StudentCareer (careerId, studentId, graduationDate, signUpDate) values (24, 616, null, '2016-12-13');
insert into StudentCareer (careerId, studentId, graduationDate, signUpDate) values (41, 5, null, '2002-09-26');
insert into StudentCareer (careerId, studentId, graduationDate, signUpDate) values (10, 214, null, '2019-10-25');
insert into StudentCareer (careerId, studentId, graduationDate, signUpDate) values (3, 359, null, '1997-04-06');
insert into StudentCareer (careerId, studentId, graduationDate, signUpDate) values (17, 145, null, '2018-04-19');
insert into StudentCareer (careerId, studentId, graduationDate, signUpDate) values (7, 353, null, '2013-08-14');
insert into StudentCareer (careerId, studentId, graduationDate, signUpDate) values (42, 660, '2008-08-06', '2009-06-17');
insert into StudentCareer (careerId, studentId, graduationDate, signUpDate) values (7, 351, null, '1991-12-12');
insert into StudentCareer (careerId, studentId, graduationDate, signUpDate) values (34, 848, '2012-05-05', '2011-07-11');
insert into StudentCareer (careerId, studentId, graduationDate, signUpDate) values (42, 666, null, '2021-06-13');
insert into StudentCareer (careerId, studentId, graduationDate, signUpDate) values (31, 590, null, '2014-07-06');
insert into StudentCareer (careerId, studentId, graduationDate, signUpDate) values (7, 42, null, '2019-01-19');
insert into StudentCareer (careerId, studentId, graduationDate, signUpDate) values (30, 787, '2021-02-12', '2022-04-27');
insert into StudentCareer (careerId, studentId, graduationDate, signUpDate) values (47, 864, null, '2001-03-15');
insert into StudentCareer (careerId, studentId, graduationDate, signUpDate) values (46, 141, null, '2007-10-15');
insert into StudentCareer (careerId, studentId, graduationDate, signUpDate) values (49, 967, null, '2021-08-07');
insert into StudentCareer (careerId, studentId, graduationDate, signUpDate) values (17, 836, '2011-08-01', '2002-02-01');
insert into StudentCareer (careerId, studentId, graduationDate, signUpDate) values (18, 986, null, '2020-08-11');
insert into StudentCareer (careerId, studentId, graduationDate, signUpDate) values (8, 829, '2018-08-12', '1990-01-07');
insert into StudentCareer (careerId, studentId, graduationDate, signUpDate) values (4, 647, null, '2002-04-10');
insert into StudentCareer (careerId, studentId, graduationDate, signUpDate) values (4, 469, '2009-04-02', '1993-05-23');
insert into StudentCareer (careerId, studentId, graduationDate, signUpDate) values (28, 154, '1997-12-09', '2008-10-26');
insert into StudentCareer (careerId, studentId, graduationDate, signUpDate) values (8, 909, '2018-06-11', '1994-10-03');
insert into StudentCareer (careerId, studentId, graduationDate, signUpDate) values (13, 381, null, '2015-06-15');
insert into StudentCareer (careerId, studentId, graduationDate, signUpDate) values (47, 808, '2009-12-31', '1992-07-01');
insert into StudentCareer (careerId, studentId, graduationDate, signUpDate) values (46, 168, null, '2007-01-25');
insert into StudentCareer (careerId, studentId, graduationDate, signUpDate) values (28, 978, null, '2017-12-15');
insert into StudentCareer (careerId, studentId, graduationDate, signUpDate) values (41, 783, null, '1995-07-17');
insert into StudentCareer (careerId, studentId, graduationDate, signUpDate) values (23, 373, null, '2020-04-11');
insert into StudentCareer (careerId, studentId, graduationDate, signUpDate) values (23, 806, '1997-01-27', '2016-01-11');
insert into StudentCareer (careerId, studentId, graduationDate, signUpDate) values (18, 301, '2017-11-22', '1996-10-08');
insert into StudentCareer (careerId, studentId, graduationDate, signUpDate) values (15, 782, null, '2007-01-26');
insert into StudentCareer (careerId, studentId, graduationDate, signUpDate) values (32, 137, null, '2000-07-08');
insert into StudentCareer (careerId, studentId, graduationDate, signUpDate) values (36, 400, '2011-10-18', '2010-07-29');
insert into StudentCareer (careerId, studentId, graduationDate, signUpDate) values (36, 242, '2016-03-31', '2002-08-14');
insert into StudentCareer (careerId, studentId, graduationDate, signUpDate) values (2, 587, '2012-12-01', '1999-11-19');
insert into StudentCareer (careerId, studentId, graduationDate, signUpDate) values (11, 572, '2005-10-26', '2006-07-27');
insert into StudentCareer (careerId, studentId, graduationDate, signUpDate) values (42, 995, '2013-10-18', '2005-05-16');
insert into StudentCareer (careerId, studentId, graduationDate, signUpDate) values (18, 293, '2017-10-21', '2005-02-24');
insert into StudentCareer (careerId, studentId, graduationDate, signUpDate) values (45, 759, '1995-09-22', '2004-08-18');
insert into StudentCareer (careerId, studentId, graduationDate, signUpDate) values (12, 204, '2002-02-14', '1996-03-07');
insert into StudentCareer (careerId, studentId, graduationDate, signUpDate) values (7, 748, null, '1990-05-18');
insert into StudentCareer (careerId, studentId, graduationDate, signUpDate) values (23, 441, '2008-02-03', '2018-01-10');
insert into StudentCareer (careerId, studentId, graduationDate, signUpDate) values (1, 116, null, '2001-06-11');
insert into StudentCareer (careerId, studentId, graduationDate, signUpDate) values (48, 584, '2002-02-20', '1999-04-21');
insert into StudentCareer (careerId, studentId, graduationDate, signUpDate) values (14, 59, null, '2005-11-17');
insert into StudentCareer (careerId, studentId, graduationDate, signUpDate) values (36, 235, '2019-08-29', '2017-12-29');
insert into StudentCareer (careerId, studentId, graduationDate, signUpDate) values (27, 427, '2000-08-12', '2008-02-24');
insert into StudentCareer (careerId, studentId, graduationDate, signUpDate) values (45, 586, '2017-01-22', '1993-10-09');
insert into StudentCareer (careerId, studentId, graduationDate, signUpDate) values (27, 406, '2015-01-19', '1999-01-02');
insert into StudentCareer (careerId, studentId, graduationDate, signUpDate) values (39, 555, null, '2005-09-03');
insert into StudentCareer (careerId, studentId, graduationDate, signUpDate) values (45, 272, '2018-08-21', '2008-10-24');
insert into StudentCareer (careerId, studentId, graduationDate, signUpDate) values (4, 386, '2018-10-18', '2015-03-27');
insert into StudentCareer (careerId, studentId, graduationDate, signUpDate) values (40, 166, '2016-11-04', '1998-10-09');
insert into StudentCareer (careerId, studentId, graduationDate, signUpDate) values (2, 432, '2000-08-24', '2004-01-30');
insert into StudentCareer (careerId, studentId, graduationDate, signUpDate) values (13, 390, null, '2000-09-07');
insert into StudentCareer (careerId, studentId, graduationDate, signUpDate) values (49, 215, null, '2015-08-03');
insert into StudentCareer (careerId, studentId, graduationDate, signUpDate) values (14, 43, null, '1995-05-11');
insert into StudentCareer (careerId, studentId, graduationDate, signUpDate) values (43, 470, null, '1998-06-15');
insert into StudentCareer (careerId, studentId, graduationDate, signUpDate) values (15, 93, null, '2009-06-25');
insert into StudentCareer (careerId, studentId, graduationDate, signUpDate) values (40, 826, null, '2017-01-21');
insert into StudentCareer (careerId, studentId, graduationDate, signUpDate) values (25, 894, null, '2001-11-27');
insert into StudentCareer (careerId, studentId, graduationDate, signUpDate) values (47, 768, '2001-11-02', '2015-07-29');
insert into StudentCareer (careerId, studentId, graduationDate, signUpDate) values (30, 598, '1996-10-11', '2016-06-27');
insert into StudentCareer (careerId, studentId, graduationDate, signUpDate) values (24, 537, '2000-09-26', '2018-09-21');
insert into StudentCareer (careerId, studentId, graduationDate, signUpDate) values (30, 20, '2018-05-21', '2000-10-04');
insert into StudentCareer (careerId, studentId, graduationDate, signUpDate) values (21, 376, null, '1995-04-30');
insert into StudentCareer (careerId, studentId, graduationDate, signUpDate) values (16, 932, null, '2014-08-29');
insert into StudentCareer (careerId, studentId, graduationDate, signUpDate) values (47, 837, null, '2020-06-07');
insert into StudentCareer (careerId, studentId, graduationDate, signUpDate) values (33, 9, null, '1992-06-02');
insert into StudentCareer (careerId, studentId, graduationDate, signUpDate) values (29, 650, '2020-01-23', '2005-03-19');
insert into StudentCareer (careerId, studentId, graduationDate, signUpDate) values (33, 569, '2000-02-02', '2021-01-23');
insert into StudentCareer (careerId, studentId, graduationDate, signUpDate) values (17, 370, null, '2004-07-19');
insert into StudentCareer (careerId, studentId, graduationDate, signUpDate) values (19, 896, null, '2016-12-11');
insert into StudentCareer (careerId, studentId, graduationDate, signUpDate) values (14, 369, null, '2020-02-29');
insert into StudentCareer (careerId, studentId, graduationDate, signUpDate) values (42, 409, '2009-03-21', '2001-02-16');
insert into StudentCareer (careerId, studentId, graduationDate, signUpDate) values (29, 717, null, '1996-03-25');
insert into StudentCareer (careerId, studentId, graduationDate, signUpDate) values (4, 668, null, '1997-03-28');
insert into StudentCareer (careerId, studentId, graduationDate, signUpDate) values (27, 209, '2012-02-12', '2018-03-18');
insert into StudentCareer (careerId, studentId, graduationDate, signUpDate) values (46, 4, null, '2018-12-24');
insert into StudentCareer (careerId, studentId, graduationDate, signUpDate) values (18, 133, null, '2001-04-02');
insert into StudentCareer (careerId, studentId, graduationDate, signUpDate) values (25, 410, '2013-01-16', '2007-08-17');
insert into StudentCareer (careerId, studentId, graduationDate, signUpDate) values (41, 609, null, '2018-06-26');
insert into StudentCareer (careerId, studentId, graduationDate, signUpDate) values (17, 329, '2009-03-15', '2018-09-21');
insert into StudentCareer (careerId, studentId, graduationDate, signUpDate) values (9, 967, null, '2013-05-27');
insert into StudentCareer (careerId, studentId, graduationDate, signUpDate) values (25, 561, null, '2003-12-14');
insert into StudentCareer (careerId, studentId, graduationDate, signUpDate) values (40, 523, '2004-08-11', '1993-05-09');
insert into StudentCareer (careerId, studentId, graduationDate, signUpDate) values (18, 436, null, '2022-08-12');
insert into StudentCareer (careerId, studentId, graduationDate, signUpDate) values (47, 764, null, '2016-02-18');
insert into StudentCareer (careerId, studentId, graduationDate, signUpDate) values (2, 918, null, '1990-07-16');
insert into StudentCareer (careerId, studentId, graduationDate, signUpDate) values (26, 550, '2015-07-08', '1994-12-14');
insert into StudentCareer (careerId, studentId, graduationDate, signUpDate) values (39, 688, null, '2006-06-14');
insert into StudentCareer (careerId, studentId, graduationDate, signUpDate) values (42, 167, '2021-01-22', '1999-02-16');
insert into StudentCareer (careerId, studentId, graduationDate, signUpDate) values (37, 452, '1996-05-03', '2021-01-29');
insert into StudentCareer (careerId, studentId, graduationDate, signUpDate) values (43, 971, '2019-12-05', '2019-07-27');
insert into StudentCareer (careerId, studentId, graduationDate, signUpDate) values (32, 252, null, '2000-01-01');
insert into StudentCareer (careerId, studentId, graduationDate, signUpDate) values (50, 198, null, '2016-06-22');
insert into StudentCareer (careerId, studentId, graduationDate, signUpDate) values (2, 284, '2021-08-23', '2018-07-16');
insert into StudentCareer (careerId, studentId, graduationDate, signUpDate) values (10, 651, '2003-07-07', '2021-01-10');
insert into StudentCareer (careerId, studentId, graduationDate, signUpDate) values (8, 105, '2002-05-20', '1993-07-27');
insert into StudentCareer (careerId, studentId, graduationDate, signUpDate) values (18, 982, '2013-06-15', '2018-05-21');
insert into StudentCareer (careerId, studentId, graduationDate, signUpDate) values (6, 890, '1998-10-12', '2015-11-20');
insert into StudentCareer (careerId, studentId, graduationDate, signUpDate) values (21, 869, '2012-09-13', '2018-10-21');
insert into StudentCareer (careerId, studentId, graduationDate, signUpDate) values (22, 289, null, '1997-10-11');
insert into StudentCareer (careerId, studentId, graduationDate, signUpDate) values (21, 632, null, '1996-11-11');
insert into StudentCareer (careerId, studentId, graduationDate, signUpDate) values (43, 23, '2001-08-09', '2006-05-21');
insert into StudentCareer (careerId, studentId, graduationDate, signUpDate) values (25, 784, null, '2001-03-25');
insert into StudentCareer (careerId, studentId, graduationDate, signUpDate) values (81, 828, '2012-10-06', '2020-01-22');
insert into StudentCareer (careerId, studentId, graduationDate, signUpDate) values (91, 190, '2010-02-20', '2019-12-08');
insert into StudentCareer (careerId, studentId, graduationDate, signUpDate) values (73, 479, null, '2012-06-13');
insert into StudentCareer (careerId, studentId, graduationDate, signUpDate) values (56, 934, null, '2019-04-18');
insert into StudentCareer (careerId, studentId, graduationDate, signUpDate) values (64, 499, null, '2007-04-17');
insert into StudentCareer (careerId, studentId, graduationDate, signUpDate) values (90, 920, '2019-09-13', '2022-06-28');
insert into StudentCareer (careerId, studentId, graduationDate, signUpDate) values (96, 967, null, '2006-03-21');
insert into StudentCareer (careerId, studentId, graduationDate, signUpDate) values (67, 4, '2012-09-09', '2022-02-26');
insert into StudentCareer (careerId, studentId, graduationDate, signUpDate) values (96, 107, null, '2017-12-08');
insert into StudentCareer (careerId, studentId, graduationDate, signUpDate) values (55, 672, null, '2008-01-20');
insert into StudentCareer (careerId, studentId, graduationDate, signUpDate) values (58, 35, null, '2019-02-14');
insert into StudentCareer (careerId, studentId, graduationDate, signUpDate) values (96, 367, '2009-07-25', '2021-08-25');
insert into StudentCareer (careerId, studentId, graduationDate, signUpDate) values (94, 978, null, '2020-11-22');
insert into StudentCareer (careerId, studentId, graduationDate, signUpDate) values (70, 187, null, '2014-04-15');
insert into StudentCareer (careerId, studentId, graduationDate, signUpDate) values (62, 298, '2017-05-15', '2007-07-31');
insert into StudentCareer (careerId, studentId, graduationDate, signUpDate) values (56, 57, null, '2005-04-01');
insert into StudentCareer (careerId, studentId, graduationDate, signUpDate) values (51, 126, null, '1990-08-24');
insert into StudentCareer (careerId, studentId, graduationDate, signUpDate) values (74, 591, null, '1998-12-18');
insert into StudentCareer (careerId, studentId, graduationDate, signUpDate) values (82, 111, null, '2020-03-22');
insert into StudentCareer (careerId, studentId, graduationDate, signUpDate) values (88, 442, '2001-12-08', '1995-11-08');
insert into StudentCareer (careerId, studentId, graduationDate, signUpDate) values (61, 382, null, '2016-06-13');
insert into StudentCareer (careerId, studentId, graduationDate, signUpDate) values (68, 578, '2019-09-13', '2010-09-01');
insert into StudentCareer (careerId, studentId, graduationDate, signUpDate) values (65, 630, null, '2001-08-13');
insert into StudentCareer (careerId, studentId, graduationDate, signUpDate) values (62, 110, '1997-09-16', '2001-04-13');
insert into StudentCareer (careerId, studentId, graduationDate, signUpDate) values (61, 378, null, '2000-06-04');
insert into StudentCareer (careerId, studentId, graduationDate, signUpDate) values (95, 594, null, '2019-02-13');
insert into StudentCareer (careerId, studentId, graduationDate, signUpDate) values (62, 198, null, '1995-04-04');
insert into StudentCareer (careerId, studentId, graduationDate, signUpDate) values (93, 546, null, '1993-08-24');
insert into StudentCareer (careerId, studentId, graduationDate, signUpDate) values (69, 983, null, '2014-05-12');
insert into StudentCareer (careerId, studentId, graduationDate, signUpDate) values (78, 978, '2014-09-03', '2022-07-09');
insert into StudentCareer (careerId, studentId, graduationDate, signUpDate) values (57, 424, '2000-06-22', '2016-04-06');
insert into StudentCareer (careerId, studentId, graduationDate, signUpDate) values (89, 551, null, '1999-12-16');
insert into StudentCareer (careerId, studentId, graduationDate, signUpDate) values (99, 873, null, '1998-02-18');
insert into StudentCareer (careerId, studentId, graduationDate, signUpDate) values (58, 657, '2021-06-11', '2006-08-30');
insert into StudentCareer (careerId, studentId, graduationDate, signUpDate) values (97, 751, null, '1991-10-28');
insert into StudentCareer (careerId, studentId, graduationDate, signUpDate) values (73, 24, '2017-03-10', '2008-07-08');
insert into StudentCareer (careerId, studentId, graduationDate, signUpDate) values (75, 253, '2001-02-16', '2006-01-05');
insert into StudentCareer (careerId, studentId, graduationDate, signUpDate) values (55, 318, null, '2003-10-31');
insert into StudentCareer (careerId, studentId, graduationDate, signUpDate) values (63, 279, '2017-01-17', '1993-01-10');
insert into StudentCareer (careerId, studentId, graduationDate, signUpDate) values (77, 716, null, '2008-08-30');
insert into StudentCareer (careerId, studentId, graduationDate, signUpDate) values (51, 220, null, '2003-12-12');
insert into StudentCareer (careerId, studentId, graduationDate, signUpDate) values (72, 987, null, '2022-05-06');
insert into StudentCareer (careerId, studentId, graduationDate, signUpDate) values (65, 78, null, '2018-08-04');
insert into StudentCareer (careerId, studentId, graduationDate, signUpDate) values (72, 672, null, '2010-12-07');
insert into StudentCareer (careerId, studentId, graduationDate, signUpDate) values (94, 609, '2019-05-11', '2004-03-26');
insert into StudentCareer (careerId, studentId, graduationDate, signUpDate) values (90, 782, '2012-03-06', '2010-04-19');
insert into StudentCareer (careerId, studentId, graduationDate, signUpDate) values (99, 564, null, '1991-08-04');
insert into StudentCareer (careerId, studentId, graduationDate, signUpDate) values (59, 607, null, '2010-01-14');
insert into StudentCareer (careerId, studentId, graduationDate, signUpDate) values (96, 431, null, '2004-07-19');
insert into StudentCareer (careerId, studentId, graduationDate, signUpDate) values (77, 195, '2006-02-18', '2000-01-06');
insert into StudentCareer (careerId, studentId, graduationDate, signUpDate) values (53, 398, null, '2007-04-30');
insert into StudentCareer (careerId, studentId, graduationDate, signUpDate) values (83, 374, '1997-11-25', '2004-06-25');
insert into StudentCareer (careerId, studentId, graduationDate, signUpDate) values (72, 37, null, '2022-04-09');
insert into StudentCareer (careerId, studentId, graduationDate, signUpDate) values (52, 985, '1999-08-04', '1992-02-23');
insert into StudentCareer (careerId, studentId, graduationDate, signUpDate) values (54, 927, '2007-01-13', '1996-08-13');
insert into StudentCareer (careerId, studentId, graduationDate, signUpDate) values (59, 345, '1998-10-19', '1990-12-29');
insert into StudentCareer (careerId, studentId, graduationDate, signUpDate) values (65, 661, '2019-02-05', '2000-06-05');
insert into StudentCareer (careerId, studentId, graduationDate, signUpDate) values (86, 265, '1996-01-18', '1991-08-03');
insert into StudentCareer (careerId, studentId, graduationDate, signUpDate) values (67, 367, '2021-10-23', '2008-10-07');
insert into StudentCareer (careerId, studentId, graduationDate, signUpDate) values (98, 637, null, '2002-08-14');
insert into StudentCareer (careerId, studentId, graduationDate, signUpDate) values (59, 973, '2003-04-21', '1992-04-24');
insert into StudentCareer (careerId, studentId, graduationDate, signUpDate) values (87, 128, null, '2008-01-26');
insert into StudentCareer (careerId, studentId, graduationDate, signUpDate) values (79, 275, '1995-06-04', '1991-09-13');
insert into StudentCareer (careerId, studentId, graduationDate, signUpDate) values (85, 408, '2002-04-16', '1997-02-07');
insert into StudentCareer (careerId, studentId, graduationDate, signUpDate) values (59, 285, null, '2017-10-30');
insert into StudentCareer (careerId, studentId, graduationDate, signUpDate) values (53, 127, '1999-07-24', '2008-10-31');
insert into StudentCareer (careerId, studentId, graduationDate, signUpDate) values (97, 432, '2003-11-07', '2009-02-12');
insert into StudentCareer (careerId, studentId, graduationDate, signUpDate) values (56, 597, '2017-08-12', '1990-01-31');
insert into StudentCareer (careerId, studentId, graduationDate, signUpDate) values (78, 694, '2004-12-31', '2017-11-04');
insert into StudentCareer (careerId, studentId, graduationDate, signUpDate) values (73, 896, '2017-11-28', '2009-12-28');
insert into StudentCareer (careerId, studentId, graduationDate, signUpDate) values (59, 728, null, '1992-07-03');
insert into StudentCareer (careerId, studentId, graduationDate, signUpDate) values (77, 780, '2020-05-31', '2019-05-24');
insert into StudentCareer (careerId, studentId, graduationDate, signUpDate) values (52, 463, null, '2010-04-26');
insert into StudentCareer (careerId, studentId, graduationDate, signUpDate) values (53, 484, '2018-01-29', '1994-02-02');
insert into StudentCareer (careerId, studentId, graduationDate, signUpDate) values (83, 643, null, '1990-02-08');
insert into StudentCareer (careerId, studentId, graduationDate, signUpDate) values (64, 153, null, '1997-10-10');
insert into StudentCareer (careerId, studentId, graduationDate, signUpDate) values (80, 464, '2005-07-08', '2009-02-22');
insert into StudentCareer (careerId, studentId, graduationDate, signUpDate) values (62, 275, '2000-03-28', '2013-06-20');
insert into StudentCareer (careerId, studentId, graduationDate, signUpDate) values (99, 785, '2015-11-07', '2018-09-16');
insert into StudentCareer (careerId, studentId, graduationDate, signUpDate) values (81, 351, null, '2004-07-16');
insert into StudentCareer (careerId, studentId, graduationDate, signUpDate) values (81, 673, '2021-04-22', '2015-04-27');
insert into StudentCareer (careerId, studentId, graduationDate, signUpDate) values (98, 339, '2004-05-18', '1992-08-25');
insert into StudentCareer (careerId, studentId, graduationDate, signUpDate) values (68, 618, '2003-12-04', '2010-03-27');
insert into StudentCareer (careerId, studentId, graduationDate, signUpDate) values (51, 956, '2006-03-17', '1994-10-15');
insert into StudentCareer (careerId, studentId, graduationDate, signUpDate) values (96, 536, '2017-06-04', '2018-09-10');
insert into StudentCareer (careerId, studentId, graduationDate, signUpDate) values (89, 166, '2002-01-06', '2020-01-19');
insert into StudentCareer (careerId, studentId, graduationDate, signUpDate) values (53, 163, null, '2019-05-21');
insert into StudentCareer (careerId, studentId, graduationDate, signUpDate) values (86, 822, '2008-07-24', '2021-08-23');
insert into StudentCareer (careerId, studentId, graduationDate, signUpDate) values (89, 532, '2004-03-18', '1998-07-05');
insert into StudentCareer (careerId, studentId, graduationDate, signUpDate) values (54, 966, null, '2001-12-20');
insert into StudentCareer (careerId, studentId, graduationDate, signUpDate) values (84, 210, '2013-05-04', '2007-03-11');
insert into StudentCareer (careerId, studentId, graduationDate, signUpDate) values (74, 902, null, '2004-05-16');
insert into StudentCareer (careerId, studentId, graduationDate, signUpDate) values (53, 844, null, '2002-01-27');
insert into StudentCareer (careerId, studentId, graduationDate, signUpDate) values (51, 944, null, '2003-08-07');
insert into StudentCareer (careerId, studentId, graduationDate, signUpDate) values (67, 205, '2009-11-13', '2020-06-03');
insert into StudentCareer (careerId, studentId, graduationDate, signUpDate) values (78, 406, null, '2018-07-23');
insert into StudentCareer (careerId, studentId, graduationDate, signUpDate) values (93, 63, '2009-01-18', '2002-03-28');
insert into StudentCareer (careerId, studentId, graduationDate, signUpDate) values (100, 872, null, '2022-04-20');
insert into StudentCareer (careerId, studentId, graduationDate, signUpDate) values (97, 126, '2013-01-07', '1990-03-10');
insert into StudentCareer (careerId, studentId, graduationDate, signUpDate) values (60, 564, '2001-10-31', '1995-04-29');
insert into StudentCareer (careerId, studentId, graduationDate, signUpDate) values (86, 901, null, '2009-07-22');
insert into StudentCareer (careerId, studentId, graduationDate, signUpDate) values (51, 92, '2007-09-30', '1990-04-18');
insert into StudentCareer (careerId, studentId, graduationDate, signUpDate) values (80, 585, null, '2018-01-21');
insert into StudentCareer (careerId, studentId, graduationDate, signUpDate) values (86, 374, '2009-05-12', '2006-07-04');
insert into StudentCareer (careerId, studentId, graduationDate, signUpDate) values (62, 231, null, '2017-02-07');
insert into StudentCareer (careerId, studentId, graduationDate, signUpDate) values (92, 730, '2008-04-30', '1999-01-23');
insert into StudentCareer (careerId, studentId, graduationDate, signUpDate) values (95, 730, '2016-06-13', '2014-10-15');
insert into StudentCareer (careerId, studentId, graduationDate, signUpDate) values (77, 183, '2017-03-24', '2014-03-11');
insert into StudentCareer (careerId, studentId, graduationDate, signUpDate) values (65, 939, null, '2008-09-29');
insert into StudentCareer (careerId, studentId, graduationDate, signUpDate) values (78, 490, '2003-03-02', '2006-09-20');
insert into StudentCareer (careerId, studentId, graduationDate, signUpDate) values (71, 919, null, '2001-04-13');
insert into StudentCareer (careerId, studentId, graduationDate, signUpDate) values (78, 948, '1996-09-16', '2015-04-27');
insert into StudentCareer (careerId, studentId, graduationDate, signUpDate) values (80, 120, '2013-10-20', '2001-11-11');
insert into StudentCareer (careerId, studentId, graduationDate, signUpDate) values (56, 845, '2020-02-17', '1991-11-03');
insert into StudentCareer (careerId, studentId, graduationDate, signUpDate) values (69, 379, '2004-08-13', '2021-07-06');
insert into StudentCareer (careerId, studentId, graduationDate, signUpDate) values (71, 9, null, '2008-12-15');
insert into StudentCareer (careerId, studentId, graduationDate, signUpDate) values (84, 499, '2009-11-10', '2020-06-27');
insert into StudentCareer (careerId, studentId, graduationDate, signUpDate) values (53, 601, '2000-08-26', '1999-06-26');
insert into StudentCareer (careerId, studentId, graduationDate, signUpDate) values (79, 673, null, '2001-06-23');
insert into StudentCareer (careerId, studentId, graduationDate, signUpDate) values (84, 960, null, '2013-04-19');
insert into StudentCareer (careerId, studentId, graduationDate, signUpDate) values (89, 328, '2018-09-04', '2015-10-26');
insert into StudentCareer (careerId, studentId, graduationDate, signUpDate) values (74, 992, null, '2017-09-08');
insert into StudentCareer (careerId, studentId, graduationDate, signUpDate) values (93, 873, null, '2018-05-13');
insert into StudentCareer (careerId, studentId, graduationDate, signUpDate) values (81, 867, null, '2017-02-24');
insert into StudentCareer (careerId, studentId, graduationDate, signUpDate) values (60, 101, '2000-12-13', '1992-10-06');
insert into StudentCareer (careerId, studentId, graduationDate, signUpDate) values (62, 894, null, '1992-05-11');
insert into StudentCareer (careerId, studentId, graduationDate, signUpDate) values (88, 531, null, '2000-02-17');
insert into StudentCareer (careerId, studentId, graduationDate, signUpDate) values (57, 692, '2001-12-13', '2007-01-13');
insert into StudentCareer (careerId, studentId, graduationDate, signUpDate) values (93, 961, null, '2007-04-23');
insert into StudentCareer (careerId, studentId, graduationDate, signUpDate) values (83, 306, null, '1993-05-05');
insert into StudentCareer (careerId, studentId, graduationDate, signUpDate) values (87, 644, '2004-09-13', '1992-02-22');
insert into StudentCareer (careerId, studentId, graduationDate, signUpDate) values (88, 271, '2018-05-14', '2003-12-06');
insert into StudentCareer (careerId, studentId, graduationDate, signUpDate) values (69, 434, '2010-02-15', '2015-04-13');
insert into StudentCareer (careerId, studentId, graduationDate, signUpDate) values (77, 863, '2021-09-26', '1994-06-06');
insert into StudentCareer (careerId, studentId, graduationDate, signUpDate) values (72, 550, '2015-08-08', '2018-04-16');
insert into StudentCareer (careerId, studentId, graduationDate, signUpDate) values (72, 599, null, '2012-01-14');
insert into StudentCareer (careerId, studentId, graduationDate, signUpDate) values (58, 396, '2001-01-11', '2004-04-12');
insert into StudentCareer (careerId, studentId, graduationDate, signUpDate) values (63, 68, null, '1994-08-27');
insert into StudentCareer (careerId, studentId, graduationDate, signUpDate) values (80, 480, '1996-06-28', '1998-07-09');
insert into StudentCareer (careerId, studentId, graduationDate, signUpDate) values (99, 963, null, '2011-08-19');
insert into StudentCareer (careerId, studentId, graduationDate, signUpDate) values (52, 547, null, '2017-02-06');
insert into StudentCareer (careerId, studentId, graduationDate, signUpDate) values (93, 308, null, '2005-06-10');
insert into StudentCareer (careerId, studentId, graduationDate, signUpDate) values (91, 446, '2003-04-03', '2019-03-13');
insert into StudentCareer (careerId, studentId, graduationDate, signUpDate) values (67, 782, null, '1998-03-19');
insert into StudentCareer (careerId, studentId, graduationDate, signUpDate) values (64, 555, '2020-12-10', '2018-03-03');
insert into StudentCareer (careerId, studentId, graduationDate, signUpDate) values (69, 415, '1997-05-01', '1991-03-26');
insert into StudentCareer (careerId, studentId, graduationDate, signUpDate) values (75, 58, '2000-10-16', '2008-04-15');
insert into StudentCareer (careerId, studentId, graduationDate, signUpDate) values (83, 476, '1998-12-01', '2000-06-24');
insert into StudentCareer (careerId, studentId, graduationDate, signUpDate) values (61, 710, null, '2002-12-07');
insert into StudentCareer (careerId, studentId, graduationDate, signUpDate) values (89, 641, '2016-12-16', '1995-12-13');
insert into StudentCareer (careerId, studentId, graduationDate, signUpDate) values (83, 493, null, '1998-09-08');
insert into StudentCareer (careerId, studentId, graduationDate, signUpDate) values (74, 600, null, '2002-08-01');
insert into StudentCareer (careerId, studentId, graduationDate, signUpDate) values (66, 270, '1995-11-29', '2008-11-08');
insert into StudentCareer (careerId, studentId, graduationDate, signUpDate) values (82, 371, '2017-11-30', '2022-04-28');
insert into StudentCareer (careerId, studentId, graduationDate, signUpDate) values (70, 742, null, '2011-05-13');
insert into StudentCareer (careerId, studentId, graduationDate, signUpDate) values (56, 877, null, '2008-11-23');
insert into StudentCareer (careerId, studentId, graduationDate, signUpDate) values (99, 673, null, '2019-05-24');
insert into StudentCareer (careerId, studentId, graduationDate, signUpDate) values (60, 324, null, '1993-06-10');
insert into StudentCareer (careerId, studentId, graduationDate, signUpDate) values (51, 224, '2012-02-05', '2018-12-24');
insert into StudentCareer (careerId, studentId, graduationDate, signUpDate) values (100, 856, null, '2005-05-27');
insert into StudentCareer (careerId, studentId, graduationDate, signUpDate) values (77, 380, '2011-12-30', '2002-10-15');
insert into StudentCareer (careerId, studentId, graduationDate, signUpDate) values (65, 731, null, '2000-09-18');
insert into StudentCareer (careerId, studentId, graduationDate, signUpDate) values (83, 731, null, '1994-11-02');
insert into StudentCareer (careerId, studentId, graduationDate, signUpDate) values (85, 621, null, '2004-06-09');
insert into StudentCareer (careerId, studentId, graduationDate, signUpDate) values (80, 468, null, '2006-08-04');
insert into StudentCareer (careerId, studentId, graduationDate, signUpDate) values (81, 533, null, '1999-11-06');
insert into StudentCareer (careerId, studentId, graduationDate, signUpDate) values (87, 626, null, '2009-07-05');
insert into StudentCareer (careerId, studentId, graduationDate, signUpDate) values (51, 848, '2015-08-23', '2011-01-09');
insert into StudentCareer (careerId, studentId, graduationDate, signUpDate) values (63, 582, null, '2012-01-06');
insert into StudentCareer (careerId, studentId, graduationDate, signUpDate) values (83, 930, null, '2001-08-08');
insert into StudentCareer (careerId, studentId, graduationDate, signUpDate) values (66, 632, '2001-04-12', '2015-02-21');
insert into StudentCareer (careerId, studentId, graduationDate, signUpDate) values (60, 903, '2002-09-26', '2019-01-20');
insert into StudentCareer (careerId, studentId, graduationDate, signUpDate) values (76, 357, '2013-06-02', '2006-11-21');
insert into StudentCareer (careerId, studentId, graduationDate, signUpDate) values (92, 664, '2007-11-04', '2005-10-16');
insert into StudentCareer (careerId, studentId, graduationDate, signUpDate) values (88, 495, '2017-07-23', '2012-04-22');
insert into StudentCareer (careerId, studentId, graduationDate, signUpDate) values (86, 462, '2016-03-15', '1990-06-22');
insert into StudentCareer (careerId, studentId, graduationDate, signUpDate) values (74, 340, null, '2011-05-16');
insert into StudentCareer (careerId, studentId, graduationDate, signUpDate) values (98, 805, '2020-08-11', '2021-11-08');
insert into StudentCareer (careerId, studentId, graduationDate, signUpDate) values (68, 279, '2000-04-16', '2022-04-19');
insert into StudentCareer (careerId, studentId, graduationDate, signUpDate) values (87, 123, null, '2018-09-09');
insert into StudentCareer (careerId, studentId, graduationDate, signUpDate) values (57, 269, '2018-05-21', '2010-08-04');
insert into StudentCareer (careerId, studentId, graduationDate, signUpDate) values (60, 195, '2017-12-04', '2004-06-16');
insert into StudentCareer (careerId, studentId, graduationDate, signUpDate) values (86, 427, null, '1995-05-26');
insert into StudentCareer (careerId, studentId, graduationDate, signUpDate) values (94, 48, null, '2005-11-03');
insert into StudentCareer (careerId, studentId, graduationDate, signUpDate) values (72, 152, '2014-10-24', '2018-07-29');
insert into StudentCareer (careerId, studentId, graduationDate, signUpDate) values (75, 453, null, '2013-03-24');
insert into StudentCareer (careerId, studentId, graduationDate, signUpDate) values (57, 96, '2009-05-20', '1994-01-30');
insert into StudentCareer (careerId, studentId, graduationDate, signUpDate) values (69, 92, null, '2006-04-19');
insert into StudentCareer (careerId, studentId, graduationDate, signUpDate) values (60, 896, null, '2002-10-08');
insert into StudentCareer (careerId, studentId, graduationDate, signUpDate) values (93, 621, '2006-09-25', '1993-07-20');
insert into StudentCareer (careerId, studentId, graduationDate, signUpDate) values (81, 605, '2010-09-27', '2006-02-25');
insert into StudentCareer (careerId, studentId, graduationDate, signUpDate) values (78, 891, null, '2003-04-23');
insert into StudentCareer (careerId, studentId, graduationDate, signUpDate) values (83, 340, '2013-01-29', '2016-09-24');
insert into StudentCareer (careerId, studentId, graduationDate, signUpDate) values (99, 927, null, '2015-08-05');
insert into StudentCareer (careerId, studentId, graduationDate, signUpDate) values (94, 716, '2008-05-07', '2018-08-29');
insert into StudentCareer (careerId, studentId, graduationDate, signUpDate) values (65, 59, '2012-01-10', '2005-03-14');
insert into StudentCareer (careerId, studentId, graduationDate, signUpDate) values (78, 793, null, '1993-06-21');
insert into StudentCareer (careerId, studentId, graduationDate, signUpDate) values (81, 136, null, '2015-08-27');
insert into StudentCareer (careerId, studentId, graduationDate, signUpDate) values (56, 761, '2012-09-26', '2005-07-11');
insert into StudentCareer (careerId, studentId, graduationDate, signUpDate) values (56, 254, null, '2009-08-09');
insert into StudentCareer (careerId, studentId, graduationDate, signUpDate) values (74, 388, '2018-05-31', '2016-08-25');
insert into StudentCareer (careerId, studentId, graduationDate, signUpDate) values (58, 287, '2005-01-21', '2007-04-02');
insert into StudentCareer (careerId, studentId, graduationDate, signUpDate) values (56, 68, null, '1999-11-10');
insert into StudentCareer (careerId, studentId, graduationDate, signUpDate) values (91, 605, '2010-01-09', '2004-06-02');
insert into StudentCareer (careerId, studentId, graduationDate, signUpDate) values (68, 251, '1996-03-01', '2012-11-21');
insert into StudentCareer (careerId, studentId, graduationDate, signUpDate) values (97, 78, '1995-12-01', '2008-10-08');
insert into StudentCareer (careerId, studentId, graduationDate, signUpDate) values (83, 499, null, '2013-09-08');
insert into StudentCareer (careerId, studentId, graduationDate, signUpDate) values (85, 802, '1995-04-03', '2022-01-27');
insert into StudentCareer (careerId, studentId, graduationDate, signUpDate) values (89, 946, '2006-09-09', '2002-02-14');
insert into StudentCareer (careerId, studentId, graduationDate, signUpDate) values (95, 896, '2014-06-18', '2006-05-08');
insert into StudentCareer (careerId, studentId, graduationDate, signUpDate) values (65, 237, null, '2007-10-17');
insert into StudentCareer (careerId, studentId, graduationDate, signUpDate) values (97, 288, null, '2012-07-11');
insert into StudentCareer (careerId, studentId, graduationDate, signUpDate) values (92, 176, '2017-03-25', '2014-08-10');
insert into StudentCareer (careerId, studentId, graduationDate, signUpDate) values (78, 177, null, '2008-05-12');
insert into StudentCareer (careerId, studentId, graduationDate, signUpDate) values (74, 705, null, '1998-02-28');
insert into StudentCareer (careerId, studentId, graduationDate, signUpDate) values (69, 397, null, '1990-04-09');
insert into StudentCareer (careerId, studentId, graduationDate, signUpDate) values (68, 231, null, '2021-11-09');
insert into StudentCareer (careerId, studentId, graduationDate, signUpDate) values (95, 798, null, '1997-06-28');
insert into StudentCareer (careerId, studentId, graduationDate, signUpDate) values (88, 493, null, '1993-09-09');
insert into StudentCareer (careerId, studentId, graduationDate, signUpDate) values (61, 784, null, '2010-12-25');
insert into StudentCareer (careerId, studentId, graduationDate, signUpDate) values (91, 618, null, '1992-04-24');
insert into StudentCareer (careerId, studentId, graduationDate, signUpDate) values (94, 861, null, '2021-06-06');
insert into StudentCareer (careerId, studentId, graduationDate, signUpDate) values (87, 111, null, '2002-09-19');
insert into StudentCareer (careerId, studentId, graduationDate, signUpDate) values (78, 862, '2004-02-10', '2017-10-06');
insert into StudentCareer (careerId, studentId, graduationDate, signUpDate) values (80, 57, '2001-05-19', '2019-05-12');
insert into StudentCareer (careerId, studentId, graduationDate, signUpDate) values (67, 899, '2011-09-29', '2006-06-25');
insert into StudentCareer (careerId, studentId, graduationDate, signUpDate) values (56, 308, null, '1990-06-21');
insert into StudentCareer (careerId, studentId, graduationDate, signUpDate) values (63, 933, '2005-06-23', '2013-03-07');
insert into StudentCareer (careerId, studentId, graduationDate, signUpDate) values (79, 359, '2004-12-03', '2017-09-01');
insert into StudentCareer (careerId, studentId, graduationDate, signUpDate) values (82, 285, null, '2014-08-28');
insert into StudentCareer (careerId, studentId, graduationDate, signUpDate) values (63, 927, null, '2009-01-01');
insert into StudentCareer (careerId, studentId, graduationDate, signUpDate) values (87, 459, '2003-07-16', '2004-10-19');
insert into StudentCareer (careerId, studentId, graduationDate, signUpDate) values (95, 209, null, '2015-01-03');
insert into StudentCareer (careerId, studentId, graduationDate, signUpDate) values (98, 953, null, '1990-01-01');
insert into StudentCareer (careerId, studentId, graduationDate, signUpDate) values (51, 45, '2001-10-16', '1996-07-28');
insert into StudentCareer (careerId, studentId, graduationDate, signUpDate) values (57, 832, '2019-03-22', '1993-12-13');
insert into StudentCareer (careerId, studentId, graduationDate, signUpDate) values (79, 60, null, '1998-02-15');
insert into StudentCareer (careerId, studentId, graduationDate, signUpDate) values (83, 362, '2016-11-14', '2022-05-20');
insert into StudentCareer (careerId, studentId, graduationDate, signUpDate) values (92, 366, null, '2018-01-11');
insert into StudentCareer (careerId, studentId, graduationDate, signUpDate) values (63, 340, null, '2015-06-20');
insert into StudentCareer (careerId, studentId, graduationDate, signUpDate) values (86, 589, '2007-04-30', '2007-11-24');
insert into StudentCareer (careerId, studentId, graduationDate, signUpDate) values (78, 679, '2004-12-18', '2013-10-10');
insert into StudentCareer (careerId, studentId, graduationDate, signUpDate) values (58, 282, '2017-03-27', '2008-06-18');
insert into StudentCareer (careerId, studentId, graduationDate, signUpDate) values (72, 740, null, '2005-03-29');
insert into StudentCareer (careerId, studentId, graduationDate, signUpDate) values (92, 143, null, '1998-07-22');
insert into StudentCareer (careerId, studentId, graduationDate, signUpDate) values (82, 594, '2003-05-22', '2017-11-14');
insert into StudentCareer (careerId, studentId, graduationDate, signUpDate) values (56, 39, null, '2018-01-19');
insert into StudentCareer (careerId, studentId, graduationDate, signUpDate) values (58, 622, null, '2008-03-26');
insert into StudentCareer (careerId, studentId, graduationDate, signUpDate) values (56, 726, null, '2004-05-27');
insert into StudentCareer (careerId, studentId, graduationDate, signUpDate) values (76, 564, '1999-11-27', '2015-12-11');
insert into StudentCareer (careerId, studentId, graduationDate, signUpDate) values (86, 555, '2018-04-28', '2016-04-18');
insert into StudentCareer (careerId, studentId, graduationDate, signUpDate) values (76, 910, null, '2017-01-06');
insert into StudentCareer (careerId, studentId, graduationDate, signUpDate) values (52, 569, null, '2004-07-21');
insert into StudentCareer (careerId, studentId, graduationDate, signUpDate) values (92, 637, null, '1999-09-15');
insert into StudentCareer (careerId, studentId, graduationDate, signUpDate) values (93, 402, '2009-03-04', '1990-05-30');
insert into StudentCareer (careerId, studentId, graduationDate, signUpDate) values (68, 595, '2011-11-30', '1991-07-14');
insert into StudentCareer (careerId, studentId, graduationDate, signUpDate) values (89, 852, null, '2019-07-13');
insert into StudentCareer (careerId, studentId, graduationDate, signUpDate) values (71, 917, null, '2004-03-09');
insert into StudentCareer (careerId, studentId, graduationDate, signUpDate) values (75, 216, '1999-07-08', '2010-06-12');
insert into StudentCareer (careerId, studentId, graduationDate, signUpDate) values (92, 253, null, '2011-02-04');
insert into StudentCareer (careerId, studentId, graduationDate, signUpDate) values (51, 872, null, '2000-02-16');
insert into StudentCareer (careerId, studentId, graduationDate, signUpDate) values (93, 706, '2009-08-11', '2001-02-16');
insert into StudentCareer (careerId, studentId, graduationDate, signUpDate) values (98, 565, null, '2007-05-05');
insert into StudentCareer (careerId, studentId, graduationDate, signUpDate) values (66, 652, '2000-01-09', '2014-03-20');
insert into StudentCareer (careerId, studentId, graduationDate, signUpDate) values (70, 757, '2002-09-11', '2007-02-10');
insert into StudentCareer (careerId, studentId, graduationDate, signUpDate) values (73, 382, null, '2019-08-14');
insert into StudentCareer (careerId, studentId, graduationDate, signUpDate) values (68, 724, null, '2017-05-04');
insert into StudentCareer (careerId, studentId, graduationDate, signUpDate) values (61, 363, null, '1996-10-25');
insert into StudentCareer (careerId, studentId, graduationDate, signUpDate) values (90, 240, '2016-02-29', '2008-05-27');
insert into StudentCareer (careerId, studentId, graduationDate, signUpDate) values (84, 660, '2006-06-10', '1990-05-23');
insert into StudentCareer (careerId, studentId, graduationDate, signUpDate) values (79, 909, '2020-06-01', '1995-02-12');
insert into StudentCareer (careerId, studentId, graduationDate, signUpDate) values (61, 420, '2014-11-14', '1994-05-11');
insert into StudentCareer (careerId, studentId, graduationDate, signUpDate) values (84, 725, null, '2011-04-23');
insert into StudentCareer (careerId, studentId, graduationDate, signUpDate) values (99, 259, '2007-02-18', '2017-02-13');
insert into StudentCareer (careerId, studentId, graduationDate, signUpDate) values (80, 225, null, '1993-02-13');
insert into StudentCareer (careerId, studentId, graduationDate, signUpDate) values (78, 716, '2012-12-10', '1998-05-04');
insert into StudentCareer (careerId, studentId, graduationDate, signUpDate) values (75, 466, null, '1997-09-15');
insert into StudentCareer (careerId, studentId, graduationDate, signUpDate) values (61, 991, null, '2001-08-31');
insert into StudentCareer (careerId, studentId, graduationDate, signUpDate) values (97, 81, '2016-09-11', '2016-10-09');
insert into StudentCareer (careerId, studentId, graduationDate, signUpDate) values (77, 692, '2000-09-24', '1999-02-17');
insert into StudentCareer (careerId, studentId, graduationDate, signUpDate) values (99, 658, null, '1991-05-07');
insert into StudentCareer (careerId, studentId, graduationDate, signUpDate) values (83, 92, '2019-02-04', '2013-10-07');
insert into StudentCareer (careerId, studentId, graduationDate, signUpDate) values (89, 947, '2004-08-03', '2006-01-09');
insert into StudentCareer (careerId, studentId, graduationDate, signUpDate) values (56, 851, '1996-11-29', '1997-04-26');
insert into StudentCareer (careerId, studentId, graduationDate, signUpDate) values (91, 448, '2008-02-15', '2017-11-01');
insert into StudentCareer (careerId, studentId, graduationDate, signUpDate) values (74, 230, '2000-06-19', '2018-06-11');
insert into StudentCareer (careerId, studentId, graduationDate, signUpDate) values (90, 182, '2019-11-03', '2011-06-08');
insert into StudentCareer (careerId, studentId, graduationDate, signUpDate) values (52, 809, null, '2022-06-01');
insert into StudentCareer (careerId, studentId, graduationDate, signUpDate) values (100, 411, null, '1990-03-08');
insert into StudentCareer (careerId, studentId, graduationDate, signUpDate) values (97, 862, '2013-09-11', '2022-08-11');
insert into StudentCareer (careerId, studentId, graduationDate, signUpDate) values (51, 91, null, '2013-05-31');
insert into StudentCareer (careerId, studentId, graduationDate, signUpDate) values (91, 247, null, '2004-03-10');
insert into StudentCareer (careerId, studentId, graduationDate, signUpDate) values (76, 673, null, '2009-07-01');
insert into StudentCareer (careerId, studentId, graduationDate, signUpDate) values (71, 879, '2018-02-28', '2015-09-01');
insert into StudentCareer (careerId, studentId, graduationDate, signUpDate) values (79, 959, '2005-08-13', '2001-11-12');
insert into StudentCareer (careerId, studentId, graduationDate, signUpDate) values (60, 541, null, '2010-10-18');
insert into StudentCareer (careerId, studentId, graduationDate, signUpDate) values (59, 82, '2013-05-12', '1997-12-28');
insert into StudentCareer (careerId, studentId, graduationDate, signUpDate) values (63, 617, '2016-09-07', '1992-07-24');
insert into StudentCareer (careerId, studentId, graduationDate, signUpDate) values (98, 793, '2012-03-09', '2020-01-13');
insert into StudentCareer (careerId, studentId, graduationDate, signUpDate) values (81, 786, '2005-03-06', '2015-02-02');
