use integrator2DB;

insert into City (id, name) values (1, 'Lazaro Cardenas');
insert into City (id, name) values (2, 'Rimba Sekampung');
insert into City (id, name) values (3, 'Chunjiang');
insert into City (id, name) values (4, 'Dalu');
insert into City (id, name) values (5, 'Menara');
insert into City (id, name) values (6, 'Santa Cecília');
insert into City (id, name) values (7, 'Asan Kumbang');
insert into City (id, name) values (8, 'Kista');
insert into City (id, name) values (9, 'Dawa-Dawa');
insert into City (id, name) values (10, 'Pag-asa');
insert into City (id, name) values (11, 'Biyan');
insert into City (id, name) values (12, 'Upton');
insert into City (id, name) values (13, 'Banjar Wates Tengah');
insert into City (id, name) values (14, 'Santa Clara');
insert into City (id, name) values (15, 'Kadaka');
insert into City (id, name) values (16, 'Konstantynów');
insert into City (id, name) values (17, 'Uruçuca');
insert into City (id, name) values (18, 'Vangaži');
insert into City (id, name) values (19, 'Il’ichëvo');
insert into City (id, name) values (20, 'Shiraoi');
insert into City (id, name) values (21, 'Béthune');
insert into City (id, name) values (22, 'Otun');
insert into City (id, name) values (23, 'Tangguhang');
insert into City (id, name) values (24, 'Tualangcut');
insert into City (id, name) values (25, 'Sibulan');
insert into City (id, name) values (26, 'Batouri');
insert into City (id, name) values (27, 'Kaya');
insert into City (id, name) values (28, 'Staryy Togul');
insert into City (id, name) values (29, 'Changyŏn');
insert into City (id, name) values (30, 'Чучер - Сандево');
insert into City (id, name) values (31, 'Haparanda');
insert into City (id, name) values (32, 'Beishan');
insert into City (id, name) values (33, 'Lunik');
insert into City (id, name) values (34, 'Crossmolina');
insert into City (id, name) values (35, 'Lemland');
insert into City (id, name) values (36, 'Biggar');
insert into City (id, name) values (37, 'Ōgaki');
insert into City (id, name) values (38, 'Suzaka');
insert into City (id, name) values (39, 'Parakou');
insert into City (id, name) values (40, 'Haikou');
insert into City (id, name) values (41, 'Xiaojian');
insert into City (id, name) values (42, 'Det Udom');
insert into City (id, name) values (43, 'Leidschendam');
insert into City (id, name) values (44, 'Pasian');
insert into City (id, name) values (45, 'Thị Trấn Yên Châu');
insert into City (id, name) values (46, 'Satis');
insert into City (id, name) values (47, 'Cadagmayan Norte');
insert into City (id, name) values (48, 'Vishow');
insert into City (id, name) values (49, 'Pandean');
insert into City (id, name) values (50, 'Zambujeira');
insert into City (id, name) values (51, 'Gaogongdao');
insert into City (id, name) values (52, 'Masantol');
insert into City (id, name) values (53, 'Mników');
insert into City (id, name) values (54, 'Santa Marta');
insert into City (id, name) values (55, 'Ichinohe');
insert into City (id, name) values (56, 'Limboto');
insert into City (id, name) values (57, 'Bayan Tuohai');
insert into City (id, name) values (58, 'Delok');
insert into City (id, name) values (59, 'Lurut');
insert into City (id, name) values (60, 'Qingyang');
insert into City (id, name) values (61, 'Bangolo');
insert into City (id, name) values (62, 'Dongshan');
insert into City (id, name) values (63, 'Dong Charoen');
insert into City (id, name) values (64, 'Morioka-shi');
insert into City (id, name) values (65, 'Paris 15');
insert into City (id, name) values (66, 'Elena');
insert into City (id, name) values (67, 'Fukuchiyama');
insert into City (id, name) values (68, 'Šardice');
insert into City (id, name) values (69, 'Cruz del Eje');
insert into City (id, name) values (70, 'Tanay');
insert into City (id, name) values (71, 'Erfurt');
insert into City (id, name) values (72, 'Gayabaru');
insert into City (id, name) values (73, 'Ngilengan');
insert into City (id, name) values (74, 'Xiangshun');
insert into City (id, name) values (75, 'Zaklików');
insert into City (id, name) values (76, 'Šmartno pri Litiji');
insert into City (id, name) values (77, 'Andahuaylillas');
insert into City (id, name) values (78, 'Sauce');
insert into City (id, name) values (79, 'Tân Kỳ');
insert into City (id, name) values (80, 'Wongsorejo');
insert into City (id, name) values (81, 'Sargodha');
insert into City (id, name) values (82, 'Longar');
insert into City (id, name) values (83, 'Xixia');
insert into City (id, name) values (84, 'Cibetung Dua');
insert into City (id, name) values (85, 'Pidhaytsi');
insert into City (id, name) values (86, 'Delod Pangkung');
insert into City (id, name) values (87, 'Pāshmūl');
insert into City (id, name) values (88, 'Tsil’na');
insert into City (id, name) values (89, 'Novalja');
insert into City (id, name) values (90, 'Lunenburg');
insert into City (id, name) values (91, 'Youxikou');
insert into City (id, name) values (92, 'Ozerki');
insert into City (id, name) values (93, 'Quimper');
insert into City (id, name) values (94, 'Göteborg');
insert into City (id, name) values (95, 'Urengoy');
insert into City (id, name) values (96, 'Concord');
insert into City (id, name) values (97, 'La Libertad');
insert into City (id, name) values (98, 'Lungaog');
insert into City (id, name) values (99, 'Loma');
insert into City (id, name) values (100, 'Cisadap');
insert into City (id, name) values (101, 'Bierawa');
insert into City (id, name) values (102, 'Józefów');
insert into City (id, name) values (103, 'Casigua El Cubo');
insert into City (id, name) values (104, 'Temirgoyevskaya');
insert into City (id, name) values (105, 'Mibu');
insert into City (id, name) values (106, 'Novobeysugskaya');
insert into City (id, name) values (107, 'Ganting');
insert into City (id, name) values (108, 'Changwon');
insert into City (id, name) values (109, 'Brumado');
insert into City (id, name) values (110, 'Bungu');
insert into City (id, name) values (111, 'Lastoursville');
insert into City (id, name) values (112, 'Minneapolis');
insert into City (id, name) values (113, 'Kousséri');
insert into City (id, name) values (114, 'Antiguo Cuscatlán');
insert into City (id, name) values (115, 'Ropice');
insert into City (id, name) values (116, 'Growong Lor');
insert into City (id, name) values (117, 'Diriomo');
insert into City (id, name) values (118, 'Shuren');
insert into City (id, name) values (119, 'Jindřichov');
insert into City (id, name) values (120, 'Itu');
insert into City (id, name) values (121, 'Cañazas');
insert into City (id, name) values (122, 'Buenos Aires');
insert into City (id, name) values (123, 'Bergen');
insert into City (id, name) values (124, 'Tamandaré');
insert into City (id, name) values (125, 'Sonlit');
insert into City (id, name) values (126, 'Moramanga');
insert into City (id, name) values (127, 'Breia');
insert into City (id, name) values (128, 'Na Di');
insert into City (id, name) values (129, 'Wangwu');
insert into City (id, name) values (130, 'Bytkiv');
insert into City (id, name) values (131, 'Amsterdam-Oost');
insert into City (id, name) values (132, 'Arys');
insert into City (id, name) values (133, 'Denyshi');
insert into City (id, name) values (134, 'Zhenping Chengguanzhen');
insert into City (id, name) values (135, 'Kwolla');
insert into City (id, name) values (136, 'Bratislava');
insert into City (id, name) values (137, 'Nizhniye Achaluki');
insert into City (id, name) values (138, 'Cristóbal');
insert into City (id, name) values (139, 'Västerås');
insert into City (id, name) values (140, 'Lewopao');
insert into City (id, name) values (141, 'Bacag');
insert into City (id, name) values (142, 'Acarigua');
insert into City (id, name) values (143, 'Nāṟay');
insert into City (id, name) values (144, 'Aguiar da Beira');
insert into City (id, name) values (145, 'Feira de Santana');
insert into City (id, name) values (146, 'Baoxing');
insert into City (id, name) values (147, 'Trhové Sviny');
insert into City (id, name) values (148, 'Penalva de Alva');
insert into City (id, name) values (149, 'Zdounky');
insert into City (id, name) values (150, 'Huoshaoping');
insert into City (id, name) values (151, 'Gweru');
insert into City (id, name) values (152, 'Cikaras');
insert into City (id, name) values (153, 'Bystryanka');
insert into City (id, name) values (154, 'Itaperuna');
insert into City (id, name) values (155, 'Paokmotong Utara');
insert into City (id, name) values (156, 'Pyay');
insert into City (id, name) values (157, 'Vishow');
insert into City (id, name) values (158, 'Sukhinichi');
insert into City (id, name) values (159, 'Takahata');
insert into City (id, name) values (160, 'Manzanillo');
insert into City (id, name) values (161, 'Přibyslav');
insert into City (id, name) values (162, 'Johanneshov');
insert into City (id, name) values (163, 'Labo');
insert into City (id, name) values (164, 'Cisownica');
insert into City (id, name) values (165, 'Guri-si');
insert into City (id, name) values (166, 'Bonthe');
insert into City (id, name) values (167, 'Novi Bečej');
insert into City (id, name) values (168, 'Wuma');
insert into City (id, name) values (169, 'Pechersk');
insert into City (id, name) values (170, 'Dongli');
insert into City (id, name) values (171, 'Fulin');
insert into City (id, name) values (172, 'Tuba');
insert into City (id, name) values (173, 'Tallahassee');
insert into City (id, name) values (174, 'Chongwen');
insert into City (id, name) values (175, 'Shalkar');
insert into City (id, name) values (176, 'Gjegjan');
insert into City (id, name) values (177, 'Kabale');
insert into City (id, name) values (178, 'Cacocum');
insert into City (id, name) values (179, 'Douarnenez');
insert into City (id, name) values (180, 'Vuzenica');
insert into City (id, name) values (181, 'Karangnunggal');
insert into City (id, name) values (182, 'Tazemmourt');
insert into City (id, name) values (183, 'Karlovo');
insert into City (id, name) values (184, 'Smederevska Palanka');
insert into City (id, name) values (185, 'Independence');
insert into City (id, name) values (186, 'Presidencia Roque Sáenz Peña');
insert into City (id, name) values (187, 'Cherbourg-Octeville');
insert into City (id, name) values (188, 'Huangtu');
insert into City (id, name) values (189, 'Marne-la-Vallée');
insert into City (id, name) values (190, 'Várzea de Sintra');
insert into City (id, name) values (191, 'Toliara');
insert into City (id, name) values (192, 'Mundolsheim');
insert into City (id, name) values (193, 'Askiz');
insert into City (id, name) values (194, 'Banho e Carvalhosa');
insert into City (id, name) values (195, 'Lārkāna');
insert into City (id, name) values (196, 'Yonghe');
insert into City (id, name) values (197, 'Buy');
insert into City (id, name) values (198, 'Duwayr Raslān');
insert into City (id, name) values (199, 'Pohbango');
insert into City (id, name) values (200, 'Semey');
insert into City (id, name) values (201, 'Zhongying');
insert into City (id, name) values (202, 'Xicheng');
insert into City (id, name) values (203, 'Pursat');
insert into City (id, name) values (204, 'Batasan Bata');
insert into City (id, name) values (205, 'Qalqīlyah');
insert into City (id, name) values (206, 'Yunxiang');
insert into City (id, name) values (207, 'Stari Bohorodchany');
insert into City (id, name) values (208, 'Kasreman Wetan');
insert into City (id, name) values (209, 'Licheng');
insert into City (id, name) values (210, 'Qijiazuo');
insert into City (id, name) values (211, 'Baiyun');
insert into City (id, name) values (212, 'Majiadu');
insert into City (id, name) values (213, 'Czerniewice');
insert into City (id, name) values (214, 'Zherdevka');
insert into City (id, name) values (215, 'Wangcheng');
insert into City (id, name) values (216, 'Polkowice');
insert into City (id, name) values (217, 'Vygonichi');
insert into City (id, name) values (218, 'Gemuruh');
insert into City (id, name) values (219, 'Tyler');
insert into City (id, name) values (220, 'Västerås');
insert into City (id, name) values (221, 'Zuocun');
insert into City (id, name) values (222, 'Caracol');
insert into City (id, name) values (223, 'Qiqing');
insert into City (id, name) values (224, 'Balrothery');
insert into City (id, name) values (225, 'Magway');
insert into City (id, name) values (226, 'Maco');
insert into City (id, name) values (227, 'Bologna');
insert into City (id, name) values (228, 'Stockholm');
insert into City (id, name) values (229, 'Jinhai');
insert into City (id, name) values (230, 'Ostrov');
insert into City (id, name) values (231, 'Boston');
insert into City (id, name) values (232, 'Arcos');
insert into City (id, name) values (233, 'Aleksinac');
insert into City (id, name) values (234, 'Jambuwerkrajan');
insert into City (id, name) values (235, 'Wugong');
insert into City (id, name) values (236, 'Novosineglazovskiy');
insert into City (id, name) values (237, 'Encantado');
insert into City (id, name) values (238, 'Nianyushan');
insert into City (id, name) values (239, 'Jimaguayú');
insert into City (id, name) values (240, 'Watuka');
insert into City (id, name) values (241, 'Prado Siongco');
insert into City (id, name) values (242, 'Mancilang');
insert into City (id, name) values (243, 'Allentown');
insert into City (id, name) values (244, 'Angers');
insert into City (id, name) values (245, 'Sasnovy Bor');
insert into City (id, name) values (246, 'Batang');
insert into City (id, name) values (247, 'Shangqing');
insert into City (id, name) values (248, 'Caherconlish');
insert into City (id, name) values (249, 'Paracatu');
insert into City (id, name) values (250, 'Zhutang');
insert into City (id, name) values (251, 'Laval');
insert into City (id, name) values (252, 'Quebrada Larga');
insert into City (id, name) values (253, 'Sanzao');
insert into City (id, name) values (254, 'Kouvola');
insert into City (id, name) values (255, 'Amio');
insert into City (id, name) values (256, 'Psygansu');
insert into City (id, name) values (257, 'Genova');
insert into City (id, name) values (258, 'Fier-Çifçi');
insert into City (id, name) values (259, 'Goiana');
insert into City (id, name) values (260, 'Ngulakan');
insert into City (id, name) values (261, 'Shanhou');
insert into City (id, name) values (262, 'Carbajales');
insert into City (id, name) values (263, 'Zhongshan');
insert into City (id, name) values (264, 'Grand-Bassam');
insert into City (id, name) values (265, 'Spas-Zaulok');
insert into City (id, name) values (266, 'Tsaghkadzor');
insert into City (id, name) values (267, 'Guanban');
insert into City (id, name) values (268, 'Melenki');
insert into City (id, name) values (269, 'Kolondiéba');
insert into City (id, name) values (270, 'Dzerzhinsk');
insert into City (id, name) values (271, 'Triánta');
insert into City (id, name) values (272, 'Thaton');
insert into City (id, name) values (273, 'Si Thep');
insert into City (id, name) values (274, 'Tiandeng');
insert into City (id, name) values (275, 'De la Paz');
insert into City (id, name) values (276, 'San Julian');
insert into City (id, name) values (277, 'Kedrovoye');
insert into City (id, name) values (278, 'Shangcai Zhongxing');
insert into City (id, name) values (279, 'Hoktember');
insert into City (id, name) values (280, 'Biały Bór');
insert into City (id, name) values (281, 'Varėna');
insert into City (id, name) values (282, 'Gaowu');
insert into City (id, name) values (283, 'Norrtälje');
insert into City (id, name) values (284, 'Tabatinga');
insert into City (id, name) values (285, 'Lujing Zhen');
insert into City (id, name) values (286, 'Sremska Mitrovica');
insert into City (id, name) values (287, 'Jiagao');
insert into City (id, name) values (288, 'Staromyshastovskaya');
insert into City (id, name) values (289, 'Benisheikh');
insert into City (id, name) values (290, 'Dayuanhuizu');
insert into City (id, name) values (291, 'Hengtanggang');
insert into City (id, name) values (292, 'Jiulong');
insert into City (id, name) values (293, 'Al Mawşil al Jadīdah');
insert into City (id, name) values (294, 'Emiliano Zapata');
insert into City (id, name) values (295, 'Famaillá');
insert into City (id, name) values (296, 'Lokolande');
insert into City (id, name) values (297, 'El Retorno');
insert into City (id, name) values (298, 'Ma’ao');
insert into City (id, name) values (299, 'Beitou');
insert into City (id, name) values (300, 'Luisiana');

--career
insert into Career (id, name) values (1, 'Director of Sales');
insert into Career (id, name) values (2, 'Information Systems Manager');
insert into Career (id, name) values (3, 'Structural Analysis Engineer');
insert into Career (id, name) values (4, 'Physical Therapy Assistant');
insert into Career (id, name) values (5, 'Marketing Assistant');
insert into Career (id, name) values (6, 'Community Outreach Specialist');
insert into Career (id, name) values (7, 'Analyst Programmer');
insert into Career (id, name) values (8, 'Marketing Assistant');
insert into Career (id, name) values (9, 'Nurse');
insert into Career (id, name) values (10, 'Environmental Tech');
insert into Career (id, name) values (11, 'Nurse');
insert into Career (id, name) values (12, 'Electrical Engineer');
insert into Career (id, name) values (13, 'Senior Cost Accountant');
insert into Career (id, name) values (14, 'Structural Analysis Engineer');
insert into Career (id, name) values (15, 'Media Manager I');
insert into Career (id, name) values (16, 'Internal Auditor');
insert into Career (id, name) values (17, 'Civil Engineer');
insert into Career (id, name) values (18, 'Quality Control Specialist');
insert into Career (id, name) values (19, 'Web Designer III');
insert into Career (id, name) values (20, 'Actuary');
insert into Career (id, name) values (21, 'Associate Professor');
insert into Career (id, name) values (22, 'Geological Engineer');
insert into Career (id, name) values (23, 'Design Engineer');
insert into Career (id, name) values (24, 'Help Desk Operator');
insert into Career (id, name) values (25, 'Sales Representative');
insert into Career (id, name) values (26, 'Nurse Practicioner');
insert into Career (id, name) values (27, 'Nuclear Power Engineer');
insert into Career (id, name) values (28, 'Environmental Specialist');
insert into Career (id, name) values (29, 'Biostatistician IV');
insert into Career (id, name) values (30, 'Editor');
insert into Career (id, name) values (31, 'Engineer II');
insert into Career (id, name) values (32, 'Geological Engineer');
insert into Career (id, name) values (33, 'Librarian');
insert into Career (id, name) values (34, 'Marketing Manager');
insert into Career (id, name) values (35, 'Information Systems Manager');
insert into Career (id, name) values (36, 'Analyst Programmer');
insert into Career (id, name) values (37, 'Junior Executive');
insert into Career (id, name) values (38, 'Account Representative IV');
insert into Career (id, name) values (39, 'Electrical Engineer');
insert into Career (id, name) values (40, 'Assistant Media Planner');
insert into Career (id, name) values (41, 'Chemical Engineer');
insert into Career (id, name) values (42, 'Engineer III');
insert into Career (id, name) values (43, 'Financial Advisor');
insert into Career (id, name) values (44, 'Senior Editor');
insert into Career (id, name) values (45, 'Cost Accountant');
insert into Career (id, name) values (46, 'Automation Specialist IV');
insert into Career (id, name) values (47, 'Dental Hygienist');
insert into Career (id, name) values (48, 'Computer Systems Analyst I');
insert into Career (id, name) values (49, 'Assistant Professor');
insert into Career (id, name) values (50, 'Engineer IV');
insert into Career (id, name) values (51, 'Accountant II');
insert into Career (id, name) values (52, 'Librarian');
insert into Career (id, name) values (53, 'Geological Engineer');
insert into Career (id, name) values (54, 'Junior Executive');
insert into Career (id, name) values (55, 'Executive Secretary');
insert into Career (id, name) values (56, 'Executive Secretary');
insert into Career (id, name) values (57, 'VP Marketing');
insert into Career (id, name) values (58, 'Systems Administrator II');
insert into Career (id, name) values (59, 'Research Associate');
insert into Career (id, name) values (60, 'Physical Therapy Assistant');
insert into Career (id, name) values (61, 'Assistant Manager');
insert into Career (id, name) values (62, 'Account Coordinator');
insert into Career (id, name) values (63, 'Structural Engineer');
insert into Career (id, name) values (64, 'Developer II');
insert into Career (id, name) values (65, 'Help Desk Operator');
insert into Career (id, name) values (66, 'Automation Specialist II');
insert into Career (id, name) values (67, 'Media Manager III');
insert into Career (id, name) values (68, 'Speech Pathologist');
insert into Career (id, name) values (69, 'Health Coach I');
insert into Career (id, name) values (70, 'Nurse');
insert into Career (id, name) values (71, 'Research Nurse');
insert into Career (id, name) values (72, 'Food Chemist');
insert into Career (id, name) values (73, 'Accounting Assistant IV');
insert into Career (id, name) values (74, 'Analog Circuit Design manager');
insert into Career (id, name) values (75, 'VP Quality Control');
insert into Career (id, name) values (76, 'Actuary');
insert into Career (id, name) values (77, 'Help Desk Technician');
insert into Career (id, name) values (78, 'Research Associate');
insert into Career (id, name) values (79, 'Senior Cost Accountant');
insert into Career (id, name) values (80, 'Teacher');
insert into Career (id, name) values (81, 'Budget/Accounting Analyst II');
insert into Career (id, name) values (82, 'Editor');
insert into Career (id, name) values (83, 'Teacher');
insert into Career (id, name) values (84, 'Paralegal');
insert into Career (id, name) values (85, 'Paralegal');
insert into Career (id, name) values (86, 'Help Desk Operator');
insert into Career (id, name) values (87, 'Teacher');
insert into Career (id, name) values (88, 'Recruiter');
insert into Career (id, name) values (89, 'VP Marketing');
insert into Career (id, name) values (90, 'Account Representative IV');
insert into Career (id, name) values (91, 'Physical Therapy Assistant');
insert into Career (id, name) values (92, 'Editor');
insert into Career (id, name) values (93, 'Speech Pathologist');
insert into Career (id, name) values (94, 'Environmental Specialist');
insert into Career (id, name) values (95, 'Senior Quality Engineer');
insert into Career (id, name) values (96, 'GIS Technical Architect');
insert into Career (id, name) values (97, 'Data Coordiator');
insert into Career (id, name) values (98, 'Research Associate');
insert into Career (id, name) values (99, 'Associate Professor');
insert into Career (id, name) values (100, 'Research Assistant I');
--Student 
insert into Student (id, birthdate, dni, genre, name, surname, cityId) values (1, '1961-11-25', '3767139170', 0, 'Marjie', 'Breckon', 160);
insert into Student (id, birthdate, dni, genre, name, surname, cityId) values (2, '2010-02-07', '9550312631', 0, 'Estevan', 'Staddom', 246);
insert into Student (id, birthdate, dni, genre, name, surname, cityId) values (3, '1941-10-02', '4248342715', 2, 'Nickolai', 'Jeacop', 277);
insert into Student (id, birthdate, dni, genre, name, surname, cityId) values (4, '2018-06-17', '7201724096', 2, 'Arabel', 'Lote', 284);
insert into Student (id, birthdate, dni, genre, name, surname, cityId) values (5, '1946-12-29', '9116809769', 1, 'Peterus', 'Orviss', 135);
insert into Student (id, birthdate, dni, genre, name, surname, cityId) values (6, '1975-10-20', '4853487492', 1, 'Tasha', 'Hurdidge', 189);
insert into Student (id, birthdate, dni, genre, name, surname, cityId) values (7, '1957-01-02', '7128679448', 0, 'Loleta', 'Moriarty', 171);
insert into Student (id, birthdate, dni, genre, name, surname, cityId) values (8, '2011-04-21', '4478971803', 0, 'Melony', 'Lamke', 247);
insert into Student (id, birthdate, dni, genre, name, surname, cityId) values (9, '1962-07-27', '7793058887', 2, 'Reyna', 'Sword', 7);
insert into Student (id, birthdate, dni, genre, name, surname, cityId) values (10, '1949-09-01', '9764511465', 2, 'Ysabel', 'Newlyn', 207);
insert into Student (id, birthdate, dni, genre, name, surname, cityId) values (11, '1940-07-12', '4629215751', 2, 'Gilbertina', 'Alliband', 136);
insert into Student (id, birthdate, dni, genre, name, surname, cityId) values (12, '2001-03-03', '6246374182', 0, 'Dulce', 'Annear', 257);
insert into Student (id, birthdate, dni, genre, name, surname, cityId) values (13, '1970-07-11', '2257780027', 0, 'Eleanora', 'Wank', 248);
insert into Student (id, birthdate, dni, genre, name, surname, cityId) values (14, '1962-03-11', '6129774265', 1, 'Ivie', 'Vearnals', 140);
insert into Student (id, birthdate, dni, genre, name, surname, cityId) values (15, '2017-04-11', '6707053337', 1, 'Boyd', 'Jencken', 217);
insert into Student (id, birthdate, dni, genre, name, surname, cityId) values (16, '2018-04-13', '3070036503', 0, 'Dareen', 'Souten', 299);
insert into Student (id, birthdate, dni, genre, name, surname, cityId) values (17, '1956-08-24', '1160539979', 0, 'Spense', 'Biles', 246);
insert into Student (id, birthdate, dni, genre, name, surname, cityId) values (18, '1987-03-21', '0193512920', 2, 'Ira', 'Pighills', 21);
insert into Student (id, birthdate, dni, genre, name, surname, cityId) values (19, '2019-12-16', '5012358589', 1, 'Adrian', 'Pendlington', 121);
insert into Student (id, birthdate, dni, genre, name, surname, cityId) values (20, '1977-08-05', '4475741459', 1, 'Harri', 'Penhalurick', 38);
insert into Student (id, birthdate, dni, genre, name, surname, cityId) values (21, '1970-03-15', '6728377972', 1, 'Rafa', 'Impleton', 21);
insert into Student (id, birthdate, dni, genre, name, surname, cityId) values (22, '2006-11-13', '6630490975', 0, 'Skipper', 'Anespie', 210);
insert into Student (id, birthdate, dni, genre, name, surname, cityId) values (23, '1965-08-24', '1200054415', 0, 'Jennette', 'Hounsham', 109);
insert into Student (id, birthdate, dni, genre, name, surname, cityId) values (24, '1998-01-26', '5757708239', 0, 'Marja', 'McClintock', 6);
insert into Student (id, birthdate, dni, genre, name, surname, cityId) values (25, '1956-05-28', '9871960220', 1, 'Camile', 'Neles', 127);
insert into Student (id, birthdate, dni, genre, name, surname, cityId) values (26, '1992-08-24', '4616600112', 2, 'Cassondra', 'Storah', 129);
insert into Student (id, birthdate, dni, genre, name, surname, cityId) values (27, '1944-03-11', '8805444901', 1, 'Audrie', 'todor', 108);
insert into Student (id, birthdate, dni, genre, name, surname, cityId) values (28, '1973-04-07', '9079207527', 1, 'Lurline', 'Gorgler', 236);
insert into Student (id, birthdate, dni, genre, name, surname, cityId) values (29, '1944-12-18', '4846835685', 2, 'Ettie', 'Falconer-Taylor', 110);
insert into Student (id, birthdate, dni, genre, name, surname, cityId) values (30, '1983-10-10', '2823812318', 0, 'Luella', 'Itschakov', 222);
insert into Student (id, birthdate, dni, genre, name, surname, cityId) values (31, '1959-02-23', '9645900964', 0, 'Janeczka', 'Jansie', 233);
insert into Student (id, birthdate, dni, genre, name, surname, cityId) values (32, '1971-04-04', '6654715977', 2, 'Benji', 'Beaven', 287);
insert into Student (id, birthdate, dni, genre, name, surname, cityId) values (33, '2012-08-28', '4349166750', 1, 'Mariellen', 'Feveryear', 28);
insert into Student (id, birthdate, dni, genre, name, surname, cityId) values (34, '2013-06-13', '6462980990', 2, 'Valida', 'Andrivot', 223);
insert into Student (id, birthdate, dni, genre, name, surname, cityId) values (35, '1967-01-03', '4177249106', 2, 'Maude', 'Bette', 154);
insert into Student (id, birthdate, dni, genre, name, surname, cityId) values (36, '1979-01-23', '7890786654', 2, 'Sammy', 'Gibbett', 60);
insert into Student (id, birthdate, dni, genre, name, surname, cityId) values (37, '1953-03-03', '3531453777', 2, 'Bathsheba', 'Murrells', 136);
insert into Student (id, birthdate, dni, genre, name, surname, cityId) values (38, '2016-07-20', '3906014053', 2, 'Caleb', 'Jaslem', 81);
insert into Student (id, birthdate, dni, genre, name, surname, cityId) values (39, '1955-05-19', '5456862689', 1, 'Skip', 'Ravenscroft', 180);
insert into Student (id, birthdate, dni, genre, name, surname, cityId) values (40, '1990-03-16', '2386160297', 1, 'Brittaney', 'Adney', 205);
insert into Student (id, birthdate, dni, genre, name, surname, cityId) values (41, '2004-07-21', '3106936339', 2, 'Maddie', 'Hakey', 278);
insert into Student (id, birthdate, dni, genre, name, surname, cityId) values (42, '1987-02-13', '9428856800', 0, 'Sanson', 'Guisot', 66);
insert into Student (id, birthdate, dni, genre, name, surname, cityId) values (43, '2007-09-11', '2013474903', 0, 'Daniela', 'Creek', 180);
insert into Student (id, birthdate, dni, genre, name, surname, cityId) values (44, '2017-11-10', '9591150660', 0, 'Dorothee', 'O''Leary', 168);
insert into Student (id, birthdate, dni, genre, name, surname, cityId) values (45, '1961-06-28', '2851750097', 2, 'Vi', 'Eggar', 51);
insert into Student (id, birthdate, dni, genre, name, surname, cityId) values (46, '1967-08-06', '6307080426', 0, 'Hedwig', 'Montacute', 133);
insert into Student (id, birthdate, dni, genre, name, surname, cityId) values (47, '2006-11-18', '2325451283', 2, 'Virginie', 'Minithorpe', 184);
insert into Student (id, birthdate, dni, genre, name, surname, cityId) values (48, '1977-05-31', '2321833459', 1, 'Sibelle', 'Bonwell', 213);
insert into Student (id, birthdate, dni, genre, name, surname, cityId) values (49, '2001-12-13', '5302587297', 1, 'Dorelia', 'Quibell', 297);
insert into Student (id, birthdate, dni, genre, name, surname, cityId) values (50, '2015-05-31', '2698593709', 1, 'Doro', 'Nurny', 49);
insert into Student (id, birthdate, dni, genre, name, surname, cityId) values (51, '1967-08-15', '7457066845', 2, 'Teriann', 'Graben', 79);
insert into Student (id, birthdate, dni, genre, name, surname, cityId) values (52, '1936-04-01', '5367690025', 0, 'Jakie', 'Striker', 298);
insert into Student (id, birthdate, dni, genre, name, surname, cityId) values (53, '1935-12-07', '9829417328', 1, 'Glen', 'Tosney', 276);
insert into Student (id, birthdate, dni, genre, name, surname, cityId) values (54, '2007-10-15', '3216650650', 1, 'Aggy', 'Paddefield', 133);
insert into Student (id, birthdate, dni, genre, name, surname, cityId) values (55, '1931-12-02', '3193560480', 2, 'Hort', 'Jezard', 30);
insert into Student (id, birthdate, dni, genre, name, surname, cityId) values (56, '1957-10-20', '7949646276', 1, 'Barbaraanne', 'Kervin', 296);
insert into Student (id, birthdate, dni, genre, name, surname, cityId) values (57, '2011-07-31', '3134522721', 2, 'Kerri', 'Heningam', 8);
insert into Student (id, birthdate, dni, genre, name, surname, cityId) values (58, '1933-06-25', '0576776890', 0, 'Floria', 'Badsworth', 17);
insert into Student (id, birthdate, dni, genre, name, surname, cityId) values (59, '1965-05-11', '3585320899', 2, 'Kerianne', 'Erdely', 261);
insert into Student (id, birthdate, dni, genre, name, surname, cityId) values (60, '1981-04-11', '1624615767', 1, 'Hillier', 'Lys', 239);
insert into Student (id, birthdate, dni, genre, name, surname, cityId) values (61, '2017-12-16', '2003238980', 2, 'Alison', 'Inott', 100);
insert into Student (id, birthdate, dni, genre, name, surname, cityId) values (62, '1942-09-28', '7457774750', 2, 'Renata', 'Tocque', 118);
insert into Student (id, birthdate, dni, genre, name, surname, cityId) values (63, '2009-03-31', '1058083317', 2, 'Lorianna', 'Fillingham', 40);
insert into Student (id, birthdate, dni, genre, name, surname, cityId) values (64, '1942-04-26', '4007316600', 1, 'Laurice', 'Hamal', 65);
insert into Student (id, birthdate, dni, genre, name, surname, cityId) values (65, '1940-05-07', '1921301511', 2, 'Dorisa', 'Petru', 24);
insert into Student (id, birthdate, dni, genre, name, surname, cityId) values (66, '1960-06-24', '7290338898', 0, 'Emera', 'Jacobsson', 18);
insert into Student (id, birthdate, dni, genre, name, surname, cityId) values (67, '1989-06-15', '8907337616', 0, 'Ursuline', 'Liversley', 22);
insert into Student (id, birthdate, dni, genre, name, surname, cityId) values (68, '1965-04-13', '7621614587', 2, 'Jock', 'Darlaston', 147);
insert into Student (id, birthdate, dni, genre, name, surname, cityId) values (69, '2007-01-07', '0444789162', 2, 'Sibbie', 'Pairpoint', 133);
insert into Student (id, birthdate, dni, genre, name, surname, cityId) values (70, '1976-07-10', '4375074973', 0, 'Mavis', 'Phillis', 253);
insert into Student (id, birthdate, dni, genre, name, surname, cityId) values (71, '1931-03-13', '1176963023', 1, 'Mabel', 'Burvill', 218);
insert into Student (id, birthdate, dni, genre, name, surname, cityId) values (72, '1945-01-02', '9699423803', 1, 'Sharleen', 'Jeste', 92);
insert into Student (id, birthdate, dni, genre, name, surname, cityId) values (73, '1996-09-19', '3044105714', 2, 'Maia', 'MacGebenay', 31);
insert into Student (id, birthdate, dni, genre, name, surname, cityId) values (74, '1991-10-07', '5251874383', 1, 'Rhys', 'Deere', 132);
insert into Student (id, birthdate, dni, genre, name, surname, cityId) values (75, '1957-10-06', '2957373041', 1, 'Siana', 'Herculson', 286);
insert into Student (id, birthdate, dni, genre, name, surname, cityId) values (76, '1986-02-28', '1433025051', 2, 'Nelie', 'Lambert', 293);
insert into Student (id, birthdate, dni, genre, name, surname, cityId) values (77, '1938-04-29', '4704743489', 0, 'Bren', 'McIlreavy', 65);
insert into Student (id, birthdate, dni, genre, name, surname, cityId) values (78, '1967-09-23', '2677373548', 1, 'Conny', 'Chopping', 177);
insert into Student (id, birthdate, dni, genre, name, surname, cityId) values (79, '1946-03-29', '6973084338', 1, 'Chad', 'Osgordby', 158);
insert into Student (id, birthdate, dni, genre, name, surname, cityId) values (80, '1972-10-31', '0340129212', 2, 'Chad', 'Nipper', 216);
insert into Student (id, birthdate, dni, genre, name, surname, cityId) values (81, '1974-09-06', '5877599046', 2, 'Alberik', 'Pond', 176);
insert into Student (id, birthdate, dni, genre, name, surname, cityId) values (82, '1965-05-01', '7670154691', 1, 'Benjie', 'Heinicke', 22);
insert into Student (id, birthdate, dni, genre, name, surname, cityId) values (83, '1981-09-02', '9655437000', 2, 'Benedict', 'Steger', 19);
insert into Student (id, birthdate, dni, genre, name, surname, cityId) values (84, '1935-06-10', '6097987021', 0, 'Mary', 'Humphrey', 6);
insert into Student (id, birthdate, dni, genre, name, surname, cityId) values (85, '1944-02-23', '7374244711', 2, 'Susanetta', 'Glascott', 70);
insert into Student (id, birthdate, dni, genre, name, surname, cityId) values (86, '1957-08-07', '5783773441', 0, 'Myrvyn', 'Ivanishchev', 166);
insert into Student (id, birthdate, dni, genre, name, surname, cityId) values (87, '1990-03-30', '7837547128', 0, 'Christian', 'Kinchley', 138);
insert into Student (id, birthdate, dni, genre, name, surname, cityId) values (88, '2015-02-10', '1051620805', 1, 'Davida', 'McComas', 68);
insert into Student (id, birthdate, dni, genre, name, surname, cityId) values (89, '1995-03-04', '5121969937', 1, 'Esther', 'Brosch', 181);
insert into Student (id, birthdate, dni, genre, name, surname, cityId) values (90, '1945-10-19', '0182132137', 0, 'Waylin', 'Currum', 41);
insert into Student (id, birthdate, dni, genre, name, surname, cityId) values (91, '1933-07-31', '2785105540', 1, 'Rozina', 'Bogace', 120);
insert into Student (id, birthdate, dni, genre, name, surname, cityId) values (92, '2008-05-24', '5926762251', 1, 'Corabella', 'Illidge', 152);
insert into Student (id, birthdate, dni, genre, name, surname, cityId) values (93, '1972-03-23', '6107426027', 0, 'Sven', 'Donavan', 33);
insert into Student (id, birthdate, dni, genre, name, surname, cityId) values (94, '1949-10-28', '6160833189', 2, 'Loydie', 'Baggelley', 286);
insert into Student (id, birthdate, dni, genre, name, surname, cityId) values (95, '1972-09-02', '1868687023', 0, 'Malinda', 'Findon', 283);
insert into Student (id, birthdate, dni, genre, name, surname, cityId) values (96, '2017-03-13', '2355303584', 1, 'Aila', 'Bleything', 121);
insert into Student (id, birthdate, dni, genre, name, surname, cityId) values (97, '1978-09-29', '6549639751', 1, 'Regan', 'Double', 269);
insert into Student (id, birthdate, dni, genre, name, surname, cityId) values (98, '1984-04-20', '8445370677', 2, 'Xaviera', 'Scandrick', 65);
insert into Student (id, birthdate, dni, genre, name, surname, cityId) values (99, '1988-07-01', '4918980147', 0, 'Katya', 'Chadband', 138);
insert into Student (id, birthdate, dni, genre, name, surname, cityId) values (100, '2000-09-01', '3711846084', 2, 'Innis', 'Stredder', 155);
insert into Student (id, birthdate, dni, genre, name, surname, cityId) values (101, '1988-04-06', '8126625872', 0, 'Marketa', 'Cooley', 271);
insert into Student (id, birthdate, dni, genre, name, surname, cityId) values (102, '2018-01-16', '5364641368', 2, 'Antonino', 'Arthy', 249);
insert into Student (id, birthdate, dni, genre, name, surname, cityId) values (103, '1964-07-14', '7181683934', 2, 'Bran', 'Fone', 220);
insert into Student (id, birthdate, dni, genre, name, surname, cityId) values (104, '2003-03-24', '9713139992', 0, 'Lynnet', 'Duffin', 95);
insert into Student (id, birthdate, dni, genre, name, surname, cityId) values (105, '1991-11-05', '1887699287', 1, 'Scotti', 'Archbould', 265);
insert into Student (id, birthdate, dni, genre, name, surname, cityId) values (106, '2015-07-04', '1586427067', 0, 'Caritta', 'Nacci', 104);
insert into Student (id, birthdate, dni, genre, name, surname, cityId) values (107, '1956-10-14', '1747729469', 1, 'Chaddy', 'Kornilyev', 44);
insert into Student (id, birthdate, dni, genre, name, surname, cityId) values (108, '1961-04-11', '9097197295', 2, 'Jorge', 'Whatsize', 30);
insert into Student (id, birthdate, dni, genre, name, surname, cityId) values (109, '1982-04-30', '4461567397', 1, 'Derrick', 'Osant', 176);
insert into Student (id, birthdate, dni, genre, name, surname, cityId) values (110, '1972-09-13', '0326414193', 0, 'Halley', 'MacKeig', 84);
insert into Student (id, birthdate, dni, genre, name, surname, cityId) values (111, '1998-10-07', '2114629635', 2, 'Meghan', 'Torricella', 151);
insert into Student (id, birthdate, dni, genre, name, surname, cityId) values (112, '1981-11-26', '9425445370', 1, 'Jackelyn', 'Pineaux', 257);
insert into Student (id, birthdate, dni, genre, name, surname, cityId) values (113, '1952-08-25', '6156801936', 1, 'Marlane', 'Fazackerley', 212);
insert into Student (id, birthdate, dni, genre, name, surname, cityId) values (114, '2003-08-20', '2904345892', 0, 'Tatiania', 'Pencott', 222);
insert into Student (id, birthdate, dni, genre, name, surname, cityId) values (115, '1989-12-26', '6214080264', 2, 'Nathalie', 'Felton', 269);
insert into Student (id, birthdate, dni, genre, name, surname, cityId) values (116, '1950-07-08', '8989917662', 2, 'Twyla', 'Mouget', 9);
insert into Student (id, birthdate, dni, genre, name, surname, cityId) values (117, '1977-08-01', '4365524445', 0, 'Tiphany', 'Dietsche', 236);
insert into Student (id, birthdate, dni, genre, name, surname, cityId) values (118, '1964-08-30', '8142391813', 0, 'Franciskus', 'Marven', 234);
insert into Student (id, birthdate, dni, genre, name, surname, cityId) values (119, '1930-10-25', '8235491621', 1, 'Leigha', 'Oertzen', 85);
insert into Student (id, birthdate, dni, genre, name, surname, cityId) values (120, '2013-12-02', '9873468099', 2, 'Ashbey', 'Ditchburn', 155);
insert into Student (id, birthdate, dni, genre, name, surname, cityId) values (121, '1992-08-10', '1704014174', 1, 'Simonne', 'Dacombe', 221);
insert into Student (id, birthdate, dni, genre, name, surname, cityId) values (122, '1973-06-20', '4233693940', 0, 'Fairleigh', 'Syvret', 227);
insert into Student (id, birthdate, dni, genre, name, surname, cityId) values (123, '1968-05-19', '0138401101', 0, 'Ardra', 'Padillo', 183);
insert into Student (id, birthdate, dni, genre, name, surname, cityId) values (124, '1935-10-10', '3294941315', 0, 'Eadie', 'Cuddon', 65);
insert into Student (id, birthdate, dni, genre, name, surname, cityId) values (125, '1979-09-11', '2415862045', 1, 'Anatole', 'Shaves', 33);
insert into Student (id, birthdate, dni, genre, name, surname, cityId) values (126, '2016-01-04', '7709881564', 1, 'Haven', 'Corteis', 220);
insert into Student (id, birthdate, dni, genre, name, surname, cityId) values (127, '1990-08-13', '4581738032', 2, 'Alina', 'Richold', 2);
insert into Student (id, birthdate, dni, genre, name, surname, cityId) values (128, '2011-06-11', '1117849155', 2, 'Gerta', 'Connechie', 268);
insert into Student (id, birthdate, dni, genre, name, surname, cityId) values (129, '1932-07-16', '5542306527', 0, 'Georgeanne', 'Sharvill', 50);
insert into Student (id, birthdate, dni, genre, name, surname, cityId) values (130, '1974-11-12', '0123159792', 1, 'Lizabeth', 'Heisman', 181);
insert into Student (id, birthdate, dni, genre, name, surname, cityId) values (131, '1961-06-14', '6700653738', 1, 'Margareta', 'Blabie', 57);
insert into Student (id, birthdate, dni, genre, name, surname, cityId) values (132, '1978-12-24', '1606007696', 0, 'Staford', 'Haszard', 254);
insert into Student (id, birthdate, dni, genre, name, surname, cityId) values (133, '1935-06-22', '1296207978', 2, 'Mead', 'Pesterfield', 8);
insert into Student (id, birthdate, dni, genre, name, surname, cityId) values (134, '1988-03-06', '6948091873', 0, 'Brittne', 'Leyborne', 113);
insert into Student (id, birthdate, dni, genre, name, surname, cityId) values (135, '2008-11-10', '3979573133', 1, 'Nissie', 'Sherwin', 41);
insert into Student (id, birthdate, dni, genre, name, surname, cityId) values (136, '1976-09-04', '5100934379', 0, 'Gray', 'Picheford', 30);
insert into Student (id, birthdate, dni, genre, name, surname, cityId) values (137, '1974-09-24', '8918033206', 2, 'Osmund', 'Kenn', 151);
insert into Student (id, birthdate, dni, genre, name, surname, cityId) values (138, '1975-11-07', '4848689988', 0, 'Shamus', 'Georgel', 43);
insert into Student (id, birthdate, dni, genre, name, surname, cityId) values (139, '2016-10-04', '3951084529', 2, 'Adelice', 'Dallicoat', 20);
insert into Student (id, birthdate, dni, genre, name, surname, cityId) values (140, '2009-11-03', '4173856946', 0, 'Essie', 'Leathard', 137);
insert into Student (id, birthdate, dni, genre, name, surname, cityId) values (141, '1953-05-14', '7839615708', 2, 'Viviyan', 'Cund', 231);
insert into Student (id, birthdate, dni, genre, name, surname, cityId) values (142, '1979-06-27', '7119123009', 1, 'Melonie', 'Disbrey', 206);
insert into Student (id, birthdate, dni, genre, name, surname, cityId) values (143, '1992-05-11', '9707291346', 1, 'Clint', 'Tivenan', 284);
insert into Student (id, birthdate, dni, genre, name, surname, cityId) values (144, '1951-05-30', '0967327865', 1, 'Penrod', 'Ordidge', 192);
insert into Student (id, birthdate, dni, genre, name, surname, cityId) values (145, '1942-05-31', '6866111811', 2, 'Evyn', 'Vurley', 218);
insert into Student (id, birthdate, dni, genre, name, surname, cityId) values (146, '1947-01-16', '3081612101', 2, 'Maurits', 'Wroath', 48);
insert into Student (id, birthdate, dni, genre, name, surname, cityId) values (147, '1980-10-27', '5112239573', 0, 'Shurlocke', 'Sinnatt', 224);
insert into Student (id, birthdate, dni, genre, name, surname, cityId) values (148, '2007-01-22', '1816839353', 0, 'Bobinette', 'Wegner', 120);
insert into Student (id, birthdate, dni, genre, name, surname, cityId) values (149, '2013-03-09', '7792704998', 1, 'Allis', 'Strainge', 289);
insert into Student (id, birthdate, dni, genre, name, surname, cityId) values (150, '1971-11-24', '2224724691', 0, 'Pen', 'Bamlett', 30);
insert into Student (id, birthdate, dni, genre, name, surname, cityId) values (151, '1975-08-08', '4539856588', 0, 'Carrie', 'Boylin', 259);
insert into Student (id, birthdate, dni, genre, name, surname, cityId) values (152, '1956-06-21', '5154486897', 2, 'Nickolai', 'Pellingar', 47);
insert into Student (id, birthdate, dni, genre, name, surname, cityId) values (153, '1990-11-15', '4131177994', 2, 'Sheffy', 'Sinkin', 165);
insert into Student (id, birthdate, dni, genre, name, surname, cityId) values (154, '1945-03-12', '5586516918', 0, 'Gayelord', 'Pawel', 143);
insert into Student (id, birthdate, dni, genre, name, surname, cityId) values (155, '1950-09-09', '4342406314', 0, 'Mariellen', 'Calkin', 127);
insert into Student (id, birthdate, dni, genre, name, surname, cityId) values (156, '1938-10-12', '0283820349', 0, 'Jillian', 'Bartles', 162);
insert into Student (id, birthdate, dni, genre, name, surname, cityId) values (157, '1987-12-08', '9394834176', 1, 'Ly', 'Bresner', 114);
insert into Student (id, birthdate, dni, genre, name, surname, cityId) values (158, '1997-05-14', '1313429775', 0, 'Falito', 'Goede', 237);
insert into Student (id, birthdate, dni, genre, name, surname, cityId) values (159, '1972-07-30', '2925640338', 0, 'Hedy', 'Healks', 269);
insert into Student (id, birthdate, dni, genre, name, surname, cityId) values (160, '1995-07-04', '6596186520', 2, 'Federica', 'Somerlie', 128);
insert into Student (id, birthdate, dni, genre, name, surname, cityId) values (161, '1972-08-24', '6587395775', 1, 'Ardenia', 'Ingliss', 65);
insert into Student (id, birthdate, dni, genre, name, surname, cityId) values (162, '2008-10-12', '1626253153', 2, 'Lebbie', 'Gabbitas', 237);
insert into Student (id, birthdate, dni, genre, name, surname, cityId) values (163, '2004-10-27', '6420520223', 0, 'Gilligan', 'Whacket', 68);
insert into Student (id, birthdate, dni, genre, name, surname, cityId) values (164, '2013-03-13', '0865039356', 0, 'Catie', 'Wilstead', 34);
insert into Student (id, birthdate, dni, genre, name, surname, cityId) values (165, '1991-04-24', '0516506188', 0, 'Danya', 'Aleksahkin', 244);
insert into Student (id, birthdate, dni, genre, name, surname, cityId) values (166, '1966-12-04', '2862416835', 0, 'Teodoor', 'Wytchard', 263);
insert into Student (id, birthdate, dni, genre, name, surname, cityId) values (167, '1945-12-12', '1411815025', 2, 'Alyssa', 'Wheway', 189);
insert into Student (id, birthdate, dni, genre, name, surname, cityId) values (168, '2017-07-11', '6810802134', 0, 'Anthia', 'Counsell', 8);
insert into Student (id, birthdate, dni, genre, name, surname, cityId) values (169, '1938-01-22', '4813817599', 0, 'Sheff', 'Blumsom', 91);
insert into Student (id, birthdate, dni, genre, name, surname, cityId) values (170, '1936-04-01', '0418222169', 1, 'Konstantin', 'Matysik', 186);
insert into Student (id, birthdate, dni, genre, name, surname, cityId) values (171, '2019-06-18', '9976781016', 1, 'Clarence', 'Clewley', 127);
insert into Student (id, birthdate, dni, genre, name, surname, cityId) values (172, '1937-06-28', '5628442682', 1, 'Florie', 'Gorce', 244);
insert into Student (id, birthdate, dni, genre, name, surname, cityId) values (173, '2013-08-15', '5168166628', 1, 'Mandy', 'Decaze', 5);
insert into Student (id, birthdate, dni, genre, name, surname, cityId) values (174, '1955-12-13', '0622078968', 1, 'Donna', 'Corhard', 76);
insert into Student (id, birthdate, dni, genre, name, surname, cityId) values (175, '2019-04-09', '6989488441', 2, 'Shelba', 'Maggi', 235);
insert into Student (id, birthdate, dni, genre, name, surname, cityId) values (176, '1950-11-29', '4223611402', 1, 'Reinaldos', 'Hessel', 75);
insert into Student (id, birthdate, dni, genre, name, surname, cityId) values (177, '1933-08-01', '8620785974', 2, 'Shalne', 'Andrat', 1);
insert into Student (id, birthdate, dni, genre, name, surname, cityId) values (178, '1934-04-13', '0566751291', 1, 'Geralda', 'Coule', 233);
insert into Student (id, birthdate, dni, genre, name, surname, cityId) values (179, '1949-12-24', '1331925185', 2, 'Brandy', 'Girkin', 141);
insert into Student (id, birthdate, dni, genre, name, surname, cityId) values (180, '1952-04-21', '2196391867', 2, 'Eleanore', 'Burde', 195);
insert into Student (id, birthdate, dni, genre, name, surname, cityId) values (181, '2011-02-10', '9811755140', 0, 'Keane', 'Whitewood', 257);
insert into Student (id, birthdate, dni, genre, name, surname, cityId) values (182, '1965-06-23', '6633437153', 2, 'Beatriz', 'Newlin', 215);
insert into Student (id, birthdate, dni, genre, name, surname, cityId) values (183, '1996-06-22', '6982992861', 1, 'Redford', 'Stirzaker', 226);
insert into Student (id, birthdate, dni, genre, name, surname, cityId) values (184, '1938-08-08', '8269904910', 1, 'Elspeth', 'Britto', 121);
insert into Student (id, birthdate, dni, genre, name, surname, cityId) values (185, '2008-04-13', '5767644748', 2, 'Shana', 'Sneyd', 267);
insert into Student (id, birthdate, dni, genre, name, surname, cityId) values (186, '2001-07-15', '8081438904', 2, 'Yehudit', 'Cawthron', 15);
insert into Student (id, birthdate, dni, genre, name, surname, cityId) values (187, '1944-05-16', '3362942628', 0, 'Armin', 'Farrall', 88);
insert into Student (id, birthdate, dni, genre, name, surname, cityId) values (188, '1992-06-18', '4314255234', 2, 'Lorain', 'Doerren', 104);
insert into Student (id, birthdate, dni, genre, name, surname, cityId) values (189, '2007-06-02', '3359771036', 1, 'Marge', 'Christophe', 115);
insert into Student (id, birthdate, dni, genre, name, surname, cityId) values (190, '2013-08-23', '6328327013', 2, 'Cindra', 'Barstock', 83);
insert into Student (id, birthdate, dni, genre, name, surname, cityId) values (191, '2012-09-02', '3131606355', 1, 'Vale', 'Gipp', 83);
insert into Student (id, birthdate, dni, genre, name, surname, cityId) values (192, '1997-02-10', '6148654989', 1, 'Brigida', 'Mossman', 41);
insert into Student (id, birthdate, dni, genre, name, surname, cityId) values (193, '1974-03-27', '7780205231', 1, 'Humbert', 'Larkin', 56);
insert into Student (id, birthdate, dni, genre, name, surname, cityId) values (194, '1968-05-11', '8394915825', 0, 'Adrianna', 'Mattisssen', 94);
insert into Student (id, birthdate, dni, genre, name, surname, cityId) values (195, '1982-10-31', '4466001308', 2, 'Annmaria', 'Ciciari', 254);
insert into Student (id, birthdate, dni, genre, name, surname, cityId) values (196, '2013-01-08', '7076795809', 0, 'Sher', 'Gore', 218);
insert into Student (id, birthdate, dni, genre, name, surname, cityId) values (197, '2011-12-15', '5608262107', 0, 'Babs', 'Brogan', 202);
insert into Student (id, birthdate, dni, genre, name, surname, cityId) values (198, '1960-03-30', '4833472341', 0, 'Norah', 'Jennemann', 164);
insert into Student (id, birthdate, dni, genre, name, surname, cityId) values (199, '2006-08-27', '6292170772', 2, 'Beret', 'Bootton', 11);
insert into Student (id, birthdate, dni, genre, name, surname, cityId) values (200, '1962-09-11', '2491952793', 0, 'Lewiss', 'Tortoise', 164);
insert into Student (id, birthdate, dni, genre, name, surname, cityId) values (201, '1964-01-26', '3115572891', 0, 'Tracey', 'Conti', 144);
insert into Student (id, birthdate, dni, genre, name, surname, cityId) values (202, '1994-07-20', '9331022751', 2, 'Derby', 'Van Der Weedenburg', 104);
insert into Student (id, birthdate, dni, genre, name, surname, cityId) values (203, '1996-01-28', '9936141997', 2, 'Hagan', 'Kezourec', 233);
insert into Student (id, birthdate, dni, genre, name, surname, cityId) values (204, '1992-07-03', '0877483868', 2, 'Jacklin', 'Bergstram', 192);
insert into Student (id, birthdate, dni, genre, name, surname, cityId) values (205, '1969-09-29', '6175048016', 0, 'Koo', 'Tutill', 70);
insert into Student (id, birthdate, dni, genre, name, surname, cityId) values (206, '1939-06-26', '4938325004', 0, 'Reggis', 'Snelling', 157);
insert into Student (id, birthdate, dni, genre, name, surname, cityId) values (207, '1954-07-19', '0324586302', 0, 'Lyle', 'Carlens', 122);
insert into Student (id, birthdate, dni, genre, name, surname, cityId) values (208, '1957-11-22', '6724276470', 2, 'Thorny', 'Oaten', 101);
insert into Student (id, birthdate, dni, genre, name, surname, cityId) values (209, '1962-05-14', '7465648947', 2, 'Babs', 'Wimbush', 89);
insert into Student (id, birthdate, dni, genre, name, surname, cityId) values (210, '1970-02-12', '6605765664', 0, 'Jorry', 'Orleton', 263);
insert into Student (id, birthdate, dni, genre, name, surname, cityId) values (211, '1995-12-14', '9189331877', 0, 'Lucienne', 'ducarme', 183);
insert into Student (id, birthdate, dni, genre, name, surname, cityId) values (212, '2013-11-06', '0388932171', 1, 'Mayne', 'Hadlington', 144);
insert into Student (id, birthdate, dni, genre, name, surname, cityId) values (213, '2008-08-08', '9445889053', 1, 'Nevile', 'Yurkov', 259);
insert into Student (id, birthdate, dni, genre, name, surname, cityId) values (214, '1987-12-13', '2666835499', 2, 'Marlowe', 'Warrington', 275);
insert into Student (id, birthdate, dni, genre, name, surname, cityId) values (215, '2014-10-04', '3743256940', 2, 'Wilt', 'Gallimore', 224);
insert into Student (id, birthdate, dni, genre, name, surname, cityId) values (216, '1939-01-20', '9065722041', 2, 'Jazmin', 'Wennington', 221);
insert into Student (id, birthdate, dni, genre, name, surname, cityId) values (217, '2018-12-29', '4408867268', 0, 'Der', 'Damant', 173);
insert into Student (id, birthdate, dni, genre, name, surname, cityId) values (218, '1954-08-28', '2922352331', 1, 'Margaret', 'Hannant', 186);
insert into Student (id, birthdate, dni, genre, name, surname, cityId) values (219, '2013-11-02', '1923145223', 0, 'Dion', 'Stambridge', 115);
insert into Student (id, birthdate, dni, genre, name, surname, cityId) values (220, '1952-03-26', '4984868201', 0, 'Hilde', 'Capstake', 198);
insert into Student (id, birthdate, dni, genre, name, surname, cityId) values (221, '1960-04-12', '3759125611', 0, 'Mae', 'Livzey', 280);
insert into Student (id, birthdate, dni, genre, name, surname, cityId) values (222, '1964-06-30', '6723049357', 2, 'Brucie', 'Stirgess', 213);
insert into Student (id, birthdate, dni, genre, name, surname, cityId) values (223, '1960-09-19', '9283782941', 0, 'Haleigh', 'Gruby', 38);
insert into Student (id, birthdate, dni, genre, name, surname, cityId) values (224, '2008-07-10', '1825987289', 2, 'Caren', 'Goldster', 267);
insert into Student (id, birthdate, dni, genre, name, surname, cityId) values (225, '2010-06-16', '1183109172', 0, 'Hazlett', 'Karlicek', 155);
insert into Student (id, birthdate, dni, genre, name, surname, cityId) values (226, '1984-07-19', '7691637608', 1, 'Silvia', 'Bursnell', 42);
insert into Student (id, birthdate, dni, genre, name, surname, cityId) values (227, '2017-10-15', '8399213179', 1, 'Anestassia', 'Lively', 125);
insert into Student (id, birthdate, dni, genre, name, surname, cityId) values (228, '1980-12-14', '9871767773', 2, 'Jock', 'Levesque', 241);
insert into Student (id, birthdate, dni, genre, name, surname, cityId) values (229, '2004-09-20', '5423466083', 0, 'Tressa', 'Giblett', 257);
insert into Student (id, birthdate, dni, genre, name, surname, cityId) values (230, '1957-12-09', '7667954275', 2, 'Roz', 'Birrane', 140);
insert into Student (id, birthdate, dni, genre, name, surname, cityId) values (231, '1994-10-06', '9292379429', 1, 'Issi', 'Ramelet', 293);
insert into Student (id, birthdate, dni, genre, name, surname, cityId) values (232, '1996-06-06', '8637001122', 2, 'Elli', 'Verbeke', 10);
insert into Student (id, birthdate, dni, genre, name, surname, cityId) values (233, '1986-09-28', '5307624751', 0, 'Tove', 'Burdin', 172);
insert into Student (id, birthdate, dni, genre, name, surname, cityId) values (234, '2006-12-26', '1744766339', 0, 'Cathleen', 'Bohman', 5);
insert into Student (id, birthdate, dni, genre, name, surname, cityId) values (235, '1960-06-16', '6224877092', 0, 'Astra', 'Almack', 7);
insert into Student (id, birthdate, dni, genre, name, surname, cityId) values (236, '1990-11-26', '0762622555', 0, 'Wyndham', 'Purle', 40);
insert into Student (id, birthdate, dni, genre, name, surname, cityId) values (237, '1966-12-12', '8510069239', 0, 'Sonnie', 'MacConnell', 151);
insert into Student (id, birthdate, dni, genre, name, surname, cityId) values (238, '2002-12-12', '1190547406', 2, 'Kenna', 'Yonnie', 141);
insert into Student (id, birthdate, dni, genre, name, surname, cityId) values (239, '1946-05-08', '8985346326', 2, 'Chrisy', 'Ennion', 161);
insert into Student (id, birthdate, dni, genre, name, surname, cityId) values (240, '1981-10-18', '6381448717', 0, 'Axel', 'Isley', 165);
insert into Student (id, birthdate, dni, genre, name, surname, cityId) values (241, '1951-06-24', '2476566330', 2, 'Corrinne', 'Brocket', 159);
insert into Student (id, birthdate, dni, genre, name, surname, cityId) values (242, '1978-08-26', '6321915343', 0, 'Lurleen', 'Cosgriff', 12);
insert into Student (id, birthdate, dni, genre, name, surname, cityId) values (243, '1979-08-01', '6320210621', 2, 'Lindsey', 'Keward', 31);
insert into Student (id, birthdate, dni, genre, name, surname, cityId) values (244, '1991-10-02', '2798448506', 0, 'Anne-marie', 'Yitzovitz', 188);
insert into Student (id, birthdate, dni, genre, name, surname, cityId) values (245, '1938-10-17', '9488088591', 1, 'Kaitlynn', 'Wren', 299);
insert into Student (id, birthdate, dni, genre, name, surname, cityId) values (246, '1992-04-21', '1936129914', 2, 'Emerson', 'Micklem', 139);
insert into Student (id, birthdate, dni, genre, name, surname, cityId) values (247, '2008-06-30', '6473633871', 0, 'Clarita', 'Chesterman', 85);
insert into Student (id, birthdate, dni, genre, name, surname, cityId) values (248, '1983-07-18', '5915697488', 0, 'Padget', 'Esposita', 256);
insert into Student (id, birthdate, dni, genre, name, surname, cityId) values (249, '1960-07-01', '9469286758', 0, 'Melisande', 'Peres', 207);
insert into Student (id, birthdate, dni, genre, name, surname, cityId) values (250, '1984-02-25', '6986242271', 2, 'Berke', 'Wareing', 91);
insert into Student (id, birthdate, dni, genre, name, surname, cityId) values (251, '1940-05-22', '5238665938', 2, 'Carline', 'Harrington', 221);
insert into Student (id, birthdate, dni, genre, name, surname, cityId) values (252, '1933-09-18', '8221502715', 0, 'Germaine', 'O''Nowlan', 152);
insert into Student (id, birthdate, dni, genre, name, surname, cityId) values (253, '1944-11-06', '0964406969', 0, 'Myles', 'Wink', 3);
insert into Student (id, birthdate, dni, genre, name, surname, cityId) values (254, '2012-01-04', '9877693623', 2, 'Ange', 'Kirkam', 156);
insert into Student (id, birthdate, dni, genre, name, surname, cityId) values (255, '1951-08-07', '4551213594', 2, 'Babs', 'Sainter', 215);
insert into Student (id, birthdate, dni, genre, name, surname, cityId) values (256, '2017-02-11', '4884587987', 0, 'Meier', 'Skeech', 63);
insert into Student (id, birthdate, dni, genre, name, surname, cityId) values (257, '1937-12-19', '7209233849', 0, 'Becka', 'Wison', 110);
insert into Student (id, birthdate, dni, genre, name, surname, cityId) values (258, '1989-08-09', '5198559156', 1, 'Derril', 'Fernie', 6);
insert into Student (id, birthdate, dni, genre, name, surname, cityId) values (259, '1948-02-29', '6558783703', 0, 'Lee', 'Bickardike', 277);
insert into Student (id, birthdate, dni, genre, name, surname, cityId) values (260, '1991-08-10', '6574607132', 2, 'Brendin', 'Espinay', 153);
insert into Student (id, birthdate, dni, genre, name, surname, cityId) values (261, '1965-07-04', '0033111545', 2, 'Cassandra', 'Rosenblad', 72);
insert into Student (id, birthdate, dni, genre, name, surname, cityId) values (262, '2001-11-10', '5159077987', 1, 'Othello', 'Kench', 279);
insert into Student (id, birthdate, dni, genre, name, surname, cityId) values (263, '1985-11-07', '3829765169', 1, 'Rudolph', 'Elcoat', 201);
insert into Student (id, birthdate, dni, genre, name, surname, cityId) values (264, '1988-12-17', '1568014368', 1, 'Evanne', 'O''Carran', 24);
insert into Student (id, birthdate, dni, genre, name, surname, cityId) values (265, '1940-05-14', '1609898273', 1, 'Katha', 'Fruish', 201);
insert into Student (id, birthdate, dni, genre, name, surname, cityId) values (266, '1939-07-25', '4781334865', 0, 'Drucie', 'Sciacovelli', 283);
insert into Student (id, birthdate, dni, genre, name, surname, cityId) values (267, '1986-11-30', '5142159756', 0, 'Broddy', 'Pietruszewicz', 153);
insert into Student (id, birthdate, dni, genre, name, surname, cityId) values (268, '1977-06-13', '4284993437', 0, 'Elise', 'Davage', 220);
insert into Student (id, birthdate, dni, genre, name, surname, cityId) values (269, '1971-08-21', '6461067566', 0, 'Lotte', 'Borg-Bartolo', 50);
insert into Student (id, birthdate, dni, genre, name, surname, cityId) values (270, '2004-03-27', '5023706958', 0, 'Lu', 'Worsfield', 69);
insert into Student (id, birthdate, dni, genre, name, surname, cityId) values (271, '2012-03-23', '5675251154', 1, 'Ambrosio', 'Upham', 281);
insert into Student (id, birthdate, dni, genre, name, surname, cityId) values (272, '1962-11-24', '8826066612', 1, 'Rochette', 'Kinsett', 276);
insert into Student (id, birthdate, dni, genre, name, surname, cityId) values (273, '1947-03-16', '5334831053', 0, 'Annette', 'Ferretti', 215);
insert into Student (id, birthdate, dni, genre, name, surname, cityId) values (274, '1954-10-16', '8609826449', 2, 'Town', 'Gomes', 142);
insert into Student (id, birthdate, dni, genre, name, surname, cityId) values (275, '1964-01-15', '8881552884', 1, 'Myriam', 'Macvey', 172);
insert into Student (id, birthdate, dni, genre, name, surname, cityId) values (276, '1937-05-28', '4860646924', 2, 'Germain', 'Souza', 49);
insert into Student (id, birthdate, dni, genre, name, surname, cityId) values (277, '1988-07-14', '5154012569', 2, 'Olin', 'Sheaf', 20);
insert into Student (id, birthdate, dni, genre, name, surname, cityId) values (278, '1998-04-10', '2445918898', 1, 'Paloma', 'Lazenby', 234);
insert into Student (id, birthdate, dni, genre, name, surname, cityId) values (279, '1952-05-29', '5360558148', 2, 'Helaina', 'Mullane', 88);
insert into Student (id, birthdate, dni, genre, name, surname, cityId) values (280, '1984-10-29', '3254669967', 0, 'Caleb', 'Liddington', 150);
insert into Student (id, birthdate, dni, genre, name, surname, cityId) values (281, '1990-08-18', '3815116716', 1, 'Carl', 'Jollands', 186);
insert into Student (id, birthdate, dni, genre, name, surname, cityId) values (282, '1971-07-07', '2905881941', 0, 'Berny', 'Cridland', 53);
insert into Student (id, birthdate, dni, genre, name, surname, cityId) values (283, '1979-08-07', '9561326833', 2, 'Jeannette', 'Pauleit', 294);
insert into Student (id, birthdate, dni, genre, name, surname, cityId) values (284, '2007-01-05', '7629104413', 0, 'Meghan', 'Gredden', 161);
insert into Student (id, birthdate, dni, genre, name, surname, cityId) values (285, '1953-06-14', '5076023952', 2, 'Andrew', 'Sergeaunt', 21);
insert into Student (id, birthdate, dni, genre, name, surname, cityId) values (286, '1992-11-25', '4252409969', 2, 'Sissy', 'Barnet', 94);
insert into Student (id, birthdate, dni, genre, name, surname, cityId) values (287, '1932-07-28', '1581191723', 2, 'Leland', 'Peers', 82);
insert into Student (id, birthdate, dni, genre, name, surname, cityId) values (288, '1947-06-30', '9269866629', 0, 'Angelle', 'Channing', 6);
insert into Student (id, birthdate, dni, genre, name, surname, cityId) values (289, '1943-02-26', '8735790288', 2, 'Felicia', 'Gulleford', 215);
insert into Student (id, birthdate, dni, genre, name, surname, cityId) values (290, '1972-02-17', '5762929078', 2, 'Nils', 'Clapton', 205);
insert into Student (id, birthdate, dni, genre, name, surname, cityId) values (291, '2009-12-08', '6458417993', 0, 'Sabine', 'Bess', 87);
insert into Student (id, birthdate, dni, genre, name, surname, cityId) values (292, '1932-12-12', '8738508524', 2, 'Leontine', 'Arling', 284);
insert into Student (id, birthdate, dni, genre, name, surname, cityId) values (293, '1999-02-14', '0201314495', 2, 'Becca', 'Pettko', 155);
insert into Student (id, birthdate, dni, genre, name, surname, cityId) values (294, '1996-05-13', '1707301999', 1, 'Giuditta', 'Souch', 230);
insert into Student (id, birthdate, dni, genre, name, surname, cityId) values (295, '1978-08-22', '6760478908', 0, 'Hope', 'Pol', 33);
insert into Student (id, birthdate, dni, genre, name, surname, cityId) values (296, '1976-04-25', '8521840292', 0, 'Carny', 'McGaughie', 36);
insert into Student (id, birthdate, dni, genre, name, surname, cityId) values (297, '2018-05-24', '4283313920', 2, 'Avigdor', 'Daugherty', 86);
insert into Student (id, birthdate, dni, genre, name, surname, cityId) values (298, '2019-10-13', '6551807712', 2, 'Dougy', 'Rizzetti', 16);
insert into Student (id, birthdate, dni, genre, name, surname, cityId) values (299, '1968-03-29', '7186982328', 1, 'Tamra', 'Batt', 93);
insert into Student (id, birthdate, dni, genre, name, surname, cityId) values (300, '1983-07-30', '0793932238', 1, 'Marcello', 'Munroe', 181);
insert into Student (id, birthdate, dni, genre, name, surname, cityId) values (301, '1938-05-20', '7507026795', 2, 'Hewe', 'Fawbert', 266);
insert into Student (id, birthdate, dni, genre, name, surname, cityId) values (302, '1998-09-22', '6873535621', 1, 'Der', 'Escalante', 81);
insert into Student (id, birthdate, dni, genre, name, surname, cityId) values (303, '1994-03-08', '5621905385', 0, 'Cody', 'Carnie', 188);
insert into Student (id, birthdate, dni, genre, name, surname, cityId) values (304, '1985-04-17', '6953974222', 0, 'Sven', 'Jesper', 221);
insert into Student (id, birthdate, dni, genre, name, surname, cityId) values (305, '1937-03-20', '8821360989', 2, 'Creigh', 'Shrimpton', 147);
insert into Student (id, birthdate, dni, genre, name, surname, cityId) values (306, '1943-03-07', '0081527705', 1, 'Jeromy', 'Guinn', 272);
insert into Student (id, birthdate, dni, genre, name, surname, cityId) values (307, '1965-04-28', '9752512127', 0, 'Eldridge', 'Szreter', 240);
insert into Student (id, birthdate, dni, genre, name, surname, cityId) values (308, '1970-08-27', '4726102656', 0, 'Tabbitha', 'Start', 273);
insert into Student (id, birthdate, dni, genre, name, surname, cityId) values (309, '1975-03-01', '1439205787', 0, 'Gustaf', 'Delap', 52);
insert into Student (id, birthdate, dni, genre, name, surname, cityId) values (310, '1982-08-03', '6110642827', 2, 'Elise', 'Czapla', 95);
insert into Student (id, birthdate, dni, genre, name, surname, cityId) values (311, '2008-09-10', '7907531500', 2, 'Giovanni', 'Salsbury', 195);
insert into Student (id, birthdate, dni, genre, name, surname, cityId) values (312, '1940-12-14', '2809900906', 2, 'Milly', 'Shera', 186);
insert into Student (id, birthdate, dni, genre, name, surname, cityId) values (313, '1965-04-19', '1552805034', 2, 'Byron', 'Gresswood', 90);
insert into Student (id, birthdate, dni, genre, name, surname, cityId) values (314, '1931-10-05', '5631819414', 0, 'Quinton', 'Barents', 168);
insert into Student (id, birthdate, dni, genre, name, surname, cityId) values (315, '1952-03-19', '3441868269', 1, 'Jori', 'Neylan', 41);
insert into Student (id, birthdate, dni, genre, name, surname, cityId) values (316, '1994-08-01', '4510483740', 1, 'Weylin', 'Zahor', 210);
insert into Student (id, birthdate, dni, genre, name, surname, cityId) values (317, '1980-12-03', '5306463525', 1, 'Ricki', 'Thorby', 38);
insert into Student (id, birthdate, dni, genre, name, surname, cityId) values (318, '1972-08-29', '0474512797', 2, 'Joete', 'Schurig', 79);
insert into Student (id, birthdate, dni, genre, name, surname, cityId) values (319, '1963-12-12', '9275571449', 2, 'Valerye', 'Baldelli', 77);
insert into Student (id, birthdate, dni, genre, name, surname, cityId) values (320, '1932-09-05', '7399335877', 2, 'Fern', 'Newlands', 238);
insert into Student (id, birthdate, dni, genre, name, surname, cityId) values (321, '1960-01-24', '0265704057', 2, 'Clerissa', 'Philbrick', 295);
insert into Student (id, birthdate, dni, genre, name, surname, cityId) values (322, '1952-01-20', '1667962310', 0, 'Elyse', 'Sutlieff', 114);
insert into Student (id, birthdate, dni, genre, name, surname, cityId) values (323, '2019-03-03', '2374618110', 1, 'Grier', 'Kindon', 276);
insert into Student (id, birthdate, dni, genre, name, surname, cityId) values (324, '1941-03-27', '1673487629', 0, 'Valentijn', 'Ert', 116);
insert into Student (id, birthdate, dni, genre, name, surname, cityId) values (325, '1935-12-30', '3461290726', 0, 'Maureen', 'Skuce', 236);
insert into Student (id, birthdate, dni, genre, name, surname, cityId) values (326, '1945-09-04', '7851353718', 1, 'Barbie', 'Mc Combe', 59);
insert into Student (id, birthdate, dni, genre, name, surname, cityId) values (327, '1968-03-08', '6749874746', 1, 'Ina', 'Simondson', 40);
insert into Student (id, birthdate, dni, genre, name, surname, cityId) values (328, '1972-05-16', '1355098688', 1, 'Shaine', 'Canacott', 288);
insert into Student (id, birthdate, dni, genre, name, surname, cityId) values (329, '1981-03-12', '4288697875', 2, 'Ethelyn', 'Luddy', 169);
insert into Student (id, birthdate, dni, genre, name, surname, cityId) values (330, '1933-11-30', '2753794928', 0, 'Kellia', 'Roebuck', 266);
insert into Student (id, birthdate, dni, genre, name, surname, cityId) values (331, '1982-01-29', '9705631999', 1, 'Wilton', 'Klejna', 124);
insert into Student (id, birthdate, dni, genre, name, surname, cityId) values (332, '1987-01-10', '1013184831', 1, 'Langsdon', 'Pickless', 44);
insert into Student (id, birthdate, dni, genre, name, surname, cityId) values (333, '1969-06-29', '4687019986', 1, 'Tobit', 'Nosworthy', 275);
insert into Student (id, birthdate, dni, genre, name, surname, cityId) values (334, '2007-11-07', '6673251204', 2, 'Noel', 'Akester', 211);
insert into Student (id, birthdate, dni, genre, name, surname, cityId) values (335, '1964-07-24', '5440724435', 1, 'Chancey', 'Brandts', 236);
insert into Student (id, birthdate, dni, genre, name, surname, cityId) values (336, '1960-07-20', '7468682798', 1, 'Rossy', 'Duffet', 154);
insert into Student (id, birthdate, dni, genre, name, surname, cityId) values (337, '1954-10-06', '9557336420', 1, 'Nicole', 'Hanford', 160);
insert into Student (id, birthdate, dni, genre, name, surname, cityId) values (338, '2003-11-08', '5107870899', 2, 'Gardener', 'Aldham', 148);
insert into Student (id, birthdate, dni, genre, name, surname, cityId) values (339, '1989-06-13', '4434832468', 0, 'Dolph', 'Rekes', 243);
insert into Student (id, birthdate, dni, genre, name, surname, cityId) values (340, '1954-07-13', '5348148377', 0, 'Lucilia', 'Skillman', 6);
insert into Student (id, birthdate, dni, genre, name, surname, cityId) values (341, '2009-02-22', '2932617591', 2, 'Sher', 'Maylard', 45);
insert into Student (id, birthdate, dni, genre, name, surname, cityId) values (342, '1958-08-14', '9678221160', 1, 'Meggie', 'Harrie', 242);
insert into Student (id, birthdate, dni, genre, name, surname, cityId) values (343, '1958-02-10', '5948544680', 0, 'Boony', 'Veronique', 99);
insert into Student (id, birthdate, dni, genre, name, surname, cityId) values (344, '2005-08-28', '3031495160', 0, 'Jermayne', 'Shackleton', 41);
insert into Student (id, birthdate, dni, genre, name, surname, cityId) values (345, '1975-04-09', '9917849513', 2, 'Dion', 'Rosebotham', 78);
insert into Student (id, birthdate, dni, genre, name, surname, cityId) values (346, '1974-02-23', '2922340414', 0, 'Theobald', 'Schapiro', 263);
insert into Student (id, birthdate, dni, genre, name, surname, cityId) values (347, '1967-09-16', '0518849740', 2, 'Julianne', 'Montez', 266);
insert into Student (id, birthdate, dni, genre, name, surname, cityId) values (348, '2014-12-05', '5112106069', 1, 'Seline', 'Dukelow', 55);
insert into Student (id, birthdate, dni, genre, name, surname, cityId) values (349, '1930-10-07', '4858250784', 0, 'Judd', 'Glasson', 282);
insert into Student (id, birthdate, dni, genre, name, surname, cityId) values (350, '1972-08-08', '1485838088', 1, 'Jess', 'Torrese', 126);
insert into Student (id, birthdate, dni, genre, name, surname, cityId) values (351, '1959-02-24', '5850268251', 0, 'Adolpho', 'Seawell', 165);
insert into Student (id, birthdate, dni, genre, name, surname, cityId) values (352, '1962-04-01', '0320517918', 1, 'Colline', 'Spedroni', 130);
insert into Student (id, birthdate, dni, genre, name, surname, cityId) values (353, '2011-08-07', '8148407592', 0, 'Jeannette', 'Chivers', 70);
insert into Student (id, birthdate, dni, genre, name, surname, cityId) values (354, '1949-09-15', '6545562517', 2, 'Eleen', 'Batram', 137);
insert into Student (id, birthdate, dni, genre, name, surname, cityId) values (355, '2012-06-08', '3130294104', 1, 'Mirabel', 'Quinn', 88);
insert into Student (id, birthdate, dni, genre, name, surname, cityId) values (356, '2018-05-01', '7307454416', 0, 'Petronella', 'Myrkus', 165);
insert into Student (id, birthdate, dni, genre, name, surname, cityId) values (357, '2015-10-11', '6527259980', 0, 'Nadine', 'Lynde', 136);
insert into Student (id, birthdate, dni, genre, name, surname, cityId) values (358, '1969-11-01', '3068923581', 2, 'Cecilius', 'Josifovic', 124);
insert into Student (id, birthdate, dni, genre, name, surname, cityId) values (359, '1971-05-18', '3640752228', 2, 'Ariana', 'de Juares', 291);
insert into Student (id, birthdate, dni, genre, name, surname, cityId) values (360, '1968-03-16', '4472088533', 0, 'Ferrell', 'Stonestreet', 146);
insert into Student (id, birthdate, dni, genre, name, surname, cityId) values (361, '2017-07-30', '4543486099', 2, 'Janka', 'Jandera', 18);
insert into Student (id, birthdate, dni, genre, name, surname, cityId) values (362, '2010-05-20', '4046166061', 0, 'Cristobal', 'Menezes', 253);
insert into Student (id, birthdate, dni, genre, name, surname, cityId) values (363, '1980-03-27', '5345835152', 2, 'Emmalynn', 'MacCaffrey', 143);
insert into Student (id, birthdate, dni, genre, name, surname, cityId) values (364, '1983-07-16', '5537652463', 2, 'Livvyy', 'Yvon', 180);
insert into Student (id, birthdate, dni, genre, name, surname, cityId) values (365, '2007-05-18', '7824968375', 1, 'Hilario', 'Goford', 116);
insert into Student (id, birthdate, dni, genre, name, surname, cityId) values (366, '1937-09-16', '3137708044', 0, 'Nonie', 'Speek', 253);
insert into Student (id, birthdate, dni, genre, name, surname, cityId) values (367, '1957-08-17', '3688947118', 2, 'Kariotta', 'Lerner', 116);
insert into Student (id, birthdate, dni, genre, name, surname, cityId) values (368, '1976-03-03', '1896766226', 0, 'El', 'Marginson', 105);
insert into Student (id, birthdate, dni, genre, name, surname, cityId) values (369, '1984-01-11', '0976219670', 1, 'Kimberlee', 'Scimone', 42);
insert into Student (id, birthdate, dni, genre, name, surname, cityId) values (370, '1976-01-07', '6700527198', 1, 'Darby', 'Duding', 121);
insert into Student (id, birthdate, dni, genre, name, surname, cityId) values (371, '1983-08-16', '9951764150', 0, 'Jackqueline', 'Mahaffey', 286);
insert into Student (id, birthdate, dni, genre, name, surname, cityId) values (372, '1934-04-24', '1128827069', 1, 'Bartlet', 'Wingfield', 14);
insert into Student (id, birthdate, dni, genre, name, surname, cityId) values (373, '1939-08-20', '2133447954', 0, 'Shaun', 'Illem', 198);
insert into Student (id, birthdate, dni, genre, name, surname, cityId) values (374, '1934-05-21', '5139284480', 2, 'Rochester', 'Derr', 66);
insert into Student (id, birthdate, dni, genre, name, surname, cityId) values (375, '1974-01-11', '0355890992', 2, 'Isidor', 'Muffen', 167);
insert into Student (id, birthdate, dni, genre, name, surname, cityId) values (376, '1987-09-02', '1687625336', 0, 'Natty', 'Brighty', 68);
insert into Student (id, birthdate, dni, genre, name, surname, cityId) values (377, '1974-07-19', '8379467167', 2, 'Maurizio', 'Frobisher', 192);
insert into Student (id, birthdate, dni, genre, name, surname, cityId) values (378, '2010-01-03', '7200898147', 0, 'Cedric', 'Murdoch', 87);
insert into Student (id, birthdate, dni, genre, name, surname, cityId) values (379, '1984-04-11', '3445104913', 0, 'Jacquetta', 'Buntine', 245);
insert into Student (id, birthdate, dni, genre, name, surname, cityId) values (380, '1997-12-02', '0019354851', 2, 'Deeyn', 'Mulmuray', 225);
insert into Student (id, birthdate, dni, genre, name, surname, cityId) values (381, '1954-05-10', '1022377043', 1, 'Luz', 'Antyshev', 95);
insert into Student (id, birthdate, dni, genre, name, surname, cityId) values (382, '2013-07-03', '7701809678', 2, 'Mac', 'Workes', 135);
insert into Student (id, birthdate, dni, genre, name, surname, cityId) values (383, '1955-06-08', '7095727325', 1, 'Simonette', 'Starsmeare', 175);
insert into Student (id, birthdate, dni, genre, name, surname, cityId) values (384, '1936-06-28', '4340134864', 0, 'Anselma', 'Fearns', 99);
insert into Student (id, birthdate, dni, genre, name, surname, cityId) values (385, '1948-11-08', '5360229756', 1, 'Silvan', 'Seville', 242);
insert into Student (id, birthdate, dni, genre, name, surname, cityId) values (386, '2014-12-19', '5594044922', 1, 'Dominga', 'Clougher', 293);
insert into Student (id, birthdate, dni, genre, name, surname, cityId) values (387, '1933-08-31', '2990147624', 2, 'Aldwin', 'Wenman', 118);
insert into Student (id, birthdate, dni, genre, name, surname, cityId) values (388, '1977-06-29', '8939935462', 2, 'Courtney', 'Derington', 288);
insert into Student (id, birthdate, dni, genre, name, surname, cityId) values (389, '1989-12-26', '4793978843', 2, 'Patrick', 'Caudrey', 57);
insert into Student (id, birthdate, dni, genre, name, surname, cityId) values (390, '1973-05-06', '5597507788', 1, 'Abagael', 'Hruska', 255);
insert into Student (id, birthdate, dni, genre, name, surname, cityId) values (391, '1980-09-18', '5569311149', 1, 'Rabi', 'Shapera', 107);
insert into Student (id, birthdate, dni, genre, name, surname, cityId) values (392, '1995-12-01', '5177919110', 1, 'Lira', 'Ohrtmann', 49);
insert into Student (id, birthdate, dni, genre, name, surname, cityId) values (393, '1937-10-12', '6067456494', 0, 'Lester', 'Guesford', 89);
insert into Student (id, birthdate, dni, genre, name, surname, cityId) values (394, '1966-03-05', '9033404036', 1, 'Jenilee', 'Rennles', 199);
insert into Student (id, birthdate, dni, genre, name, surname, cityId) values (395, '1930-08-16', '8351774936', 1, 'Nicholle', 'Connichie', 271);
insert into Student (id, birthdate, dni, genre, name, surname, cityId) values (396, '1990-02-06', '5770633468', 0, 'Abba', 'Peckett', 44);
insert into Student (id, birthdate, dni, genre, name, surname, cityId) values (397, '1951-02-22', '4081850208', 1, 'Karly', 'Coult', 221);
insert into Student (id, birthdate, dni, genre, name, surname, cityId) values (398, '1973-04-10', '5083758598', 2, 'Casey', 'Dolphin', 230);
insert into Student (id, birthdate, dni, genre, name, surname, cityId) values (399, '1972-07-26', '4849780261', 1, 'Ester', 'Dodgshon', 234);
insert into Student (id, birthdate, dni, genre, name, surname, cityId) values (400, '1994-07-02', '0426834275', 0, 'Malynda', 'Dyte', 36);
insert into Student (id, birthdate, dni, genre, name, surname, cityId) values (401, '1959-12-21', '4601883202', 0, 'Omar', 'Mayell', 247);
insert into Student (id, birthdate, dni, genre, name, surname, cityId) values (402, '1991-09-22', '9060133706', 0, 'Nonna', 'Sowrey', 86);
insert into Student (id, birthdate, dni, genre, name, surname, cityId) values (403, '1964-08-02', '1275418341', 2, 'Mozelle', 'Mulran', 242);
insert into Student (id, birthdate, dni, genre, name, surname, cityId) values (404, '2000-04-14', '1860727077', 0, 'Umeko', 'Colquit', 84);
insert into Student (id, birthdate, dni, genre, name, surname, cityId) values (405, '1974-07-24', '9147293438', 1, 'Kata', 'Ream', 283);
insert into Student (id, birthdate, dni, genre, name, surname, cityId) values (406, '2016-11-07', '7754138697', 0, 'Harriott', 'Strawbridge', 98);
insert into Student (id, birthdate, dni, genre, name, surname, cityId) values (407, '1963-02-14', '3494408491', 0, 'Maisey', 'Hawkyens', 179);
insert into Student (id, birthdate, dni, genre, name, surname, cityId) values (408, '1966-06-14', '5602414517', 2, 'Teresa', 'Blaschek', 74);
insert into Student (id, birthdate, dni, genre, name, surname, cityId) values (409, '1959-07-09', '7526056599', 1, 'Henri', 'McMullen', 92);
insert into Student (id, birthdate, dni, genre, name, surname, cityId) values (410, '1971-07-03', '9686834931', 1, 'Errol', 'Folger', 299);
insert into Student (id, birthdate, dni, genre, name, surname, cityId) values (411, '2018-08-11', '8986559676', 1, 'Coraline', 'Revance', 234);
insert into Student (id, birthdate, dni, genre, name, surname, cityId) values (412, '1993-12-10', '5476051368', 2, 'Con', 'Wilsher', 220);
insert into Student (id, birthdate, dni, genre, name, surname, cityId) values (413, '1931-12-01', '6974930100', 0, 'Garth', 'Sarten', 208);
insert into Student (id, birthdate, dni, genre, name, surname, cityId) values (414, '1954-05-13', '9448188633', 1, 'Thalia', 'Burthom', 222);
insert into Student (id, birthdate, dni, genre, name, surname, cityId) values (415, '2014-05-10', '4759487182', 0, 'Bourke', 'Stokell', 69);
insert into Student (id, birthdate, dni, genre, name, surname, cityId) values (416, '1976-01-29', '1624459978', 1, 'Allyn', 'Blacklidge', 162);
insert into Student (id, birthdate, dni, genre, name, surname, cityId) values (417, '2004-03-05', '3002538256', 1, 'Ralina', 'Mountlow', 157);
insert into Student (id, birthdate, dni, genre, name, surname, cityId) values (418, '1957-10-02', '2358196835', 0, 'Margery', 'Drewitt', 61);
insert into Student (id, birthdate, dni, genre, name, surname, cityId) values (419, '1944-06-02', '2229892436', 2, 'Harriett', 'McLucas', 171);
insert into Student (id, birthdate, dni, genre, name, surname, cityId) values (420, '1982-05-11', '5842731266', 1, 'Domeniga', 'Fowls', 174);
insert into Student (id, birthdate, dni, genre, name, surname, cityId) values (421, '1939-08-09', '7999120529', 0, 'Glad', 'Lavigne', 51);
insert into Student (id, birthdate, dni, genre, name, surname, cityId) values (422, '1987-07-22', '2204003786', 1, 'Javier', 'Hymus', 77);
insert into Student (id, birthdate, dni, genre, name, surname, cityId) values (423, '2006-02-11', '3524878377', 2, 'Enrico', 'Cockerton', 166);
insert into Student (id, birthdate, dni, genre, name, surname, cityId) values (424, '1995-01-19', '6452141597', 0, 'Bartholemy', 'Leeming', 48);
insert into Student (id, birthdate, dni, genre, name, surname, cityId) values (425, '1978-08-18', '1674213107', 0, 'Berton', 'Ahlin', 228);
insert into Student (id, birthdate, dni, genre, name, surname, cityId) values (426, '2002-11-08', '0599177608', 0, 'Raffaello', 'Galia', 287);
insert into Student (id, birthdate, dni, genre, name, surname, cityId) values (427, '1944-05-30', '1578006678', 0, 'Athena', 'Stutt', 227);
insert into Student (id, birthdate, dni, genre, name, surname, cityId) values (428, '1993-12-08', '8637540538', 1, 'Lucie', 'Ambrogioni', 10);
insert into Student (id, birthdate, dni, genre, name, surname, cityId) values (429, '1965-09-26', '0752134116', 2, 'Berget', 'Rodrigo', 210);
insert into Student (id, birthdate, dni, genre, name, surname, cityId) values (430, '1978-02-05', '8929424058', 1, 'Hannah', 'Renak', 256);
insert into Student (id, birthdate, dni, genre, name, surname, cityId) values (431, '1984-08-17', '0890605769', 1, 'Pacorro', 'Jonin', 130);
insert into Student (id, birthdate, dni, genre, name, surname, cityId) values (432, '1985-04-17', '4348991359', 2, 'Evy', 'Campe', 240);
insert into Student (id, birthdate, dni, genre, name, surname, cityId) values (433, '2019-10-26', '4225940411', 2, 'Rossie', 'Ride', 155);
insert into Student (id, birthdate, dni, genre, name, surname, cityId) values (434, '2014-10-14', '8401708966', 2, 'Urbano', 'Janew', 249);
insert into Student (id, birthdate, dni, genre, name, surname, cityId) values (435, '2009-07-07', '2322216151', 2, 'Nixie', 'Grisbrook', 255);
insert into Student (id, birthdate, dni, genre, name, surname, cityId) values (436, '1934-11-07', '6729090154', 0, 'Michele', 'Bilovsky', 139);
insert into Student (id, birthdate, dni, genre, name, surname, cityId) values (437, '1998-01-15', '7464498062', 0, 'Alyson', 'Szachniewicz', 88);
insert into Student (id, birthdate, dni, genre, name, surname, cityId) values (438, '2011-06-24', '1955463999', 0, 'Ula', 'Flooks', 233);
insert into Student (id, birthdate, dni, genre, name, surname, cityId) values (439, '1952-09-23', '9236756174', 0, 'Margarete', 'Klesl', 99);
insert into Student (id, birthdate, dni, genre, name, surname, cityId) values (440, '2007-08-28', '9196668768', 1, 'Brandtr', 'Treagust', 238);
insert into Student (id, birthdate, dni, genre, name, surname, cityId) values (441, '2007-07-13', '2376610036', 2, 'Lorrie', 'Gingles', 157);
insert into Student (id, birthdate, dni, genre, name, surname, cityId) values (442, '1964-07-16', '2810548412', 1, 'Gertrude', 'Fortie', 270);
insert into Student (id, birthdate, dni, genre, name, surname, cityId) values (443, '1956-12-21', '4005905293', 1, 'Rosalyn', 'O'' Dornan', 268);
insert into Student (id, birthdate, dni, genre, name, surname, cityId) values (444, '2003-06-17', '9707584203', 2, 'Adele', 'Castanos', 164);
insert into Student (id, birthdate, dni, genre, name, surname, cityId) values (445, '2017-10-15', '0395114470', 2, 'Gui', 'McGahern', 79);
insert into Student (id, birthdate, dni, genre, name, surname, cityId) values (446, '1969-06-25', '4210954314', 0, 'Maxi', 'Lilleman', 235);
insert into Student (id, birthdate, dni, genre, name, surname, cityId) values (447, '2005-04-18', '9579604053', 1, 'Filbert', 'Forkan', 154);
insert into Student (id, birthdate, dni, genre, name, surname, cityId) values (448, '1942-02-06', '6653325458', 2, 'Bernete', 'Karlsen', 298);
insert into Student (id, birthdate, dni, genre, name, surname, cityId) values (449, '1987-01-07', '9359576816', 2, 'Emmalee', 'Kitcherside', 141);
insert into Student (id, birthdate, dni, genre, name, surname, cityId) values (450, '1984-06-07', '2226599959', 0, 'Garold', 'Domney', 265);
insert into Student (id, birthdate, dni, genre, name, surname, cityId) values (451, '1963-08-02', '2917992603', 1, 'Payton', 'Caveau', 62);
insert into Student (id, birthdate, dni, genre, name, surname, cityId) values (452, '2016-04-20', '1977913091', 1, 'Alejandra', 'Lavallin', 134);
insert into Student (id, birthdate, dni, genre, name, surname, cityId) values (453, '2003-09-22', '8926695921', 0, 'Joby', 'Skeggs', 3);
insert into Student (id, birthdate, dni, genre, name, surname, cityId) values (454, '2013-09-30', '0278516505', 0, 'Frederigo', 'Bastone', 52);
insert into Student (id, birthdate, dni, genre, name, surname, cityId) values (455, '2010-11-15', '7371910079', 0, 'Milka', 'O''Breen', 246);
insert into Student (id, birthdate, dni, genre, name, surname, cityId) values (456, '1936-06-26', '8290403690', 1, 'Mahala', 'Kilner', 59);
insert into Student (id, birthdate, dni, genre, name, surname, cityId) values (457, '1995-12-04', '9324168584', 0, 'Laird', 'Stampfer', 279);
insert into Student (id, birthdate, dni, genre, name, surname, cityId) values (458, '2006-09-22', '0190149698', 1, 'Aubine', 'Pidcock', 69);
insert into Student (id, birthdate, dni, genre, name, surname, cityId) values (459, '1970-12-06', '5985547590', 2, 'Barnie', 'Hurcombe', 53);
insert into Student (id, birthdate, dni, genre, name, surname, cityId) values (460, '2013-08-29', '9273778658', 0, 'Vince', 'Charker', 7);
insert into Student (id, birthdate, dni, genre, name, surname, cityId) values (461, '1998-11-06', '4978254981', 0, 'Neysa', 'Vokes', 217);
insert into Student (id, birthdate, dni, genre, name, surname, cityId) values (462, '1980-03-05', '5384243295', 2, 'Aila', 'Foxhall', 121);
insert into Student (id, birthdate, dni, genre, name, surname, cityId) values (463, '1984-01-26', '4781978886', 0, 'Thornie', 'Blackman', 238);
insert into Student (id, birthdate, dni, genre, name, surname, cityId) values (464, '1961-07-20', '6475043710', 1, 'Shelton', 'Reggler', 250);
insert into Student (id, birthdate, dni, genre, name, surname, cityId) values (465, '1936-12-28', '4828919589', 1, 'Lynnette', 'Werny', 274);
insert into Student (id, birthdate, dni, genre, name, surname, cityId) values (466, '1941-08-29', '3206007291', 0, 'Fernande', 'Iddon', 243);
insert into Student (id, birthdate, dni, genre, name, surname, cityId) values (467, '1962-11-17', '9477098779', 2, 'Eddy', 'Middleditch', 153);
insert into Student (id, birthdate, dni, genre, name, surname, cityId) values (468, '1931-11-29', '9936859847', 1, 'Genny', 'Sanchis', 122);
insert into Student (id, birthdate, dni, genre, name, surname, cityId) values (469, '1989-08-01', '3649173662', 2, 'Katrina', 'Townsend', 128);
insert into Student (id, birthdate, dni, genre, name, surname, cityId) values (470, '1999-08-09', '5448591590', 0, 'Reynard', 'Azam', 299);
insert into Student (id, birthdate, dni, genre, name, surname, cityId) values (471, '1971-10-28', '1900728575', 2, 'Bethany', 'Cauldwell', 65);
insert into Student (id, birthdate, dni, genre, name, surname, cityId) values (472, '2005-04-09', '3339160597', 2, 'Falito', 'Olyet', 87);
insert into Student (id, birthdate, dni, genre, name, surname, cityId) values (473, '1998-04-27', '0502062940', 2, 'Cary', 'Heaseman', 55);
insert into Student (id, birthdate, dni, genre, name, surname, cityId) values (474, '1942-04-08', '1005999325', 1, 'Ave', 'Danilishin', 82);
insert into Student (id, birthdate, dni, genre, name, surname, cityId) values (475, '1961-09-27', '0784635196', 1, 'Correy', 'Krier', 89);
insert into Student (id, birthdate, dni, genre, name, surname, cityId) values (476, '1974-08-21', '8680411035', 1, 'Boy', 'Defond', 298);
insert into Student (id, birthdate, dni, genre, name, surname, cityId) values (477, '1935-01-08', '4873937213', 0, 'Kalli', 'Ivers', 135);
insert into Student (id, birthdate, dni, genre, name, surname, cityId) values (478, '1937-03-11', '1557798613', 1, 'Teriann', 'Farrin', 31);
insert into Student (id, birthdate, dni, genre, name, surname, cityId) values (479, '1979-08-15', '8496486869', 0, 'Margaret', 'Hands', 58);
insert into Student (id, birthdate, dni, genre, name, surname, cityId) values (480, '1970-08-29', '1117402010', 0, 'Desmund', 'Gosse', 177);
insert into Student (id, birthdate, dni, genre, name, surname, cityId) values (481, '2013-11-13', '8011849581', 1, 'Elmer', 'Muress', 239);
insert into Student (id, birthdate, dni, genre, name, surname, cityId) values (482, '1980-03-05', '9225663439', 0, 'Laurene', 'Prin', 46);
insert into Student (id, birthdate, dni, genre, name, surname, cityId) values (483, '1973-07-12', '4154385372', 1, 'Warden', 'Roggieri', 212);
insert into Student (id, birthdate, dni, genre, name, surname, cityId) values (484, '1955-06-05', '9386974142', 1, 'Rowan', 'Greggersen', 154);
insert into Student (id, birthdate, dni, genre, name, surname, cityId) values (485, '1932-03-15', '5481340909', 0, 'Avril', 'Baddam', 67);
insert into Student (id, birthdate, dni, genre, name, surname, cityId) values (486, '1979-02-04', '1146103808', 2, 'Clarey', 'Andrzejewski', 191);
insert into Student (id, birthdate, dni, genre, name, surname, cityId) values (487, '2006-07-19', '5432615533', 1, 'Analise', 'Blaney', 159);
insert into Student (id, birthdate, dni, genre, name, surname, cityId) values (488, '1964-07-08', '2342077785', 1, 'Faina', 'Challenor', 119);
insert into Student (id, birthdate, dni, genre, name, surname, cityId) values (489, '2002-07-01', '9805723992', 1, 'Rosanne', 'Ivakin', 174);
insert into Student (id, birthdate, dni, genre, name, surname, cityId) values (490, '1943-01-25', '2071505786', 2, 'Morie', 'Brandolini', 27);
insert into Student (id, birthdate, dni, genre, name, surname, cityId) values (491, '1965-06-03', '7443937865', 1, 'Meredeth', 'Donoghue', 43);
insert into Student (id, birthdate, dni, genre, name, surname, cityId) values (492, '1987-07-11', '6901506678', 1, 'Flss', 'Torresi', 199);
insert into Student (id, birthdate, dni, genre, name, surname, cityId) values (493, '1966-09-05', '0626214335', 1, 'Jerrie', 'O'' Hogan', 133);
insert into Student (id, birthdate, dni, genre, name, surname, cityId) values (494, '1936-05-17', '3439770087', 1, 'Martyn', 'Shimmin', 224);
insert into Student (id, birthdate, dni, genre, name, surname, cityId) values (495, '2017-05-09', '1894128656', 1, 'Ely', 'Skinner', 9);
insert into Student (id, birthdate, dni, genre, name, surname, cityId) values (496, '1979-09-07', '9629578859', 0, 'Ardelle', 'Khristyukhin', 26);
insert into Student (id, birthdate, dni, genre, name, surname, cityId) values (497, '1940-11-02', '4906039243', 0, 'Karine', 'Mott', 41);
insert into Student (id, birthdate, dni, genre, name, surname, cityId) values (498, '1949-03-19', '4200890798', 2, 'Aime', 'Hullett', 118);
insert into Student (id, birthdate, dni, genre, name, surname, cityId) values (499, '1987-12-09', '4045847669', 2, 'Marven', 'Rabier', 237);
insert into Student (id, birthdate, dni, genre, name, surname, cityId) values (500, '1938-11-22', '4496938189', 2, 'Welch', 'D''Orsay', 69);
insert into Student (id, birthdate, dni, genre, name, surname, cityId) values (501, '2016-09-28', '7345428443', 0, 'Deana', 'Pattie', 226);
insert into Student (id, birthdate, dni, genre, name, surname, cityId) values (502, '1930-05-31', '4412119327', 1, 'Laurent', 'Kramer', 180);
insert into Student (id, birthdate, dni, genre, name, surname, cityId) values (503, '1998-12-16', '2590468008', 2, 'Lammond', 'Fittes', 61);
insert into Student (id, birthdate, dni, genre, name, surname, cityId) values (504, '1981-10-21', '1560003197', 2, 'Desdemona', 'Royden', 110);
insert into Student (id, birthdate, dni, genre, name, surname, cityId) values (505, '2006-12-01', '7412633309', 1, 'Melinde', 'McGinly', 267);
insert into Student (id, birthdate, dni, genre, name, surname, cityId) values (506, '2008-05-15', '6012177860', 1, 'Lurleen', 'Jecock', 65);
insert into Student (id, birthdate, dni, genre, name, surname, cityId) values (507, '1995-12-05', '3174121868', 2, 'Barbee', 'Smalman', 216);
insert into Student (id, birthdate, dni, genre, name, surname, cityId) values (508, '1988-05-09', '9765720912', 1, 'Gabbie', 'Goakes', 173);
insert into Student (id, birthdate, dni, genre, name, surname, cityId) values (509, '1957-10-04', '7799115009', 0, 'Mile', 'Bartoszewicz', 36);
insert into Student (id, birthdate, dni, genre, name, surname, cityId) values (510, '1948-11-27', '0855135735', 1, 'Yvon', 'Hurley', 72);
insert into Student (id, birthdate, dni, genre, name, surname, cityId) values (511, '1975-07-02', '6014205993', 2, 'Jaime', 'Dondon', 91);
insert into Student (id, birthdate, dni, genre, name, surname, cityId) values (512, '1961-06-13', '9464206721', 0, 'Prescott', 'Gonthard', 4);
insert into Student (id, birthdate, dni, genre, name, surname, cityId) values (513, '2009-12-07', '5518968493', 2, 'Twyla', 'Pudge', 159);
insert into Student (id, birthdate, dni, genre, name, surname, cityId) values (514, '2011-11-05', '7330943835', 0, 'Fawnia', 'Birkinshaw', 279);
insert into Student (id, birthdate, dni, genre, name, surname, cityId) values (515, '1953-12-04', '4695089874', 0, 'Kelli', 'Dishman', 48);
insert into Student (id, birthdate, dni, genre, name, surname, cityId) values (516, '1941-11-17', '8027410746', 0, 'Gustavus', 'Jeenes', 104);
insert into Student (id, birthdate, dni, genre, name, surname, cityId) values (517, '1983-10-03', '5633670272', 1, 'Violette', 'Presho', 119);
insert into Student (id, birthdate, dni, genre, name, surname, cityId) values (518, '1971-06-02', '2474942564', 0, 'Ferne', 'Ternent', 119);
insert into Student (id, birthdate, dni, genre, name, surname, cityId) values (519, '1953-05-11', '7001250309', 1, 'Karlan', 'McKibben', 194);
insert into Student (id, birthdate, dni, genre, name, surname, cityId) values (520, '1993-07-03', '3662318555', 2, 'Lynnette', 'Montes', 285);
insert into Student (id, birthdate, dni, genre, name, surname, cityId) values (521, '1994-01-28', '7594833368', 2, 'Jennine', 'Wetherby', 128);
insert into Student (id, birthdate, dni, genre, name, surname, cityId) values (522, '1943-03-30', '6058420245', 1, 'Romain', 'Archambault', 268);
insert into Student (id, birthdate, dni, genre, name, surname, cityId) values (523, '2003-07-06', '0919018246', 0, 'Raff', 'MacPhail', 209);
insert into Student (id, birthdate, dni, genre, name, surname, cityId) values (524, '1986-01-12', '9234256441', 1, 'Tonia', 'Labden', 88);
insert into Student (id, birthdate, dni, genre, name, surname, cityId) values (525, '1954-05-02', '4582485669', 1, 'Ediva', 'Dreini', 280);
insert into Student (id, birthdate, dni, genre, name, surname, cityId) values (526, '2004-03-12', '0583607934', 1, 'Selby', 'Fieldsend', 195);
insert into Student (id, birthdate, dni, genre, name, surname, cityId) values (527, '1967-12-29', '2519993944', 0, 'Dorian', 'McIlwraith', 178);
insert into Student (id, birthdate, dni, genre, name, surname, cityId) values (528, '1946-07-05', '0161987788', 0, 'Clayborne', 'Falk', 53);
insert into Student (id, birthdate, dni, genre, name, surname, cityId) values (529, '1997-07-10', '9963078044', 0, 'Stillman', 'Chastaing', 15);
insert into Student (id, birthdate, dni, genre, name, surname, cityId) values (530, '1999-08-07', '9505670931', 0, 'Julius', 'Rowes', 298);
insert into Student (id, birthdate, dni, genre, name, surname, cityId) values (531, '1967-08-28', '9916621640', 0, 'Rosemonde', 'Boscott', 299);
insert into Student (id, birthdate, dni, genre, name, surname, cityId) values (532, '1973-09-17', '7892912428', 1, 'Deana', 'Bartke', 281);
insert into Student (id, birthdate, dni, genre, name, surname, cityId) values (533, '1938-12-04', '6027517921', 0, 'Kati', 'Hugonneau', 153);
insert into Student (id, birthdate, dni, genre, name, surname, cityId) values (534, '2005-02-07', '0218653824', 2, 'Herminia', 'Lasslett', 81);
insert into Student (id, birthdate, dni, genre, name, surname, cityId) values (535, '1976-04-29', '9050197590', 0, 'Rasia', 'Trymme', 17);
insert into Student (id, birthdate, dni, genre, name, surname, cityId) values (536, '1987-06-15', '8615018480', 1, 'Shaun', 'Svanetti', 144);
insert into Student (id, birthdate, dni, genre, name, surname, cityId) values (537, '1936-06-13', '3335862732', 0, 'Suzette', 'Rumney', 155);
insert into Student (id, birthdate, dni, genre, name, surname, cityId) values (538, '1951-07-16', '5307579357', 1, 'Nicolina', 'Tunbridge', 5);
insert into Student (id, birthdate, dni, genre, name, surname, cityId) values (539, '1958-06-27', '8476931271', 0, 'Aundrea', 'Cordey', 192);
insert into Student (id, birthdate, dni, genre, name, surname, cityId) values (540, '2001-12-31', '1959548603', 1, 'Gray', 'Yetman', 239);
insert into Student (id, birthdate, dni, genre, name, surname, cityId) values (541, '1982-11-15', '7905257320', 0, 'Jonie', 'Tagg', 293);
insert into Student (id, birthdate, dni, genre, name, surname, cityId) values (542, '1947-11-14', '2143394993', 0, 'Eulalie', 'Mueller', 129);
insert into Student (id, birthdate, dni, genre, name, surname, cityId) values (543, '1992-09-18', '9281917971', 2, 'Marrissa', 'Farrell', 276);
insert into Student (id, birthdate, dni, genre, name, surname, cityId) values (544, '1939-11-25', '5101846597', 1, 'Leicester', 'Grimshaw', 169);
insert into Student (id, birthdate, dni, genre, name, surname, cityId) values (545, '1991-03-23', '3494833583', 2, 'Zerk', 'Brame', 125);
insert into Student (id, birthdate, dni, genre, name, surname, cityId) values (546, '2002-01-19', '2333962984', 0, 'Abraham', 'Mariet', 188);
insert into Student (id, birthdate, dni, genre, name, surname, cityId) values (547, '1934-09-09', '1386543586', 1, 'Ericha', 'Blazey', 136);
insert into Student (id, birthdate, dni, genre, name, surname, cityId) values (548, '1950-03-23', '9735600633', 0, 'Talya', 'Korneichik', 139);
insert into Student (id, birthdate, dni, genre, name, surname, cityId) values (549, '1969-05-11', '3177317089', 2, 'Shellysheldon', 'Marson', 28);
insert into Student (id, birthdate, dni, genre, name, surname, cityId) values (550, '1981-06-15', '4020862699', 0, 'Wanids', 'Early', 157);
insert into Student (id, birthdate, dni, genre, name, surname, cityId) values (551, '2017-12-21', '8989361303', 1, 'Simone', 'Cockshutt', 269);
insert into Student (id, birthdate, dni, genre, name, surname, cityId) values (552, '2009-03-25', '5519542570', 1, 'Lolita', 'McAuley', 62);
insert into Student (id, birthdate, dni, genre, name, surname, cityId) values (553, '2011-03-10', '2025295308', 0, 'Julee', 'Earpe', 26);
insert into Student (id, birthdate, dni, genre, name, surname, cityId) values (554, '1930-10-29', '9302415031', 1, 'Rolfe', 'Wilsone', 280);
insert into Student (id, birthdate, dni, genre, name, surname, cityId) values (555, '1974-05-15', '1199146285', 1, 'Joey', 'Bjorkan', 250);
insert into Student (id, birthdate, dni, genre, name, surname, cityId) values (556, '1961-05-28', '3954980509', 0, 'Neville', 'O''Keaveny', 179);
insert into Student (id, birthdate, dni, genre, name, surname, cityId) values (557, '1975-07-01', '0462105997', 0, 'Barris', 'Bernholt', 264);
insert into Student (id, birthdate, dni, genre, name, surname, cityId) values (558, '1940-04-11', '3435122870', 2, 'Romeo', 'Polhill', 282);
insert into Student (id, birthdate, dni, genre, name, surname, cityId) values (559, '1997-02-09', '6634949239', 2, 'Emogene', 'Laroux', 219);
insert into Student (id, birthdate, dni, genre, name, surname, cityId) values (560, '2019-05-28', '1692369830', 0, 'Daryle', 'Lobe', 299);
insert into Student (id, birthdate, dni, genre, name, surname, cityId) values (561, '2006-07-28', '3936908478', 2, 'Querida', 'Dawnay', 96);
insert into Student (id, birthdate, dni, genre, name, surname, cityId) values (562, '1957-08-07', '2483711332', 0, 'Sheri', 'Bridge', 167);
insert into Student (id, birthdate, dni, genre, name, surname, cityId) values (563, '1944-03-24', '6194161183', 2, 'Heinrick', 'Patriskson', 133);
insert into Student (id, birthdate, dni, genre, name, surname, cityId) values (564, '1955-05-05', '9493400085', 1, 'Michal', 'Arent', 3);
insert into Student (id, birthdate, dni, genre, name, surname, cityId) values (565, '2012-11-15', '5608573889', 1, 'Evin', 'Gershom', 214);
insert into Student (id, birthdate, dni, genre, name, surname, cityId) values (566, '1948-11-20', '3106885637', 2, 'Wald', 'Hallbird', 250);
insert into Student (id, birthdate, dni, genre, name, surname, cityId) values (567, '2009-09-04', '0346581354', 1, 'Odella', 'Sahlstrom', 65);
insert into Student (id, birthdate, dni, genre, name, surname, cityId) values (568, '2012-06-21', '9724153061', 0, 'Gian', 'Crafts', 214);
insert into Student (id, birthdate, dni, genre, name, surname, cityId) values (569, '1973-08-29', '1125183195', 0, 'Boyce', 'Jenny', 243);
insert into Student (id, birthdate, dni, genre, name, surname, cityId) values (570, '1983-07-18', '9932979538', 1, 'Artair', 'Ingledew', 77);
insert into Student (id, birthdate, dni, genre, name, surname, cityId) values (571, '1964-10-08', '6713843778', 0, 'Vale', 'O''Neill', 109);
insert into Student (id, birthdate, dni, genre, name, surname, cityId) values (572, '2007-12-31', '5192371562', 0, 'Melodie', 'Vyvyan', 123);
insert into Student (id, birthdate, dni, genre, name, surname, cityId) values (573, '1967-07-14', '7294285594', 2, 'Berkie', 'Hentzer', 110);
insert into Student (id, birthdate, dni, genre, name, surname, cityId) values (574, '1996-12-23', '2876001063', 1, 'Brade', 'Ringham', 222);
insert into Student (id, birthdate, dni, genre, name, surname, cityId) values (575, '1940-10-18', '9454695436', 1, 'Georgi', 'Pellamont', 264);
insert into Student (id, birthdate, dni, genre, name, surname, cityId) values (576, '1981-01-08', '0993240488', 2, 'Darya', 'Lassetter', 30);
insert into Student (id, birthdate, dni, genre, name, surname, cityId) values (577, '1941-04-24', '3727308834', 0, 'Lara', 'Pleaden', 103);
insert into Student (id, birthdate, dni, genre, name, surname, cityId) values (578, '2004-11-26', '7627932122', 2, 'Balduin', 'L''Hommee', 165);
insert into Student (id, birthdate, dni, genre, name, surname, cityId) values (579, '1979-09-05', '6585663632', 1, 'Shirl', 'Fee', 78);
insert into Student (id, birthdate, dni, genre, name, surname, cityId) values (580, '1998-08-05', '0562663223', 0, 'Tarrah', 'Ashness', 46);
insert into Student (id, birthdate, dni, genre, name, surname, cityId) values (581, '2008-06-03', '5521725768', 2, 'Ebba', 'Sell', 58);
insert into Student (id, birthdate, dni, genre, name, surname, cityId) values (582, '1950-03-19', '0262892405', 0, 'Celestia', 'Jess', 100);
insert into Student (id, birthdate, dni, genre, name, surname, cityId) values (583, '1950-11-09', '9155259189', 2, 'Monty', 'McKnish', 1);
insert into Student (id, birthdate, dni, genre, name, surname, cityId) values (584, '1978-09-03', '9051550820', 1, 'Diarmid', 'Askam', 234);
insert into Student (id, birthdate, dni, genre, name, surname, cityId) values (585, '1957-12-25', '5130076117', 2, 'Katleen', 'Frankcomb', 26);
insert into Student (id, birthdate, dni, genre, name, surname, cityId) values (586, '2011-05-21', '8897978363', 2, 'Tannie', 'Downie', 230);
insert into Student (id, birthdate, dni, genre, name, surname, cityId) values (587, '1931-08-19', '9587662490', 1, 'Verna', 'Witten', 210);
insert into Student (id, birthdate, dni, genre, name, surname, cityId) values (588, '1976-08-31', '0912378131', 1, 'Lorry', 'Kibbye', 28);
insert into Student (id, birthdate, dni, genre, name, surname, cityId) values (589, '2015-05-06', '4824233828', 0, 'Flore', 'Baldock', 83);
insert into Student (id, birthdate, dni, genre, name, surname, cityId) values (590, '2010-04-12', '7202427583', 0, 'Leola', 'Willerson', 112);
insert into Student (id, birthdate, dni, genre, name, surname, cityId) values (591, '1946-03-08', '9547911333', 1, 'Michaelina', 'MacKenzie', 162);
insert into Student (id, birthdate, dni, genre, name, surname, cityId) values (592, '1934-07-25', '5971366009', 0, 'Pinchas', 'Easey', 150);
insert into Student (id, birthdate, dni, genre, name, surname, cityId) values (593, '2004-12-16', '4919351577', 2, 'Clark', 'Gillott', 240);
insert into Student (id, birthdate, dni, genre, name, surname, cityId) values (594, '1936-06-17', '8570885490', 0, 'Kirbee', 'Sainter', 186);
insert into Student (id, birthdate, dni, genre, name, surname, cityId) values (595, '1975-07-06', '0486753743', 0, 'Rosaline', 'Salack', 247);
insert into Student (id, birthdate, dni, genre, name, surname, cityId) values (596, '1940-09-27', '1799598918', 0, 'Pat', 'Haddon', 231);
insert into Student (id, birthdate, dni, genre, name, surname, cityId) values (597, '1987-10-17', '0741748800', 1, 'Franklin', 'Hubbuck', 165);
insert into Student (id, birthdate, dni, genre, name, surname, cityId) values (598, '1982-07-12', '8421742892', 0, 'Nichols', 'Sharrem', 144);
insert into Student (id, birthdate, dni, genre, name, surname, cityId) values (599, '1949-03-28', '6568401331', 0, 'Mandi', 'Lapree', 58);
insert into Student (id, birthdate, dni, genre, name, surname, cityId) values (600, '2001-04-10', '3294300166', 1, 'Sukey', 'Counter', 6);
insert into Student (id, birthdate, dni, genre, name, surname, cityId) values (601, '2006-08-30', '4960213396', 2, 'Lila', 'Tomanek', 225);
insert into Student (id, birthdate, dni, genre, name, surname, cityId) values (602, '1949-03-21', '4291414919', 1, 'Trixie', 'Skeermor', 154);
insert into Student (id, birthdate, dni, genre, name, surname, cityId) values (603, '1994-12-02', '9794276391', 1, 'Windham', 'Hoyle', 155);
insert into Student (id, birthdate, dni, genre, name, surname, cityId) values (604, '1942-01-14', '5813401741', 2, 'Roslyn', 'Thames', 109);
insert into Student (id, birthdate, dni, genre, name, surname, cityId) values (605, '1952-11-21', '2245139844', 0, 'Gladi', 'Upston', 187);
insert into Student (id, birthdate, dni, genre, name, surname, cityId) values (606, '1953-01-14', '9016397566', 1, 'Florina', 'Corke', 102);
insert into Student (id, birthdate, dni, genre, name, surname, cityId) values (607, '1969-11-28', '3977399241', 2, 'Grissel', 'Redit', 60);
insert into Student (id, birthdate, dni, genre, name, surname, cityId) values (608, '1992-08-10', '4222508209', 2, 'Frazier', 'Huckfield', 70);
insert into Student (id, birthdate, dni, genre, name, surname, cityId) values (609, '1970-09-25', '1366282779', 0, 'Wallace', 'Andraud', 264);
insert into Student (id, birthdate, dni, genre, name, surname, cityId) values (610, '1985-05-15', '7867734015', 2, 'Rachele', 'Dooher', 151);
insert into Student (id, birthdate, dni, genre, name, surname, cityId) values (611, '1979-04-11', '4576041339', 1, 'Karl', 'Eckersall', 45);
insert into Student (id, birthdate, dni, genre, name, surname, cityId) values (612, '1995-11-03', '6979247131', 2, 'Bliss', 'Finnis', 247);
insert into Student (id, birthdate, dni, genre, name, surname, cityId) values (613, '1962-12-28', '0457779608', 2, 'Jaymie', 'Sanchiz', 149);
insert into Student (id, birthdate, dni, genre, name, surname, cityId) values (614, '2017-05-27', '3936188378', 0, 'Kevina', 'Surr', 103);
insert into Student (id, birthdate, dni, genre, name, surname, cityId) values (615, '1930-05-26', '1971836133', 0, 'Melessa', 'Furber', 198);
insert into Student (id, birthdate, dni, genre, name, surname, cityId) values (616, '1933-07-07', '6429750469', 2, 'Ruby', 'Weymont', 202);
insert into Student (id, birthdate, dni, genre, name, surname, cityId) values (617, '1934-09-27', '2309302783', 1, 'Dukey', 'Arndell', 158);
insert into Student (id, birthdate, dni, genre, name, surname, cityId) values (618, '2007-11-02', '5201272096', 2, 'Rahel', 'Headings', 217);
insert into Student (id, birthdate, dni, genre, name, surname, cityId) values (619, '1982-06-12', '1946119008', 1, 'Anallise', 'Fingleton', 270);
insert into Student (id, birthdate, dni, genre, name, surname, cityId) values (620, '1955-06-26', '8533982070', 2, 'Malanie', 'Martusewicz', 291);
insert into Student (id, birthdate, dni, genre, name, surname, cityId) values (621, '1952-03-23', '7644664246', 0, 'Andy', 'Son', 295);
insert into Student (id, birthdate, dni, genre, name, surname, cityId) values (622, '2011-08-07', '4527356720', 2, 'Dru', 'Braker', 237);
insert into Student (id, birthdate, dni, genre, name, surname, cityId) values (623, '1995-02-21', '5592773390', 0, 'Lindsy', 'Agnolo', 201);
insert into Student (id, birthdate, dni, genre, name, surname, cityId) values (624, '1969-03-03', '5994782955', 1, 'Jess', 'Doog', 79);
insert into Student (id, birthdate, dni, genre, name, surname, cityId) values (625, '2019-03-01', '7262438263', 1, 'Aggi', 'Kramer', 59);
insert into Student (id, birthdate, dni, genre, name, surname, cityId) values (626, '1933-04-17', '5126362755', 1, 'Ophelie', 'Robens', 125);
insert into Student (id, birthdate, dni, genre, name, surname, cityId) values (627, '1986-12-26', '2806260876', 0, 'Wandie', 'Adrienne', 224);
insert into Student (id, birthdate, dni, genre, name, surname, cityId) values (628, '1955-07-14', '6166538553', 0, 'Jonathon', 'Sadat', 105);
insert into Student (id, birthdate, dni, genre, name, surname, cityId) values (629, '1953-01-09', '5267657247', 0, 'Kylie', 'Zuanazzi', 252);
insert into Student (id, birthdate, dni, genre, name, surname, cityId) values (630, '1946-10-20', '2038876150', 1, 'Krystal', 'Colisbe', 272);
insert into Student (id, birthdate, dni, genre, name, surname, cityId) values (631, '1957-02-09', '0357359275', 1, 'Inna', 'Sute', 118);
insert into Student (id, birthdate, dni, genre, name, surname, cityId) values (632, '1946-09-25', '4966032873', 2, 'Adelbert', 'Sword', 94);
insert into Student (id, birthdate, dni, genre, name, surname, cityId) values (633, '1992-06-11', '8671239527', 1, 'Fawne', 'De Angelo', 69);
insert into Student (id, birthdate, dni, genre, name, surname, cityId) values (634, '1978-06-12', '3998801677', 2, 'Vanda', 'Jessup', 120);
insert into Student (id, birthdate, dni, genre, name, surname, cityId) values (635, '1967-12-04', '0652419232', 2, 'Jacquelyn', 'Mackieson', 268);
insert into Student (id, birthdate, dni, genre, name, surname, cityId) values (636, '1985-06-20', '9775966086', 0, 'Gabey', 'Alvy', 242);
insert into Student (id, birthdate, dni, genre, name, surname, cityId) values (637, '1956-04-30', '7579540193', 2, 'Dal', 'Middup', 144);
insert into Student (id, birthdate, dni, genre, name, surname, cityId) values (638, '1974-10-01', '6624980001', 0, 'Hube', 'Bosworth', 234);
insert into Student (id, birthdate, dni, genre, name, surname, cityId) values (639, '1943-02-20', '7880011617', 2, 'Terrie', 'Rundle', 28);
insert into Student (id, birthdate, dni, genre, name, surname, cityId) values (640, '1951-12-01', '2055847465', 2, 'Paxon', 'Hazeldean', 67);
insert into Student (id, birthdate, dni, genre, name, surname, cityId) values (641, '1984-07-25', '2174168758', 0, 'Marnia', 'Jagiela', 41);
insert into Student (id, birthdate, dni, genre, name, surname, cityId) values (642, '1945-03-06', '4250037436', 1, 'Emmott', 'Camm', 63);
insert into Student (id, birthdate, dni, genre, name, surname, cityId) values (643, '1990-06-24', '1830272063', 1, 'Caril', 'Love', 25);
insert into Student (id, birthdate, dni, genre, name, surname, cityId) values (644, '1972-12-19', '5535622605', 1, 'Andria', 'Hamlyn', 223);
insert into Student (id, birthdate, dni, genre, name, surname, cityId) values (645, '2009-01-14', '9583767336', 0, 'Nertie', 'McLanachan', 81);
insert into Student (id, birthdate, dni, genre, name, surname, cityId) values (646, '2018-03-22', '5124822694', 1, 'Ahmad', 'Jacquemy', 97);
insert into Student (id, birthdate, dni, genre, name, surname, cityId) values (647, '1943-05-04', '4118370549', 0, 'Crichton', 'Seiller', 122);
insert into Student (id, birthdate, dni, genre, name, surname, cityId) values (648, '1974-12-27', '3512488757', 1, 'Clevie', 'Pargent', 29);
insert into Student (id, birthdate, dni, genre, name, surname, cityId) values (649, '1955-12-24', '3438560747', 1, 'Hedi', 'Caven', 65);
insert into Student (id, birthdate, dni, genre, name, surname, cityId) values (650, '1931-05-06', '4498412257', 2, 'Jarib', 'Caldairou', 97);
insert into Student (id, birthdate, dni, genre, name, surname, cityId) values (651, '2002-02-28', '3642444547', 1, 'Page', 'Zecchetti', 93);
insert into Student (id, birthdate, dni, genre, name, surname, cityId) values (652, '1951-07-02', '2335681877', 0, 'Jonell', 'Oneill', 72);
insert into Student (id, birthdate, dni, genre, name, surname, cityId) values (653, '1933-05-07', '5010116537', 0, 'Val', 'Dallman', 135);
insert into Student (id, birthdate, dni, genre, name, surname, cityId) values (654, '1953-06-20', '6914026750', 2, 'Darin', 'Wilcott', 13);
insert into Student (id, birthdate, dni, genre, name, surname, cityId) values (655, '1978-04-29', '3642134807', 0, 'Merrielle', 'Theobalds', 148);
insert into Student (id, birthdate, dni, genre, name, surname, cityId) values (656, '1977-09-22', '4512802908', 1, 'Roy', 'Lough', 206);
insert into Student (id, birthdate, dni, genre, name, surname, cityId) values (657, '2003-05-10', '6166808003', 0, 'Tiffani', 'Ickowics', 62);
insert into Student (id, birthdate, dni, genre, name, surname, cityId) values (658, '2002-04-20', '3941667122', 1, 'Tarrah', 'Machan', 240);
insert into Student (id, birthdate, dni, genre, name, surname, cityId) values (659, '1964-12-04', '6596039064', 0, 'Sunny', 'Kingsnod', 277);
insert into Student (id, birthdate, dni, genre, name, surname, cityId) values (660, '1980-10-07', '7235114347', 1, 'Gena', 'Box', 118);
insert into Student (id, birthdate, dni, genre, name, surname, cityId) values (661, '1954-06-09', '0132380609', 1, 'Claudetta', 'Vaun', 61);
insert into Student (id, birthdate, dni, genre, name, surname, cityId) values (662, '1931-08-02', '0692646353', 1, 'Larine', 'Trosdall', 186);
insert into Student (id, birthdate, dni, genre, name, surname, cityId) values (663, '1981-01-12', '9886083654', 0, 'Eadie', 'Wroe', 158);
insert into Student (id, birthdate, dni, genre, name, surname, cityId) values (664, '1968-09-04', '8908879293', 0, 'Augustina', 'Dever', 30);
insert into Student (id, birthdate, dni, genre, name, surname, cityId) values (665, '1966-07-30', '2914172281', 1, 'Ed', 'Gant', 291);
insert into Student (id, birthdate, dni, genre, name, surname, cityId) values (666, '2006-07-14', '9816908131', 2, 'Levon', 'Alman', 34);
insert into Student (id, birthdate, dni, genre, name, surname, cityId) values (667, '1943-06-26', '5303035395', 2, 'Sidney', 'Korn', 185);
insert into Student (id, birthdate, dni, genre, name, surname, cityId) values (668, '1951-08-29', '8085882620', 1, 'Chelsey', 'McGeorge', 103);
insert into Student (id, birthdate, dni, genre, name, surname, cityId) values (669, '1932-04-21', '2258025281', 1, 'Ame', 'Laxen', 234);
insert into Student (id, birthdate, dni, genre, name, surname, cityId) values (670, '1930-09-25', '3855620369', 0, 'Alvira', 'Chillcot', 187);
insert into Student (id, birthdate, dni, genre, name, surname, cityId) values (671, '1948-06-06', '0731592271', 2, 'Sara-ann', 'Faveryear', 115);
insert into Student (id, birthdate, dni, genre, name, surname, cityId) values (672, '2017-02-13', '2942480777', 1, 'Leilah', 'Dellenbrok', 51);
insert into Student (id, birthdate, dni, genre, name, surname, cityId) values (673, '2017-05-20', '6478583104', 0, 'Friederike', 'Crady', 49);
insert into Student (id, birthdate, dni, genre, name, surname, cityId) values (674, '1976-02-01', '3720804119', 0, 'Jamison', 'Verheijden', 143);
insert into Student (id, birthdate, dni, genre, name, surname, cityId) values (675, '1998-05-31', '2825204080', 2, 'Eldon', 'Keilty', 296);
insert into Student (id, birthdate, dni, genre, name, surname, cityId) values (676, '1933-02-21', '3912235074', 0, 'Aldus', 'Thoday', 30);
insert into Student (id, birthdate, dni, genre, name, surname, cityId) values (677, '1984-11-18', '1400155266', 0, 'Logan', 'Sewall', 70);
insert into Student (id, birthdate, dni, genre, name, surname, cityId) values (678, '2015-06-06', '0956394094', 2, 'Merv', 'Readshall', 201);
insert into Student (id, birthdate, dni, genre, name, surname, cityId) values (679, '2018-10-21', '2205513907', 2, 'Joellyn', 'Bellson', 213);
insert into Student (id, birthdate, dni, genre, name, surname, cityId) values (680, '2004-02-05', '9150776193', 0, 'Fleur', 'Churchard', 166);
insert into Student (id, birthdate, dni, genre, name, surname, cityId) values (681, '1962-03-04', '1869428455', 0, 'Alberto', 'Brunning', 161);
insert into Student (id, birthdate, dni, genre, name, surname, cityId) values (682, '1952-05-26', '2202960228', 0, 'Ashla', 'Diplock', 219);
insert into Student (id, birthdate, dni, genre, name, surname, cityId) values (683, '1955-02-27', '5959515318', 1, 'Genny', 'Eastham', 106);
insert into Student (id, birthdate, dni, genre, name, surname, cityId) values (684, '1930-04-12', '0980050707', 2, 'Jessee', 'Thoresby', 2);
insert into Student (id, birthdate, dni, genre, name, surname, cityId) values (685, '1962-10-14', '4627240988', 2, 'Pren', 'Newlan', 100);
insert into Student (id, birthdate, dni, genre, name, surname, cityId) values (686, '2010-07-18', '2562951387', 2, 'Nobie', 'Elkington', 257);
insert into Student (id, birthdate, dni, genre, name, surname, cityId) values (687, '1985-01-26', '1325341223', 1, 'Thoma', 'Feighney', 35);
insert into Student (id, birthdate, dni, genre, name, surname, cityId) values (688, '2008-01-20', '9439583126', 2, 'Amabel', 'Bravey', 186);
insert into Student (id, birthdate, dni, genre, name, surname, cityId) values (689, '1945-12-27', '8994253947', 0, 'Catharina', 'Ciric', 275);
insert into Student (id, birthdate, dni, genre, name, surname, cityId) values (690, '1942-09-17', '0638251028', 1, 'Tracey', 'Ovendale', 2);
insert into Student (id, birthdate, dni, genre, name, surname, cityId) values (691, '1960-12-07', '0416528082', 0, 'Carver', 'Cruxton', 198);
insert into Student (id, birthdate, dni, genre, name, surname, cityId) values (692, '1947-03-04', '4986729071', 1, 'Devon', 'Pendleton', 38);
insert into Student (id, birthdate, dni, genre, name, surname, cityId) values (693, '1974-02-01', '3488212742', 1, 'Clare', 'Spawell', 112);
insert into Student (id, birthdate, dni, genre, name, surname, cityId) values (694, '2011-01-06', '7061996250', 0, 'Rosalynd', 'Gwyn', 85);
insert into Student (id, birthdate, dni, genre, name, surname, cityId) values (695, '1984-02-14', '2539892280', 2, 'Dewie', 'Gallemore', 88);
insert into Student (id, birthdate, dni, genre, name, surname, cityId) values (696, '1982-05-24', '2268683885', 2, 'Ursala', 'Rivers', 151);
insert into Student (id, birthdate, dni, genre, name, surname, cityId) values (697, '1990-10-14', '5506067712', 0, 'Nadine', 'Connealy', 164);
insert into Student (id, birthdate, dni, genre, name, surname, cityId) values (698, '1935-07-29', '2971588440', 1, 'Sheela', 'Swanton', 158);
insert into Student (id, birthdate, dni, genre, name, surname, cityId) values (699, '1953-06-07', '6771045978', 0, 'Hank', 'Tizzard', 45);
insert into Student (id, birthdate, dni, genre, name, surname, cityId) values (700, '1970-06-19', '2294516478', 0, 'Salvador', 'Humbell', 292);
insert into Student (id, birthdate, dni, genre, name, surname, cityId) values (701, '1942-11-14', '8736396834', 0, 'Lillian', 'Gilsthorpe', 220);
insert into Student (id, birthdate, dni, genre, name, surname, cityId) values (702, '2008-01-12', '2236806086', 0, 'Irwin', 'Daws', 67);
insert into Student (id, birthdate, dni, genre, name, surname, cityId) values (703, '1999-04-06', '7696365061', 2, 'Vicki', 'Dancey', 139);
insert into Student (id, birthdate, dni, genre, name, surname, cityId) values (704, '2019-12-26', '8863184763', 2, 'Jacintha', 'Sunock', 215);
insert into Student (id, birthdate, dni, genre, name, surname, cityId) values (705, '2018-09-11', '9492186314', 1, 'Allen', 'Werndley', 138);
insert into Student (id, birthdate, dni, genre, name, surname, cityId) values (706, '1949-04-25', '7764385700', 2, 'Rene', 'Pettigree', 133);
insert into Student (id, birthdate, dni, genre, name, surname, cityId) values (707, '1950-03-22', '8506374359', 2, 'Briano', 'Pickerin', 142);
insert into Student (id, birthdate, dni, genre, name, surname, cityId) values (708, '2018-07-09', '6477498022', 0, 'Mike', 'Oxenham', 174);
insert into Student (id, birthdate, dni, genre, name, surname, cityId) values (709, '2016-01-27', '3979740196', 1, 'Ceciley', 'Pamphilon', 173);
insert into Student (id, birthdate, dni, genre, name, surname, cityId) values (710, '2000-05-21', '0695337726', 1, 'Alfi', 'Comusso', 191);
insert into Student (id, birthdate, dni, genre, name, surname, cityId) values (711, '1973-11-14', '1283311054', 0, 'Zacherie', 'Dalglish', 72);
insert into Student (id, birthdate, dni, genre, name, surname, cityId) values (712, '1998-12-13', '1433672200', 0, 'Therese', 'Fullerd', 135);
insert into Student (id, birthdate, dni, genre, name, surname, cityId) values (713, '1986-05-04', '2556181060', 1, 'Vilma', 'Grennan', 16);
insert into Student (id, birthdate, dni, genre, name, surname, cityId) values (714, '1966-11-03', '4475636973', 0, 'Elli', 'Clemendot', 177);
insert into Student (id, birthdate, dni, genre, name, surname, cityId) values (715, '1977-08-30', '3734034140', 1, 'Karyn', 'Macieja', 217);
insert into Student (id, birthdate, dni, genre, name, surname, cityId) values (716, '2008-05-29', '5541170567', 2, 'Talia', 'Grzeskowski', 123);
insert into Student (id, birthdate, dni, genre, name, surname, cityId) values (717, '1968-08-26', '7506015900', 1, 'Prentice', 'Marikhin', 285);
insert into Student (id, birthdate, dni, genre, name, surname, cityId) values (718, '1991-11-19', '3146696592', 2, 'Ernest', 'Tombling', 55);
insert into Student (id, birthdate, dni, genre, name, surname, cityId) values (719, '1988-02-16', '8097376180', 0, 'Dorthea', 'Poynor', 279);
insert into Student (id, birthdate, dni, genre, name, surname, cityId) values (720, '2009-06-03', '3247032673', 2, 'Alexandrina', 'Froud', 281);
insert into Student (id, birthdate, dni, genre, name, surname, cityId) values (721, '2013-05-09', '4978995248', 2, 'Madelena', 'Bolstridge', 58);
insert into Student (id, birthdate, dni, genre, name, surname, cityId) values (722, '1988-09-27', '0668885564', 0, 'Jerrilee', 'McCray', 262);
insert into Student (id, birthdate, dni, genre, name, surname, cityId) values (723, '1935-02-04', '3756071219', 2, 'Nanny', 'Offield', 234);
insert into Student (id, birthdate, dni, genre, name, surname, cityId) values (724, '1947-07-03', '1078113610', 0, 'Willey', 'Watting', 299);
insert into Student (id, birthdate, dni, genre, name, surname, cityId) values (725, '2013-01-31', '5785946041', 0, 'Lorine', 'Netley', 128);
insert into Student (id, birthdate, dni, genre, name, surname, cityId) values (726, '1974-05-20', '2691512916', 1, 'Leese', 'Vigors', 67);
insert into Student (id, birthdate, dni, genre, name, surname, cityId) values (727, '2011-11-22', '1952934621', 0, 'Brianna', 'Swatradge', 265);
insert into Student (id, birthdate, dni, genre, name, surname, cityId) values (728, '1970-09-28', '3857815531', 0, 'Bryn', 'Dallicoat', 57);
insert into Student (id, birthdate, dni, genre, name, surname, cityId) values (729, '1990-09-17', '0007897561', 1, 'Astrid', 'Goldsmith', 221);
insert into Student (id, birthdate, dni, genre, name, surname, cityId) values (730, '1995-02-23', '4542928519', 2, 'Catlee', 'Petrecz', 47);
insert into Student (id, birthdate, dni, genre, name, surname, cityId) values (731, '1935-08-16', '0996342575', 1, 'Cosme', 'Bellringer', 286);
insert into Student (id, birthdate, dni, genre, name, surname, cityId) values (732, '2000-07-13', '0078905559', 0, 'Vivianna', 'Santry', 188);
insert into Student (id, birthdate, dni, genre, name, surname, cityId) values (733, '1945-12-16', '5952713815', 2, 'Claribel', 'Fisbey', 257);
insert into Student (id, birthdate, dni, genre, name, surname, cityId) values (734, '1945-08-16', '3954006588', 1, 'Timmie', 'Frid', 150);
insert into Student (id, birthdate, dni, genre, name, surname, cityId) values (735, '2014-11-01', '2310916889', 2, 'Fae', 'O''Sharry', 65);
insert into Student (id, birthdate, dni, genre, name, surname, cityId) values (736, '1945-02-18', '3784603084', 2, 'Den', 'Montez', 19);
insert into Student (id, birthdate, dni, genre, name, surname, cityId) values (737, '1964-04-04', '1552919021', 2, 'Mehetabel', 'Sawell', 11);
insert into Student (id, birthdate, dni, genre, name, surname, cityId) values (738, '1972-09-08', '1875131019', 2, 'Arne', 'Pflieger', 291);
insert into Student (id, birthdate, dni, genre, name, surname, cityId) values (739, '1954-07-17', '1803656123', 2, 'Avis', 'Ewen', 205);
insert into Student (id, birthdate, dni, genre, name, surname, cityId) values (740, '1944-07-31', '8870712737', 1, 'Lianne', 'Hovell', 85);
insert into Student (id, birthdate, dni, genre, name, surname, cityId) values (741, '2018-02-10', '6385892891', 1, 'Eartha', 'Leibold', 62);
insert into Student (id, birthdate, dni, genre, name, surname, cityId) values (742, '2018-04-09', '7079052246', 2, 'Timoteo', 'Batcock', 85);
insert into Student (id, birthdate, dni, genre, name, surname, cityId) values (743, '1944-02-17', '2316335780', 2, 'Elisabeth', 'Zink', 95);
insert into Student (id, birthdate, dni, genre, name, surname, cityId) values (744, '1994-02-19', '2990405496', 0, 'Garwin', 'Hursey', 189);
insert into Student (id, birthdate, dni, genre, name, surname, cityId) values (745, '1937-05-05', '2276153830', 2, 'Durward', 'Soppitt', 100);
insert into Student (id, birthdate, dni, genre, name, surname, cityId) values (746, '1953-05-26', '7380404024', 2, 'Rica', 'Damerell', 261);
insert into Student (id, birthdate, dni, genre, name, surname, cityId) values (747, '2000-12-28', '1584327111', 1, 'Maitilde', 'Hayesman', 14);
insert into Student (id, birthdate, dni, genre, name, surname, cityId) values (748, '1985-05-06', '2737673712', 2, 'Washington', 'Micheu', 23);
insert into Student (id, birthdate, dni, genre, name, surname, cityId) values (749, '1974-04-09', '1579567169', 2, 'Trixie', 'Hutchence', 171);
insert into Student (id, birthdate, dni, genre, name, surname, cityId) values (750, '1997-09-12', '1825104271', 1, 'Powell', 'Sorrie', 131);
insert into Student (id, birthdate, dni, genre, name, surname, cityId) values (751, '1957-04-27', '1492125180', 1, 'Alon', 'Monnelly', 176);
insert into Student (id, birthdate, dni, genre, name, surname, cityId) values (752, '2007-08-01', '5253227121', 1, 'Noby', 'Liepina', 119);
insert into Student (id, birthdate, dni, genre, name, surname, cityId) values (753, '1999-10-02', '7192563269', 1, 'Lavena', 'Wyndham', 81);
insert into Student (id, birthdate, dni, genre, name, surname, cityId) values (754, '1958-04-07', '9206723642', 0, 'Rockwell', 'Ruddom', 249);
insert into Student (id, birthdate, dni, genre, name, surname, cityId) values (755, '1988-06-03', '2049424981', 1, 'Bridie', 'Eddison', 22);
insert into Student (id, birthdate, dni, genre, name, surname, cityId) values (756, '1992-01-14', '5076504942', 0, 'L;urette', 'Sponton', 22);
insert into Student (id, birthdate, dni, genre, name, surname, cityId) values (757, '1953-08-20', '7659362224', 2, 'Greer', 'Kilbourn', 191);
insert into Student (id, birthdate, dni, genre, name, surname, cityId) values (758, '1950-01-27', '0694665223', 0, 'Bekki', 'Hinze', 275);
insert into Student (id, birthdate, dni, genre, name, surname, cityId) values (759, '2003-09-07', '4690688672', 2, 'Nichole', 'Hobble', 44);
insert into Student (id, birthdate, dni, genre, name, surname, cityId) values (760, '1971-09-11', '4229980000', 2, 'Kean', 'Gulc', 230);
insert into Student (id, birthdate, dni, genre, name, surname, cityId) values (761, '1974-05-19', '9290854812', 2, 'Allyce', 'Pittem', 172);
insert into Student (id, birthdate, dni, genre, name, surname, cityId) values (762, '1979-03-29', '3782516117', 2, 'Patton', 'Sheringham', 279);
insert into Student (id, birthdate, dni, genre, name, surname, cityId) values (763, '1982-12-21', '5048344332', 1, 'Arlina', 'Robardley', 20);
insert into Student (id, birthdate, dni, genre, name, surname, cityId) values (764, '1933-01-26', '8046786209', 2, 'Carr', 'Fratczak', 133);
insert into Student (id, birthdate, dni, genre, name, surname, cityId) values (765, '1946-12-09', '6982406156', 1, 'Shelley', 'Brooksby', 275);
insert into Student (id, birthdate, dni, genre, name, surname, cityId) values (766, '1951-05-02', '9086474276', 1, 'Franzen', 'Trevascus', 177);
insert into Student (id, birthdate, dni, genre, name, surname, cityId) values (767, '2015-04-14', '9291579033', 1, 'Urson', 'Lees', 119);
insert into Student (id, birthdate, dni, genre, name, surname, cityId) values (768, '1957-10-27', '1163588458', 1, 'Kissiah', 'Bassingham', 41);
insert into Student (id, birthdate, dni, genre, name, surname, cityId) values (769, '1977-06-10', '6957074587', 1, 'Kev', 'Proffer', 192);
insert into Student (id, birthdate, dni, genre, name, surname, cityId) values (770, '1961-08-07', '5991830827', 1, 'Gilles', 'Tytler', 179);
insert into Student (id, birthdate, dni, genre, name, surname, cityId) values (771, '1944-09-24', '3537800355', 2, 'Bernard', 'Keune', 65);
insert into Student (id, birthdate, dni, genre, name, surname, cityId) values (772, '2015-05-09', '2268463214', 0, 'Erek', 'Lawton', 266);
insert into Student (id, birthdate, dni, genre, name, surname, cityId) values (773, '1966-01-01', '6912418767', 1, 'Nata', 'Norcutt', 6);
insert into Student (id, birthdate, dni, genre, name, surname, cityId) values (774, '1944-08-18', '2810234302', 1, 'Jeana', 'Baversor', 57);
insert into Student (id, birthdate, dni, genre, name, surname, cityId) values (775, '1964-11-04', '5979862153', 1, 'Emmanuel', 'Hegdonne', 62);
insert into Student (id, birthdate, dni, genre, name, surname, cityId) values (776, '2007-01-15', '0893689874', 0, 'Weylin', 'Dureden', 17);
insert into Student (id, birthdate, dni, genre, name, surname, cityId) values (777, '1939-02-14', '2782824686', 0, 'Woody', 'Bradneck', 91);
insert into Student (id, birthdate, dni, genre, name, surname, cityId) values (778, '1951-05-15', '1684032245', 1, 'Tracee', 'Banton', 157);
insert into Student (id, birthdate, dni, genre, name, surname, cityId) values (779, '1941-05-06', '5493343177', 1, 'Luise', 'Laingmaid', 173);
insert into Student (id, birthdate, dni, genre, name, surname, cityId) values (780, '1938-04-05', '2941447970', 2, 'Kelsi', 'Stoacley', 114);
insert into Student (id, birthdate, dni, genre, name, surname, cityId) values (781, '1973-10-05', '7393890836', 2, 'Gerhard', 'Dimont', 91);
insert into Student (id, birthdate, dni, genre, name, surname, cityId) values (782, '1955-11-05', '7592543583', 0, 'Garrott', 'Boost', 203);
insert into Student (id, birthdate, dni, genre, name, surname, cityId) values (783, '2005-07-15', '9300057243', 0, 'Nanni', 'Conrart', 297);
insert into Student (id, birthdate, dni, genre, name, surname, cityId) values (784, '1936-11-14', '2934443418', 0, 'Alexandr', 'Dienes', 268);
insert into Student (id, birthdate, dni, genre, name, surname, cityId) values (785, '1959-12-11', '1934292729', 2, 'Michale', 'Payze', 286);
insert into Student (id, birthdate, dni, genre, name, surname, cityId) values (786, '2004-03-19', '2485813256', 1, 'Batsheva', 'Worsfield', 45);
insert into Student (id, birthdate, dni, genre, name, surname, cityId) values (787, '1955-04-23', '5084208044', 2, 'Almeria', 'Maslen', 142);
insert into Student (id, birthdate, dni, genre, name, surname, cityId) values (788, '1946-03-28', '7850199642', 1, 'Chris', 'Ephgrave', 95);
insert into Student (id, birthdate, dni, genre, name, surname, cityId) values (789, '2017-08-25', '2022974662', 0, 'Dorris', 'Burnes', 130);
insert into Student (id, birthdate, dni, genre, name, surname, cityId) values (790, '1931-09-15', '1413324894', 1, 'Christie', 'Dy', 168);
insert into Student (id, birthdate, dni, genre, name, surname, cityId) values (791, '2007-04-19', '3408448752', 1, 'Rhody', 'Mullen', 99);
insert into Student (id, birthdate, dni, genre, name, surname, cityId) values (792, '1969-07-13', '1669079368', 2, 'Lila', 'Sarah', 97);
insert into Student (id, birthdate, dni, genre, name, surname, cityId) values (793, '1942-06-21', '4576075667', 1, 'Fanchette', 'Rosbrough', 7);
insert into Student (id, birthdate, dni, genre, name, surname, cityId) values (794, '1947-03-28', '8123851154', 2, 'Dana', 'Sime', 105);
insert into Student (id, birthdate, dni, genre, name, surname, cityId) values (795, '2017-01-29', '6030683012', 1, 'Gabriel', 'Tremoulet', 126);
insert into Student (id, birthdate, dni, genre, name, surname, cityId) values (796, '1977-07-14', '8002557751', 0, 'Sigismund', 'Dorrance', 267);
insert into Student (id, birthdate, dni, genre, name, surname, cityId) values (797, '1998-06-09', '7039781239', 2, 'Sheelah', 'Nance', 100);
insert into Student (id, birthdate, dni, genre, name, surname, cityId) values (798, '1949-04-30', '9068890018', 2, 'Kermit', 'Hryncewicz', 95);
insert into Student (id, birthdate, dni, genre, name, surname, cityId) values (799, '1941-10-07', '9931631430', 1, 'Terrell', 'Empleton', 204);
insert into Student (id, birthdate, dni, genre, name, surname, cityId) values (800, '1957-12-22', '5575918548', 1, 'Lotta', 'Dove', 134);
insert into Student (id, birthdate, dni, genre, name, surname, cityId) values (801, '1992-02-27', '1219019682', 1, 'Wendell', 'Scotchbourouge', 147);
insert into Student (id, birthdate, dni, genre, name, surname, cityId) values (802, '2014-12-21', '3957738652', 2, 'Georgeta', 'Chevolleau', 283);
insert into Student (id, birthdate, dni, genre, name, surname, cityId) values (803, '1993-04-18', '8999084175', 0, 'Jannel', 'Croxley', 241);
insert into Student (id, birthdate, dni, genre, name, surname, cityId) values (804, '1953-09-29', '6042797549', 0, 'Tania', 'Dmitrievski', 3);
insert into Student (id, birthdate, dni, genre, name, surname, cityId) values (805, '1947-06-03', '0006436951', 1, 'Ellswerth', 'Kuhn', 4);
insert into Student (id, birthdate, dni, genre, name, surname, cityId) values (806, '1956-02-23', '6096599435', 0, 'Estelle', 'Yakuntzov', 87);
insert into Student (id, birthdate, dni, genre, name, surname, cityId) values (807, '1971-05-12', '7699288912', 1, 'Erminie', 'Tasker', 95);
insert into Student (id, birthdate, dni, genre, name, surname, cityId) values (808, '2003-05-16', '5886111131', 1, 'Dewitt', 'Fidgeon', 261);
insert into Student (id, birthdate, dni, genre, name, surname, cityId) values (809, '2015-02-12', '2594591459', 1, 'Kerrie', 'Mitskevich', 81);
insert into Student (id, birthdate, dni, genre, name, surname, cityId) values (810, '1935-11-09', '0628721153', 0, 'Tracy', 'Trenoweth', 281);
insert into Student (id, birthdate, dni, genre, name, surname, cityId) values (811, '1966-09-24', '3067726340', 0, 'Jaquelyn', 'Eveling', 212);
insert into Student (id, birthdate, dni, genre, name, surname, cityId) values (812, '2004-03-12', '0895180103', 2, 'Brien', 'Yepiskopov', 243);
insert into Student (id, birthdate, dni, genre, name, surname, cityId) values (813, '1980-09-25', '3373916402', 1, 'Rozanna', 'Canfer', 295);
insert into Student (id, birthdate, dni, genre, name, surname, cityId) values (814, '1993-01-29', '0599016264', 0, 'Geraldine', 'O''Loinn', 296);
insert into Student (id, birthdate, dni, genre, name, surname, cityId) values (815, '1957-07-23', '1455729892', 0, 'Bart', 'Lampke', 152);
insert into Student (id, birthdate, dni, genre, name, surname, cityId) values (816, '2006-08-29', '4536793224', 0, 'Darryl', 'Chellam', 55);
insert into Student (id, birthdate, dni, genre, name, surname, cityId) values (817, '1991-06-14', '7118751790', 0, 'Adena', 'Fulk', 25);
insert into Student (id, birthdate, dni, genre, name, surname, cityId) values (818, '1948-09-18', '4520081246', 2, 'Bella', 'Ludgate', 41);
insert into Student (id, birthdate, dni, genre, name, surname, cityId) values (819, '1952-03-21', '5832419030', 1, 'Clark', 'Rootham', 141);
insert into Student (id, birthdate, dni, genre, name, surname, cityId) values (820, '1977-05-24', '6607324037', 2, 'Rosabelle', 'Jaskowicz', 185);
insert into Student (id, birthdate, dni, genre, name, surname, cityId) values (821, '2005-05-19', '9450992541', 0, 'Hugh', 'Danick', 245);
insert into Student (id, birthdate, dni, genre, name, surname, cityId) values (822, '1996-10-26', '4430596433', 0, 'Abbe', 'Vanderson', 6);
insert into Student (id, birthdate, dni, genre, name, surname, cityId) values (823, '2006-07-05', '4960169397', 2, 'Ariel', 'Kynson', 78);
insert into Student (id, birthdate, dni, genre, name, surname, cityId) values (824, '1939-12-10', '7938212539', 0, 'Layne', 'Shemming', 34);
insert into Student (id, birthdate, dni, genre, name, surname, cityId) values (825, '1941-07-13', '1856753492', 0, 'Abey', 'Litherborough', 236);
insert into Student (id, birthdate, dni, genre, name, surname, cityId) values (826, '1965-05-09', '5271090353', 1, 'Caroljean', 'Boater', 73);
insert into Student (id, birthdate, dni, genre, name, surname, cityId) values (827, '1941-02-09', '8867437674', 1, 'Leena', 'Bodechon', 115);
insert into Student (id, birthdate, dni, genre, name, surname, cityId) values (828, '1977-01-20', '4069408401', 1, 'Albina', 'Males', 146);
insert into Student (id, birthdate, dni, genre, name, surname, cityId) values (829, '1965-06-27', '6708711796', 1, 'Yehudit', 'Hannay', 86);
insert into Student (id, birthdate, dni, genre, name, surname, cityId) values (830, '1930-03-21', '9176445763', 0, 'Reade', 'Linkie', 245);
insert into Student (id, birthdate, dni, genre, name, surname, cityId) values (831, '2016-03-19', '2692238346', 1, 'Preston', 'Chazier', 39);
insert into Student (id, birthdate, dni, genre, name, surname, cityId) values (832, '1940-10-30', '5907036796', 2, 'Whittaker', 'Blencowe', 43);
insert into Student (id, birthdate, dni, genre, name, surname, cityId) values (833, '2012-02-01', '5147678263', 2, 'Colly', 'Mc Gaughey', 12);
insert into Student (id, birthdate, dni, genre, name, surname, cityId) values (834, '1984-04-10', '5103106272', 2, 'Mendy', 'Tomowicz', 108);
insert into Student (id, birthdate, dni, genre, name, surname, cityId) values (835, '2012-04-29', '1812706634', 0, 'Torey', 'Sizeland', 73);
insert into Student (id, birthdate, dni, genre, name, surname, cityId) values (836, '1940-09-16', '4095575018', 2, 'Gonzales', 'Traill', 44);
insert into Student (id, birthdate, dni, genre, name, surname, cityId) values (837, '1968-07-19', '2675973416', 0, 'Tandi', 'Michell', 238);
insert into Student (id, birthdate, dni, genre, name, surname, cityId) values (838, '1986-12-06', '2888441039', 0, 'Schuyler', 'Eneas', 68);
insert into Student (id, birthdate, dni, genre, name, surname, cityId) values (839, '1960-04-14', '8174723803', 1, 'Latisha', 'Lathey', 232);
insert into Student (id, birthdate, dni, genre, name, surname, cityId) values (840, '1983-05-19', '4273418037', 0, 'Siana', 'Rathbone', 191);
insert into Student (id, birthdate, dni, genre, name, surname, cityId) values (841, '2003-09-08', '1724687166', 0, 'Gaby', 'Riggulsford', 256);
insert into Student (id, birthdate, dni, genre, name, surname, cityId) values (842, '2016-07-19', '0059237058', 2, 'Anthiathia', 'Goodlad', 237);
insert into Student (id, birthdate, dni, genre, name, surname, cityId) values (843, '2012-03-20', '1602206953', 1, 'Trstram', 'Grieves', 141);
insert into Student (id, birthdate, dni, genre, name, surname, cityId) values (844, '2015-06-21', '5705960999', 2, 'Brandyn', 'Dodman', 39);
insert into Student (id, birthdate, dni, genre, name, surname, cityId) values (845, '2015-08-29', '9138680467', 0, 'Alphard', 'Gibby', 8);
insert into Student (id, birthdate, dni, genre, name, surname, cityId) values (846, '2008-02-06', '8458705427', 0, 'Kerr', 'Naseby', 56);
insert into Student (id, birthdate, dni, genre, name, surname, cityId) values (847, '2003-08-29', '1011392097', 2, 'Wileen', 'Evenett', 210);
insert into Student (id, birthdate, dni, genre, name, surname, cityId) values (848, '1944-05-12', '2854000048', 1, 'Leonard', 'Jewise', 65);
insert into Student (id, birthdate, dni, genre, name, surname, cityId) values (849, '1930-01-04', '0156942542', 2, 'Enrica', 'Ivanenkov', 274);
insert into Student (id, birthdate, dni, genre, name, surname, cityId) values (850, '1959-01-13', '7960842965', 1, 'Daffy', 'Tomisch', 174);
insert into Student (id, birthdate, dni, genre, name, surname, cityId) values (851, '1947-02-21', '1201561353', 1, 'Diane-marie', 'Dmitr', 50);
insert into Student (id, birthdate, dni, genre, name, surname, cityId) values (852, '1979-01-04', '1498524702', 0, 'Araldo', 'Padilla', 259);
insert into Student (id, birthdate, dni, genre, name, surname, cityId) values (853, '1966-08-13', '8070879785', 2, 'Tedman', 'Bernard', 12);
insert into Student (id, birthdate, dni, genre, name, surname, cityId) values (854, '1933-03-02', '0251589609', 1, 'Worthington', 'Dowears', 150);
insert into Student (id, birthdate, dni, genre, name, surname, cityId) values (855, '1938-01-27', '5826794011', 1, 'Lorrie', 'Pawle', 162);
insert into Student (id, birthdate, dni, genre, name, surname, cityId) values (856, '2007-07-26', '7017643755', 1, 'Matthaeus', 'Milington', 110);
insert into Student (id, birthdate, dni, genre, name, surname, cityId) values (857, '2006-11-17', '2100324098', 2, 'Sky', 'Haggeth', 7);
insert into Student (id, birthdate, dni, genre, name, surname, cityId) values (858, '1981-07-05', '6084615775', 2, 'Catina', 'Reisen', 167);
insert into Student (id, birthdate, dni, genre, name, surname, cityId) values (859, '1967-06-05', '5104906299', 2, 'Nilson', 'Sondland', 5);
insert into Student (id, birthdate, dni, genre, name, surname, cityId) values (860, '1941-05-22', '9536037378', 2, 'Katha', 'Beseke', 39);
insert into Student (id, birthdate, dni, genre, name, surname, cityId) values (861, '1973-07-23', '2079761188', 0, 'Pris', 'Hugland', 241);
insert into Student (id, birthdate, dni, genre, name, surname, cityId) values (862, '2008-05-07', '4731756995', 0, 'Cherey', 'Arlett', 297);
insert into Student (id, birthdate, dni, genre, name, surname, cityId) values (863, '1973-03-12', '7123476999', 1, 'Etheline', 'Ion', 12);
insert into Student (id, birthdate, dni, genre, name, surname, cityId) values (864, '1999-02-18', '0943138744', 2, 'Flynn', 'Lorriman', 89);
insert into Student (id, birthdate, dni, genre, name, surname, cityId) values (865, '1956-08-23', '7271880615', 2, 'Marta', 'Tixier', 274);
insert into Student (id, birthdate, dni, genre, name, surname, cityId) values (866, '1941-03-17', '2441206761', 1, 'Deerdre', 'Andreasson', 99);
insert into Student (id, birthdate, dni, genre, name, surname, cityId) values (867, '1935-01-05', '9842555062', 0, 'Fanny', 'Hazael', 283);
insert into Student (id, birthdate, dni, genre, name, surname, cityId) values (868, '1980-09-01', '8437622271', 0, 'Florrie', 'Simkin', 14);
insert into Student (id, birthdate, dni, genre, name, surname, cityId) values (869, '2002-04-14', '3425156101', 2, 'Marjie', 'Shearwood', 101);
insert into Student (id, birthdate, dni, genre, name, surname, cityId) values (870, '1998-03-27', '8390346273', 0, 'Creight', 'Jeger', 247);
insert into Student (id, birthdate, dni, genre, name, surname, cityId) values (871, '1935-12-16', '9178907969', 0, 'Skipp', 'Pearse', 225);
insert into Student (id, birthdate, dni, genre, name, surname, cityId) values (872, '1963-04-14', '4820505343', 2, 'Shane', 'Wanell', 257);
insert into Student (id, birthdate, dni, genre, name, surname, cityId) values (873, '1995-06-05', '1774481057', 2, 'Ellery', 'Bartram', 71);
insert into Student (id, birthdate, dni, genre, name, surname, cityId) values (874, '1989-08-28', '6478215296', 1, 'Daune', 'Mougenel', 30);
insert into Student (id, birthdate, dni, genre, name, surname, cityId) values (875, '2015-07-08', '6616469301', 0, 'Peyton', 'Guyan', 120);
insert into Student (id, birthdate, dni, genre, name, surname, cityId) values (876, '1988-03-19', '4331404919', 0, 'Norbert', 'Sporrij', 166);
insert into Student (id, birthdate, dni, genre, name, surname, cityId) values (877, '1942-09-25', '5375817721', 2, 'Sinclare', 'Oattes', 138);
insert into Student (id, birthdate, dni, genre, name, surname, cityId) values (878, '2014-01-01', '9674316515', 2, 'Selia', 'Kullmann', 82);
insert into Student (id, birthdate, dni, genre, name, surname, cityId) values (879, '2013-11-05', '5367734286', 2, 'Beryle', 'Jirasek', 150);
insert into Student (id, birthdate, dni, genre, name, surname, cityId) values (880, '1980-06-04', '6855660088', 1, 'Bobbi', 'Kington', 118);
insert into Student (id, birthdate, dni, genre, name, surname, cityId) values (881, '2007-05-17', '0689451237', 2, 'Cord', 'Apple', 286);
insert into Student (id, birthdate, dni, genre, name, surname, cityId) values (882, '1981-10-06', '3512075495', 0, 'Barbara-anne', 'Wharf', 24);
insert into Student (id, birthdate, dni, genre, name, surname, cityId) values (883, '1958-08-01', '3949532811', 0, 'Dedra', 'Theobold', 34);
insert into Student (id, birthdate, dni, genre, name, surname, cityId) values (884, '1984-07-21', '8965267072', 2, 'Philis', 'Bassil', 201);
insert into Student (id, birthdate, dni, genre, name, surname, cityId) values (885, '2012-06-26', '9527679095', 0, 'Emilia', 'Jiranek', 48);
insert into Student (id, birthdate, dni, genre, name, surname, cityId) values (886, '1971-08-01', '4989653807', 0, 'Ogdon', 'Posner', 96);
insert into Student (id, birthdate, dni, genre, name, surname, cityId) values (887, '2019-01-30', '8426910440', 0, 'Merrill', 'Sorensen', 49);
insert into Student (id, birthdate, dni, genre, name, surname, cityId) values (888, '2013-09-02', '9343355270', 2, 'Eran', 'Benbrick', 175);
insert into Student (id, birthdate, dni, genre, name, surname, cityId) values (889, '1968-03-20', '6770721368', 0, 'Karna', 'Dodimead', 253);
insert into Student (id, birthdate, dni, genre, name, surname, cityId) values (890, '1998-12-04', '6264184845', 1, 'Osgood', 'Stoggell', 84);
insert into Student (id, birthdate, dni, genre, name, surname, cityId) values (891, '1993-12-06', '1535515368', 2, 'Doralynne', 'Pringley', 259);
insert into Student (id, birthdate, dni, genre, name, surname, cityId) values (892, '2000-06-19', '5440160582', 2, 'Haleigh', 'Bilsland', 181);
insert into Student (id, birthdate, dni, genre, name, surname, cityId) values (893, '2016-05-21', '4014958329', 1, 'Tommie', 'Colrein', 245);
insert into Student (id, birthdate, dni, genre, name, surname, cityId) values (894, '1988-12-20', '4336671656', 1, 'Glori', 'Maryin', 206);
insert into Student (id, birthdate, dni, genre, name, surname, cityId) values (895, '1982-09-02', '6851026929', 2, 'Fredi', 'Bonnette', 250);
insert into Student (id, birthdate, dni, genre, name, surname, cityId) values (896, '2005-03-11', '8630847891', 0, 'Minerva', 'Castiblanco', 120);
insert into Student (id, birthdate, dni, genre, name, surname, cityId) values (897, '1933-06-27', '8665552960', 2, 'Marla', 'Strond', 292);
insert into Student (id, birthdate, dni, genre, name, surname, cityId) values (898, '1931-03-24', '4880283134', 2, 'Freddy', 'Brilleman', 63);
insert into Student (id, birthdate, dni, genre, name, surname, cityId) values (899, '1964-03-24', '9933154540', 2, 'Alleyn', 'Patry', 184);
insert into Student (id, birthdate, dni, genre, name, surname, cityId) values (900, '1946-05-30', '0876038216', 1, 'Doralynn', 'Kewzick', 253);
insert into Student (id, birthdate, dni, genre, name, surname, cityId) values (901, '1935-08-29', '5770907568', 1, 'Warner', 'McCaig', 287);
insert into Student (id, birthdate, dni, genre, name, surname, cityId) values (902, '2000-02-25', '6001312095', 1, 'Helga', 'Goodspeed', 11);
insert into Student (id, birthdate, dni, genre, name, surname, cityId) values (903, '1989-02-24', '0105669695', 0, 'Darn', 'Knuckles', 50);
insert into Student (id, birthdate, dni, genre, name, surname, cityId) values (904, '1938-12-10', '2783165503', 0, 'Aubrey', 'Cullity', 256);
insert into Student (id, birthdate, dni, genre, name, surname, cityId) values (905, '1956-04-22', '6800106887', 0, 'Hartwell', 'Mitrikhin', 178);
insert into Student (id, birthdate, dni, genre, name, surname, cityId) values (906, '1988-11-19', '8177510029', 1, 'Annecorinne', 'Treswell', 13);
insert into Student (id, birthdate, dni, genre, name, surname, cityId) values (907, '1995-10-04', '5986112091', 2, 'Gottfried', 'Gatward', 211);
insert into Student (id, birthdate, dni, genre, name, surname, cityId) values (908, '1994-04-24', '7603057183', 2, 'Aurelia', 'Rubinovici', 47);
insert into Student (id, birthdate, dni, genre, name, surname, cityId) values (909, '1975-11-24', '5049156734', 1, 'Leodora', 'Whyatt', 188);
insert into Student (id, birthdate, dni, genre, name, surname, cityId) values (910, '2017-12-20', '5769750154', 2, 'Boony', 'Mourge', 6);
insert into Student (id, birthdate, dni, genre, name, surname, cityId) values (911, '1932-12-26', '4831109851', 1, 'Claretta', 'Mourant', 130);
insert into Student (id, birthdate, dni, genre, name, surname, cityId) values (912, '1972-12-13', '3392861014', 0, 'Issiah', 'Currell', 263);
insert into Student (id, birthdate, dni, genre, name, surname, cityId) values (913, '1959-09-30', '8404049939', 1, 'Ray', 'Chessel', 58);
insert into Student (id, birthdate, dni, genre, name, surname, cityId) values (914, '1955-04-24', '6962069537', 2, 'Deck', 'Clell', 113);
insert into Student (id, birthdate, dni, genre, name, surname, cityId) values (915, '1954-10-04', '2075488975', 0, 'Lucine', 'Othen', 61);
insert into Student (id, birthdate, dni, genre, name, surname, cityId) values (916, '1946-12-19', '0395360463', 0, 'Kristy', 'Allward', 183);
insert into Student (id, birthdate, dni, genre, name, surname, cityId) values (917, '1950-04-24', '2762907799', 0, 'Francene', 'Remon', 168);
insert into Student (id, birthdate, dni, genre, name, surname, cityId) values (918, '1986-04-11', '5760408992', 2, 'Sherm', 'Gorbell', 191);
insert into Student (id, birthdate, dni, genre, name, surname, cityId) values (919, '1967-12-15', '5636609612', 2, 'Cindra', 'Hardingham', 235);
insert into Student (id, birthdate, dni, genre, name, surname, cityId) values (920, '2002-05-19', '6996623146', 2, 'Minnie', 'Vallis', 263);
insert into Student (id, birthdate, dni, genre, name, surname, cityId) values (921, '1955-02-03', '9545987855', 0, 'Steffane', 'Brenstuhl', 197);
insert into Student (id, birthdate, dni, genre, name, surname, cityId) values (922, '1959-05-04', '4546357753', 0, 'Toinette', 'Portchmouth', 109);
insert into Student (id, birthdate, dni, genre, name, surname, cityId) values (923, '1968-02-08', '6488401084', 2, 'Sidoney', 'Kanter', 53);
insert into Student (id, birthdate, dni, genre, name, surname, cityId) values (924, '1972-11-20', '4299621328', 2, 'Casie', 'Raddin', 12);
insert into Student (id, birthdate, dni, genre, name, surname, cityId) values (925, '1964-03-22', '0195466179', 1, 'Lynnet', 'Fairfoull', 128);
insert into Student (id, birthdate, dni, genre, name, surname, cityId) values (926, '1930-08-30', '8726854473', 1, 'Emmalyn', 'Martell', 282);
insert into Student (id, birthdate, dni, genre, name, surname, cityId) values (927, '1966-05-02', '0683555049', 1, 'Gustav', 'Constanza', 277);
insert into Student (id, birthdate, dni, genre, name, surname, cityId) values (928, '2001-07-29', '1428976280', 2, 'Roseann', 'Burney', 50);
insert into Student (id, birthdate, dni, genre, name, surname, cityId) values (929, '2017-12-30', '0627193730', 2, 'Hilly', 'Coots', 63);
insert into Student (id, birthdate, dni, genre, name, surname, cityId) values (930, '1958-06-02', '3225407410', 0, 'Yul', 'Geratt', 102);
insert into Student (id, birthdate, dni, genre, name, surname, cityId) values (931, '1969-06-05', '5087789455', 0, 'Ximenez', 'Jovey', 39);
insert into Student (id, birthdate, dni, genre, name, surname, cityId) values (932, '1938-09-07', '6445813038', 0, 'Jordan', 'Moores', 297);
insert into Student (id, birthdate, dni, genre, name, surname, cityId) values (933, '1933-08-10', '2385028743', 0, 'Elayne', 'Ruste', 276);
insert into Student (id, birthdate, dni, genre, name, surname, cityId) values (934, '2004-11-30', '5659258042', 2, 'Consolata', 'Dunthorne', 213);
insert into Student (id, birthdate, dni, genre, name, surname, cityId) values (935, '1992-01-11', '1934608866', 1, 'Rona', 'Van Weedenburg', 278);
insert into Student (id, birthdate, dni, genre, name, surname, cityId) values (936, '1939-07-06', '8964997840', 0, 'Petronella', 'Christofor', 200);
insert into Student (id, birthdate, dni, genre, name, surname, cityId) values (937, '2009-07-29', '4770213239', 2, 'Weider', 'Errol', 189);
insert into Student (id, birthdate, dni, genre, name, surname, cityId) values (938, '1971-08-26', '2448268339', 1, 'Farrand', 'Taylder', 92);
insert into Student (id, birthdate, dni, genre, name, surname, cityId) values (939, '1932-09-02', '2547891077', 0, 'Hedwig', 'Deason', 273);
insert into Student (id, birthdate, dni, genre, name, surname, cityId) values (940, '1952-01-16', '2105079210', 0, 'Rosalinda', 'Januszkiewicz', 38);
insert into Student (id, birthdate, dni, genre, name, surname, cityId) values (941, '1973-12-15', '6716010041', 0, 'Margarethe', 'Jurczyk', 186);
insert into Student (id, birthdate, dni, genre, name, surname, cityId) values (942, '2006-09-07', '1210274469', 0, 'Lionello', 'Aslet', 67);
insert into Student (id, birthdate, dni, genre, name, surname, cityId) values (943, '2010-02-01', '2220174786', 2, 'Elga', 'Pizey', 44);
insert into Student (id, birthdate, dni, genre, name, surname, cityId) values (944, '1934-06-20', '1417460628', 0, 'Elijah', 'Beare', 245);
insert into Student (id, birthdate, dni, genre, name, surname, cityId) values (945, '2005-06-08', '4046882794', 2, 'Ignatius', 'Habron', 290);
insert into Student (id, birthdate, dni, genre, name, surname, cityId) values (946, '2003-03-12', '5287169035', 0, 'Patty', 'Farndell', 111);
insert into Student (id, birthdate, dni, genre, name, surname, cityId) values (947, '2009-10-14', '2553199317', 2, 'Bill', 'St. John', 97);
insert into Student (id, birthdate, dni, genre, name, surname, cityId) values (948, '1955-07-25', '9353849845', 1, 'Herman', 'Sterling', 55);
insert into Student (id, birthdate, dni, genre, name, surname, cityId) values (949, '1963-02-03', '3629768318', 2, 'Eimile', 'Tomkinson', 8);
insert into Student (id, birthdate, dni, genre, name, surname, cityId) values (950, '1993-04-11', '6373813940', 0, 'Iago', 'Richardin', 194);
insert into Student (id, birthdate, dni, genre, name, surname, cityId) values (951, '1991-05-24', '5506149344', 2, 'Merrick', 'Minchi', 204);
insert into Student (id, birthdate, dni, genre, name, surname, cityId) values (952, '1939-07-23', '5526608360', 2, 'Bobbie', 'Dils', 31);
insert into Student (id, birthdate, dni, genre, name, surname, cityId) values (953, '1996-04-10', '4022198435', 1, 'Buckie', 'Candlish', 153);
insert into Student (id, birthdate, dni, genre, name, surname, cityId) values (954, '1969-07-25', '3591731560', 0, 'Wallace', 'Allibone', 223);
insert into Student (id, birthdate, dni, genre, name, surname, cityId) values (955, '1945-03-20', '6772786246', 0, 'Evyn', 'Oliphand', 102);
insert into Student (id, birthdate, dni, genre, name, surname, cityId) values (956, '1958-02-11', '6080135280', 1, 'Gardie', 'Van der Hoeven', 25);
insert into Student (id, birthdate, dni, genre, name, surname, cityId) values (957, '1990-02-28', '4304172255', 0, 'Flin', 'Waddington', 126);
insert into Student (id, birthdate, dni, genre, name, surname, cityId) values (958, '1991-03-05', '0648476197', 0, 'Kennett', 'Keel', 234);
insert into Student (id, birthdate, dni, genre, name, surname, cityId) values (959, '1968-10-06', '9319230854', 0, 'Annis', 'Befroy', 52);
insert into Student (id, birthdate, dni, genre, name, surname, cityId) values (960, '1986-07-10', '5736362791', 1, 'Odey', 'Yearne', 185);
insert into Student (id, birthdate, dni, genre, name, surname, cityId) values (961, '2017-12-30', '6736647738', 1, 'Elberta', 'McCluskey', 73);
insert into Student (id, birthdate, dni, genre, name, surname, cityId) values (962, '1960-06-04', '1790099854', 2, 'Benedikta', 'Duckit', 229);
insert into Student (id, birthdate, dni, genre, name, surname, cityId) values (963, '1961-11-27', '0647949474', 1, 'Urbain', 'Boggas', 266);
insert into Student (id, birthdate, dni, genre, name, surname, cityId) values (964, '1962-07-22', '6723235843', 0, 'Clement', 'Mabley', 261);
insert into Student (id, birthdate, dni, genre, name, surname, cityId) values (965, '1943-04-19', '5507405611', 2, 'Sella', 'Lawlor', 29);
insert into Student (id, birthdate, dni, genre, name, surname, cityId) values (966, '2008-10-06', '0372005608', 1, 'Barbey', 'Jedrzejkiewicz', 76);
insert into Student (id, birthdate, dni, genre, name, surname, cityId) values (967, '2008-09-07', '8203723047', 0, 'Martino', 'Kenryd', 191);
insert into Student (id, birthdate, dni, genre, name, surname, cityId) values (968, '1966-08-17', '4808519585', 0, 'Allen', 'Bissiker', 105);
insert into Student (id, birthdate, dni, genre, name, surname, cityId) values (969, '1938-11-01', '5395221514', 0, 'Willy', 'McKirdy', 286);
insert into Student (id, birthdate, dni, genre, name, surname, cityId) values (970, '1992-12-18', '9358589000', 1, 'Harman', 'Thompsett', 80);
insert into Student (id, birthdate, dni, genre, name, surname, cityId) values (971, '2017-12-21', '3295526346', 1, 'Carrol', 'Ferraresi', 110);
insert into Student (id, birthdate, dni, genre, name, surname, cityId) values (972, '2007-09-28', '4406759255', 1, 'Alexei', 'Fairhurst', 261);
insert into Student (id, birthdate, dni, genre, name, surname, cityId) values (973, '1959-07-27', '8297426610', 1, 'Aigneis', 'Ruby', 226);
insert into Student (id, birthdate, dni, genre, name, surname, cityId) values (974, '1933-11-15', '9964251807', 0, 'Barth', 'Schwandermann', 268);
insert into Student (id, birthdate, dni, genre, name, surname, cityId) values (975, '1937-05-14', '1737517817', 2, 'Evangelina', 'Turneaux', 144);
insert into Student (id, birthdate, dni, genre, name, surname, cityId) values (976, '2018-03-22', '0876550359', 0, 'Kennedy', 'Downse', 96);
insert into Student (id, birthdate, dni, genre, name, surname, cityId) values (977, '1962-06-02', '8556042775', 0, 'Carmel', 'Beare', 68);
insert into Student (id, birthdate, dni, genre, name, surname, cityId) values (978, '1968-02-09', '1174523433', 2, 'Katherine', 'Ivakin', 43);
insert into Student (id, birthdate, dni, genre, name, surname, cityId) values (979, '1960-03-08', '6587877540', 2, 'Catina', 'Vanezis', 79);
insert into Student (id, birthdate, dni, genre, name, surname, cityId) values (980, '1937-06-27', '3379181668', 2, 'Krystle', 'Benedettini', 65);
insert into Student (id, birthdate, dni, genre, name, surname, cityId) values (981, '1941-07-01', '8000714523', 2, 'Bogey', 'Izaac', 150);
insert into Student (id, birthdate, dni, genre, name, surname, cityId) values (982, '1941-02-08', '0092343236', 1, 'Vannie', 'Ruter', 211);
insert into Student (id, birthdate, dni, genre, name, surname, cityId) values (983, '2011-10-21', '1346662916', 1, 'Rafferty', 'Vickors', 168);
insert into Student (id, birthdate, dni, genre, name, surname, cityId) values (984, '2005-07-26', '6611607307', 0, 'Kelly', 'Di Bernardo', 242);
insert into Student (id, birthdate, dni, genre, name, surname, cityId) values (985, '2019-11-11', '2377424244', 0, 'Roderick', 'Paxeford', 83);
insert into Student (id, birthdate, dni, genre, name, surname, cityId) values (986, '1960-12-11', '4664886985', 1, 'Jeno', 'Kingcott', 76);
insert into Student (id, birthdate, dni, genre, name, surname, cityId) values (987, '2018-12-20', '6029926691', 2, 'Liv', 'Kesper', 166);
insert into Student (id, birthdate, dni, genre, name, surname, cityId) values (988, '1986-05-25', '6029966669', 0, 'Wandis', 'Bartalini', 51);
insert into Student (id, birthdate, dni, genre, name, surname, cityId) values (989, '1980-03-28', '0915714418', 1, 'Linnie', 'Daunay', 205);
insert into Student (id, birthdate, dni, genre, name, surname, cityId) values (990, '2013-02-02', '9564913748', 1, 'Juliet', 'Van Giffen', 216);
insert into Student (id, birthdate, dni, genre, name, surname, cityId) values (991, '2004-07-25', '3015827049', 0, 'Clarinda', 'Jime', 120);
insert into Student (id, birthdate, dni, genre, name, surname, cityId) values (992, '2003-12-29', '8611110617', 0, 'Coralyn', 'Dennidge', 154);
insert into Student (id, birthdate, dni, genre, name, surname, cityId) values (993, '1991-06-11', '4343802809', 1, 'Anson', 'Tatershall', 244);
insert into Student (id, birthdate, dni, genre, name, surname, cityId) values (994, '1979-11-07', '0893272809', 2, 'Lionel', 'Levings', 92);
insert into Student (id, birthdate, dni, genre, name, surname, cityId) values (995, '1970-01-11', '2414478276', 1, 'Neron', 'Bouldstridge', 178);
insert into Student (id, birthdate, dni, genre, name, surname, cityId) values (996, '1967-01-29', '7232242352', 1, 'Anatola', 'Wyke', 219);
insert into Student (id, birthdate, dni, genre, name, surname, cityId) values (997, '1951-09-02', '7112344123', 1, 'Sisile', 'Richel', 37);
insert into Student (id, birthdate, dni, genre, name, surname, cityId) values (998, '1936-08-07', '2617346501', 0, 'Josefa', 'Tumasian', 158);
insert into Student (id, birthdate, dni, genre, name, surname, cityId) values (999, '1950-08-06', '4487822785', 1, 'Lawrence', 'Wardlow', 236);
insert into Student (id, birthdate, dni, genre, name, surname, cityId) values (1000, '1978-09-18', '5393185375', 1, 'Sarette', 'Gatley', 106);
---StudentCareer
insert into StudentCareer (careerId, studentId, graduationDate, signUpDate) values (7, 188, null, '1996-03-10');
insert into StudentCareer (careerId, studentId, graduationDate, signUpDate) values (7, 49, null, '2000-05-22');
insert into StudentCareer (careerId, studentId, graduationDate, signUpDate) values (17, 168, '2001-07-11', '2018-11-06');
insert into StudentCareer (careerId, studentId, graduationDate, signUpDate) values (12, 156, null, '2013-08-13');
insert into StudentCareer (careerId, studentId, graduationDate, signUpDate) values (31, 519, '2008-05-06', '1998-02-12');
insert into StudentCareer (careerId, studentId, graduationDate, signUpDate) values (26, 573, '2014-03-16', '1995-01-13');
insert into StudentCareer (careerId, studentId, graduationDate, signUpDate) values (21, 645, '2014-12-13', '2010-02-06');
insert into StudentCareer (careerId, studentId, graduationDate, signUpDate) values (18, 740, null, '1998-06-02');
insert into StudentCareer (careerId, studentId, graduationDate, signUpDate) values (50, 463, '2006-09-07', '2014-04-03');
insert into StudentCareer (careerId, studentId, graduationDate, signUpDate) values (19, 255, '1996-04-03', '2016-05-27');
insert into StudentCareer (careerId, studentId, graduationDate, signUpDate) values (32, 999, '2009-11-20', '1990-11-25');
insert into StudentCareer (careerId, studentId, graduationDate, signUpDate) values (40, 603, null, '1998-10-13');
insert into StudentCareer (careerId, studentId, graduationDate, signUpDate) values (2, 542, '2004-07-31', '2003-08-04');
insert into StudentCareer (careerId, studentId, graduationDate, signUpDate) values (2, 113, '2015-05-29', '2006-02-25');
insert into StudentCareer (careerId, studentId, graduationDate, signUpDate) values (15, 563, '2016-10-14', '1994-07-30');
insert into StudentCareer (careerId, studentId, graduationDate, signUpDate) values (30, 732, null, '2004-12-13');
insert into StudentCareer (careerId, studentId, graduationDate, signUpDate) values (10, 936, '2020-07-21', '2007-06-26');
insert into StudentCareer (careerId, studentId, graduationDate, signUpDate) values (43, 777, null, '2016-10-08');
insert into StudentCareer (careerId, studentId, graduationDate, signUpDate) values (31, 855, '1996-04-02', '2018-10-26');
insert into StudentCareer (careerId, studentId, graduationDate, signUpDate) values (2, 356, '2002-04-04', '2022-08-25');
insert into StudentCareer (careerId, studentId, graduationDate, signUpDate) values (33, 217, '2006-05-12', '2005-05-08');
insert into StudentCareer (careerId, studentId, graduationDate, signUpDate) values (32, 943, '1996-06-03', '2000-03-28');
insert into StudentCareer (careerId, studentId, graduationDate, signUpDate) values (37, 774, null, '2017-01-07');
insert into StudentCareer (careerId, studentId, graduationDate, signUpDate) values (43, 316, '1997-05-04', '1998-12-26');
insert into StudentCareer (careerId, studentId, graduationDate, signUpDate) values (3, 776, '1996-11-01', '2014-01-04');
insert into StudentCareer (careerId, studentId, graduationDate, signUpDate) values (31, 22, null, '2014-03-19');
insert into StudentCareer (careerId, studentId, graduationDate, signUpDate) values (25, 253, null, '1994-12-28');
insert into StudentCareer (careerId, studentId, graduationDate, signUpDate) values (41, 463, null, '2008-03-21');
insert into StudentCareer (careerId, studentId, graduationDate, signUpDate) values (29, 342, null, '2021-09-16');
insert into StudentCareer (careerId, studentId, graduationDate, signUpDate) values (48, 718, '2014-01-09', '2003-11-16');
insert into StudentCareer (careerId, studentId, graduationDate, signUpDate) values (34, 447, null, '2015-12-18');
insert into StudentCareer (careerId, studentId, graduationDate, signUpDate) values (32, 13, '2004-08-23', '1992-04-29');
insert into StudentCareer (careerId, studentId, graduationDate, signUpDate) values (7, 384, '2000-01-01', '1996-09-26');
insert into StudentCareer (careerId, studentId, graduationDate, signUpDate) values (34, 828, null, '1993-05-10');
insert into StudentCareer (careerId, studentId, graduationDate, signUpDate) values (33, 89, '2021-03-15', '2003-04-22');
insert into StudentCareer (careerId, studentId, graduationDate, signUpDate) values (42, 255, null, '1995-03-11');
insert into StudentCareer (careerId, studentId, graduationDate, signUpDate) values (6, 736, null, '2006-12-26');
insert into StudentCareer (careerId, studentId, graduationDate, signUpDate) values (39, 67, '2006-04-09', '2013-07-26');
insert into StudentCareer (careerId, studentId, graduationDate, signUpDate) values (45, 960, null, '2014-12-20');
insert into StudentCareer (careerId, studentId, graduationDate, signUpDate) values (29, 523, '2017-03-03', '2020-12-29');
insert into StudentCareer (careerId, studentId, graduationDate, signUpDate) values (26, 150, '1998-08-04', '2018-07-27');
insert into StudentCareer (careerId, studentId, graduationDate, signUpDate) values (32, 428, '2010-11-04', '1996-06-18');
insert into StudentCareer (careerId, studentId, graduationDate, signUpDate) values (36, 983, '2019-08-09', '2007-07-18');
insert into StudentCareer (careerId, studentId, graduationDate, signUpDate) values (23, 153, null, '1998-04-12');
insert into StudentCareer (careerId, studentId, graduationDate, signUpDate) values (21, 316, '1996-10-14', '2000-02-29');
insert into StudentCareer (careerId, studentId, graduationDate, signUpDate) values (30, 592, '1999-04-04', '2017-10-07');
insert into StudentCareer (careerId, studentId, graduationDate, signUpDate) values (7, 663, '2001-12-21', '2016-06-02');
insert into StudentCareer (careerId, studentId, graduationDate, signUpDate) values (4, 597, null, '2002-08-06');
insert into StudentCareer (careerId, studentId, graduationDate, signUpDate) values (28, 933, '2001-12-23', '1990-11-16');
insert into StudentCareer (careerId, studentId, graduationDate, signUpDate) values (40, 901, '2008-11-28', '2017-08-18');
insert into StudentCareer (careerId, studentId, graduationDate, signUpDate) values (43, 886, '1997-09-24', '2013-10-04');
insert into StudentCareer (careerId, studentId, graduationDate, signUpDate) values (41, 686, '2001-04-29', '1992-11-27');
insert into StudentCareer (careerId, studentId, graduationDate, signUpDate) values (47, 775, null, '2008-05-02');
insert into StudentCareer (careerId, studentId, graduationDate, signUpDate) values (33, 710, '2018-11-19', '2012-06-07');
insert into StudentCareer (careerId, studentId, graduationDate, signUpDate) values (42, 238, null, '2008-03-16');
insert into StudentCareer (careerId, studentId, graduationDate, signUpDate) values (8, 226, '2002-10-12', '2001-01-04');
insert into StudentCareer (careerId, studentId, graduationDate, signUpDate) values (10, 812, '2004-01-08', '2021-03-20');
insert into StudentCareer (careerId, studentId, graduationDate, signUpDate) values (1, 446, '2011-10-31', '2000-05-15');
insert into StudentCareer (careerId, studentId, graduationDate, signUpDate) values (6, 311, '2016-05-03', '2018-04-12');
insert into StudentCareer (careerId, studentId, graduationDate, signUpDate) values (23, 564, null, '2017-01-02');
insert into StudentCareer (careerId, studentId, graduationDate, signUpDate) values (24, 332, null, '1991-08-11');
insert into StudentCareer (careerId, studentId, graduationDate, signUpDate) values (31, 890, '2021-05-22', '2016-10-06');
insert into StudentCareer (careerId, studentId, graduationDate, signUpDate) values (45, 342, null, '2009-08-07');
insert into StudentCareer (careerId, studentId, graduationDate, signUpDate) values (20, 371, null, '2010-08-24');
insert into StudentCareer (careerId, studentId, graduationDate, signUpDate) values (10, 505, null, '1992-01-05');
insert into StudentCareer (careerId, studentId, graduationDate, signUpDate) values (26, 47, null, '1995-09-24');
insert into StudentCareer (careerId, studentId, graduationDate, signUpDate) values (10, 342, '2005-10-24', '2009-12-17');
insert into StudentCareer (careerId, studentId, graduationDate, signUpDate) values (7, 849, '2007-03-04', '2010-10-04');
insert into StudentCareer (careerId, studentId, graduationDate, signUpDate) values (35, 736, null, '1991-09-16');
insert into StudentCareer (careerId, studentId, graduationDate, signUpDate) values (44, 514, null, '2019-06-06');
insert into StudentCareer (careerId, studentId, graduationDate, signUpDate) values (26, 211, '2000-11-03', '1998-03-27');
insert into StudentCareer (careerId, studentId, graduationDate, signUpDate) values (40, 109, '2001-06-01', '2009-09-01');
insert into StudentCareer (careerId, studentId, graduationDate, signUpDate) values (23, 730, '2003-08-02', '2006-10-10');
insert into StudentCareer (careerId, studentId, graduationDate, signUpDate) values (41, 826, null, '2018-01-24');
insert into StudentCareer (careerId, studentId, graduationDate, signUpDate) values (22, 601, '2020-02-25', '2005-11-24');
insert into StudentCareer (careerId, studentId, graduationDate, signUpDate) values (27, 719, null, '2001-01-07');
insert into StudentCareer (careerId, studentId, graduationDate, signUpDate) values (1, 204, null, '2012-03-09');
insert into StudentCareer (careerId, studentId, graduationDate, signUpDate) values (32, 270, null, '2016-01-25');
insert into StudentCareer (careerId, studentId, graduationDate, signUpDate) values (35, 424, '2001-10-04', '2012-03-02');
insert into StudentCareer (careerId, studentId, graduationDate, signUpDate) values (9, 700, null, '1998-06-24');
insert into StudentCareer (careerId, studentId, graduationDate, signUpDate) values (31, 312, null, '2003-01-14');
insert into StudentCareer (careerId, studentId, graduationDate, signUpDate) values (40, 378, null, '1995-08-22');
insert into StudentCareer (careerId, studentId, graduationDate, signUpDate) values (31, 930, '1996-03-21', '1992-12-03');
insert into StudentCareer (careerId, studentId, graduationDate, signUpDate) values (23, 567, '2005-12-23', '1997-05-08');
insert into StudentCareer (careerId, studentId, graduationDate, signUpDate) values (18, 773, '2008-02-24', '2006-05-15');
insert into StudentCareer (careerId, studentId, graduationDate, signUpDate) values (34, 860, '2013-06-19', '2004-09-18');
insert into StudentCareer (careerId, studentId, graduationDate, signUpDate) values (41, 556, '2020-11-28', '2000-01-31');
insert into StudentCareer (careerId, studentId, graduationDate, signUpDate) values (11, 31, '2004-04-30', '2006-09-06');
insert into StudentCareer (careerId, studentId, graduationDate, signUpDate) values (6, 683, null, '2021-05-16');
insert into StudentCareer (careerId, studentId, graduationDate, signUpDate) values (44, 251, '2013-05-14', '2013-09-09');
insert into StudentCareer (careerId, studentId, graduationDate, signUpDate) values (34, 1, '2006-01-06', '2022-08-22');
insert into StudentCareer (careerId, studentId, graduationDate, signUpDate) values (46, 615, null, '2006-02-17');
insert into StudentCareer (careerId, studentId, graduationDate, signUpDate) values (37, 906, '2011-07-09', '1998-05-27');
insert into StudentCareer (careerId, studentId, graduationDate, signUpDate) values (37, 159, '2013-11-10', '2010-12-08');
insert into StudentCareer (careerId, studentId, graduationDate, signUpDate) values (41, 110, null, '2012-01-09');
insert into StudentCareer (careerId, studentId, graduationDate, signUpDate) values (6, 855, '2019-03-27', '2001-10-15');
insert into StudentCareer (careerId, studentId, graduationDate, signUpDate) values (40, 51, '2020-03-17', '1995-02-26');
insert into StudentCareer (careerId, studentId, graduationDate, signUpDate) values (12, 971, null, '2015-02-11');
insert into StudentCareer (careerId, studentId, graduationDate, signUpDate) values (16, 564, '2009-09-04', '1994-07-09');
insert into StudentCareer (careerId, studentId, graduationDate, signUpDate) values (16, 879, '2014-11-16', '2022-08-06');
insert into StudentCareer (careerId, studentId, graduationDate, signUpDate) values (38, 597, null, '1992-10-25');
insert into StudentCareer (careerId, studentId, graduationDate, signUpDate) values (41, 231, null, '2021-12-07');
insert into StudentCareer (careerId, studentId, graduationDate, signUpDate) values (37, 982, null, '1994-06-29');
insert into StudentCareer (careerId, studentId, graduationDate, signUpDate) values (35, 767, null, '2008-03-23');
insert into StudentCareer (careerId, studentId, graduationDate, signUpDate) values (6, 303, null, '2013-03-22');
insert into StudentCareer (careerId, studentId, graduationDate, signUpDate) values (39, 536, null, '2019-08-15');
insert into StudentCareer (careerId, studentId, graduationDate, signUpDate) values (27, 975, null, '2020-01-05');
insert into StudentCareer (careerId, studentId, graduationDate, signUpDate) values (31, 133, '1998-07-16', '2005-06-19');
insert into StudentCareer (careerId, studentId, graduationDate, signUpDate) values (7, 916, '2008-07-20', '2008-07-27');
insert into StudentCareer (careerId, studentId, graduationDate, signUpDate) values (10, 961, null, '2011-04-24');
insert into StudentCareer (careerId, studentId, graduationDate, signUpDate) values (3, 75, null, '2018-01-24');
insert into StudentCareer (careerId, studentId, graduationDate, signUpDate) values (25, 617, null, '2020-08-24');
insert into StudentCareer (careerId, studentId, graduationDate, signUpDate) values (35, 67, null, '2019-03-18');
insert into StudentCareer (careerId, studentId, graduationDate, signUpDate) values (22, 894, null, '1995-05-25');
insert into StudentCareer (careerId, studentId, graduationDate, signUpDate) values (47, 226, null, '2010-04-13');
insert into StudentCareer (careerId, studentId, graduationDate, signUpDate) values (6, 274, '2007-05-01', '2019-01-24');
insert into StudentCareer (careerId, studentId, graduationDate, signUpDate) values (42, 515, null, '2002-02-12');
insert into StudentCareer (careerId, studentId, graduationDate, signUpDate) values (9, 815, null, '1992-06-27');
insert into StudentCareer (careerId, studentId, graduationDate, signUpDate) values (22, 998, null, '2007-12-30');
insert into StudentCareer (careerId, studentId, graduationDate, signUpDate) values (38, 81, '2013-05-03', '2018-12-23');
insert into StudentCareer (careerId, studentId, graduationDate, signUpDate) values (15, 506, '1998-07-23', '2018-01-03');
insert into StudentCareer (careerId, studentId, graduationDate, signUpDate) values (13, 114, null, '2013-10-19');
insert into StudentCareer (careerId, studentId, graduationDate, signUpDate) values (35, 39, null, '2003-07-25');
insert into StudentCareer (careerId, studentId, graduationDate, signUpDate) values (47, 320, null, '2008-01-28');
insert into StudentCareer (careerId, studentId, graduationDate, signUpDate) values (37, 295, null, '2005-08-19');
insert into StudentCareer (careerId, studentId, graduationDate, signUpDate) values (32, 183, null, '2008-04-28');
insert into StudentCareer (careerId, studentId, graduationDate, signUpDate) values (10, 146, '2005-01-05', '1998-07-22');
insert into StudentCareer (careerId, studentId, graduationDate, signUpDate) values (24, 941, '2004-12-28', '2003-02-21');
insert into StudentCareer (careerId, studentId, graduationDate, signUpDate) values (13, 942, null, '2015-07-14');
insert into StudentCareer (careerId, studentId, graduationDate, signUpDate) values (42, 330, null, '1993-05-07');
insert into StudentCareer (careerId, studentId, graduationDate, signUpDate) values (10, 242, '2004-02-21', '1991-01-23');
insert into StudentCareer (careerId, studentId, graduationDate, signUpDate) values (45, 300, null, '1997-05-07');
insert into StudentCareer (careerId, studentId, graduationDate, signUpDate) values (39, 156, null, '1996-07-10');
insert into StudentCareer (careerId, studentId, graduationDate, signUpDate) values (20, 587, '1997-11-30', '2011-12-23');
insert into StudentCareer (careerId, studentId, graduationDate, signUpDate) values (44, 701, '2018-07-20', '2002-04-03');
insert into StudentCareer (careerId, studentId, graduationDate, signUpDate) values (42, 357, '2019-07-14', '2002-03-07');
insert into StudentCareer (careerId, studentId, graduationDate, signUpDate) values (13, 18, '1996-11-02', '1996-08-31');
insert into StudentCareer (careerId, studentId, graduationDate, signUpDate) values (29, 147, '2017-12-07', '1993-10-15');
insert into StudentCareer (careerId, studentId, graduationDate, signUpDate) values (20, 881, null, '2010-01-09');
insert into StudentCareer (careerId, studentId, graduationDate, signUpDate) values (50, 228, '2012-03-29', '1994-04-27');
insert into StudentCareer (careerId, studentId, graduationDate, signUpDate) values (4, 83, '2011-05-23', '2001-12-18');
insert into StudentCareer (careerId, studentId, graduationDate, signUpDate) values (14, 999, null, '2015-06-23');
insert into StudentCareer (careerId, studentId, graduationDate, signUpDate) values (3, 613, '1999-09-07', '2000-09-13');
insert into StudentCareer (careerId, studentId, graduationDate, signUpDate) values (49, 549, '2003-03-07', '1996-05-07');
insert into StudentCareer (careerId, studentId, graduationDate, signUpDate) values (47, 348, null, '2014-07-22');
insert into StudentCareer (careerId, studentId, graduationDate, signUpDate) values (49, 903, null, '2002-10-11');
insert into StudentCareer (careerId, studentId, graduationDate, signUpDate) values (21, 675, '2009-03-08', '2015-02-13');
insert into StudentCareer (careerId, studentId, graduationDate, signUpDate) values (16, 29, null, '2006-10-09');
insert into StudentCareer (careerId, studentId, graduationDate, signUpDate) values (40, 257, null, '2017-08-02');
insert into StudentCareer (careerId, studentId, graduationDate, signUpDate) values (31, 914, '1996-11-05', '2002-11-05');
insert into StudentCareer (careerId, studentId, graduationDate, signUpDate) values (50, 998, null, '2000-04-22');
insert into StudentCareer (careerId, studentId, graduationDate, signUpDate) values (42, 420, '1998-03-13', '2003-04-19');
insert into StudentCareer (careerId, studentId, graduationDate, signUpDate) values (34, 882, '2006-04-29', '2000-06-14');
insert into StudentCareer (careerId, studentId, graduationDate, signUpDate) values (40, 353, '2014-07-26', '2000-08-17');
insert into StudentCareer (careerId, studentId, graduationDate, signUpDate) values (33, 450, '2002-11-23', '2013-08-08');
insert into StudentCareer (careerId, studentId, graduationDate, signUpDate) values (18, 904, null, '2001-08-07');
insert into StudentCareer (careerId, studentId, graduationDate, signUpDate) values (42, 225, '2015-10-20', '2000-02-22');
insert into StudentCareer (careerId, studentId, graduationDate, signUpDate) values (7, 234, null, '2017-02-16');
insert into StudentCareer (careerId, studentId, graduationDate, signUpDate) values (47, 558, '2001-06-30', '2005-02-02');
insert into StudentCareer (careerId, studentId, graduationDate, signUpDate) values (32, 1, '2009-11-03', '2005-01-24');
insert into StudentCareer (careerId, studentId, graduationDate, signUpDate) values (44, 909, null, '2006-12-02');
insert into StudentCareer (careerId, studentId, graduationDate, signUpDate) values (47, 103, '2004-10-23', '2016-10-09');
insert into StudentCareer (careerId, studentId, graduationDate, signUpDate) values (19, 705, null, '1999-07-24');
insert into StudentCareer (careerId, studentId, graduationDate, signUpDate) values (4, 918, null, '2009-06-14');
insert into StudentCareer (careerId, studentId, graduationDate, signUpDate) values (3, 700, null, '2018-12-09');
insert into StudentCareer (careerId, studentId, graduationDate, signUpDate) values (40, 960, null, '1994-12-23');
insert into StudentCareer (careerId, studentId, graduationDate, signUpDate) values (27, 91, '2004-04-18', '2008-03-13');
insert into StudentCareer (careerId, studentId, graduationDate, signUpDate) values (12, 180, null, '2012-01-11');
insert into StudentCareer (careerId, studentId, graduationDate, signUpDate) values (20, 517, null, '2006-10-22');
insert into StudentCareer (careerId, studentId, graduationDate, signUpDate) values (36, 455, '2011-03-01', '2004-09-03');
insert into StudentCareer (careerId, studentId, graduationDate, signUpDate) values (5, 63, null, '1994-04-30');
insert into StudentCareer (careerId, studentId, graduationDate, signUpDate) values (26, 109, '1999-05-28', '2001-05-23');
insert into StudentCareer (careerId, studentId, graduationDate, signUpDate) values (31, 244, null, '1996-09-24');
insert into StudentCareer (careerId, studentId, graduationDate, signUpDate) values (10, 763, '2014-01-12', '2003-02-26');
insert into StudentCareer (careerId, studentId, graduationDate, signUpDate) values (21, 566, '2020-10-15', '2000-10-29');
insert into StudentCareer (careerId, studentId, graduationDate, signUpDate) values (23, 245, null, '2014-10-17');
insert into StudentCareer (careerId, studentId, graduationDate, signUpDate) values (22, 262, '1999-03-02', '1997-07-02');
insert into StudentCareer (careerId, studentId, graduationDate, signUpDate) values (32, 399, null, '1995-06-03');
insert into StudentCareer (careerId, studentId, graduationDate, signUpDate) values (1, 635, '2022-01-01', '1991-12-01');
insert into StudentCareer (careerId, studentId, graduationDate, signUpDate) values (48, 648, null, '2019-09-04');
insert into StudentCareer (careerId, studentId, graduationDate, signUpDate) values (42, 483, null, '2020-04-27');
insert into StudentCareer (careerId, studentId, graduationDate, signUpDate) values (22, 766, '2002-01-14', '2016-08-23');
insert into StudentCareer (careerId, studentId, graduationDate, signUpDate) values (34, 9, null, '2015-06-08');
insert into StudentCareer (careerId, studentId, graduationDate, signUpDate) values (50, 622, '2016-11-30', '2010-08-11');
insert into StudentCareer (careerId, studentId, graduationDate, signUpDate) values (6, 527, null, '1993-09-15');
insert into StudentCareer (careerId, studentId, graduationDate, signUpDate) values (41, 726, null, '1990-08-11');
insert into StudentCareer (careerId, studentId, graduationDate, signUpDate) values (6, 624, '2013-05-19', '2005-02-25');
insert into StudentCareer (careerId, studentId, graduationDate, signUpDate) values (45, 252, null, '2007-11-24');
insert into StudentCareer (careerId, studentId, graduationDate, signUpDate) values (1, 971, null, '1995-12-30');
insert into StudentCareer (careerId, studentId, graduationDate, signUpDate) values (35, 843, null, '1998-02-13');
insert into StudentCareer (careerId, studentId, graduationDate, signUpDate) values (50, 905, null, '1995-09-06');
insert into StudentCareer (careerId, studentId, graduationDate, signUpDate) values (34, 533, '2000-03-19', '2017-08-16');
insert into StudentCareer (careerId, studentId, graduationDate, signUpDate) values (8, 392, '2019-03-24', '2013-09-08');
insert into StudentCareer (careerId, studentId, graduationDate, signUpDate) values (24, 616, null, '2016-12-13');
insert into StudentCareer (careerId, studentId, graduationDate, signUpDate) values (41, 5, null, '2002-09-26');
insert into StudentCareer (careerId, studentId, graduationDate, signUpDate) values (10, 214, null, '2019-10-25');
insert into StudentCareer (careerId, studentId, graduationDate, signUpDate) values (3, 359, null, '1997-04-06');
insert into StudentCareer (careerId, studentId, graduationDate, signUpDate) values (17, 145, null, '2018-04-19');
insert into StudentCareer (careerId, studentId, graduationDate, signUpDate) values (7, 353, null, '2013-08-14');
insert into StudentCareer (careerId, studentId, graduationDate, signUpDate) values (42, 660, '2008-08-06', '2009-06-17');
insert into StudentCareer (careerId, studentId, graduationDate, signUpDate) values (7, 351, null, '1991-12-12');
insert into StudentCareer (careerId, studentId, graduationDate, signUpDate) values (34, 848, '2012-05-05', '2011-07-11');
insert into StudentCareer (careerId, studentId, graduationDate, signUpDate) values (42, 666, null, '2021-06-13');
insert into StudentCareer (careerId, studentId, graduationDate, signUpDate) values (31, 590, null, '2014-07-06');
insert into StudentCareer (careerId, studentId, graduationDate, signUpDate) values (7, 42, null, '2019-01-19');
insert into StudentCareer (careerId, studentId, graduationDate, signUpDate) values (30, 787, '2021-02-12', '2022-04-27');
insert into StudentCareer (careerId, studentId, graduationDate, signUpDate) values (47, 864, null, '2001-03-15');
insert into StudentCareer (careerId, studentId, graduationDate, signUpDate) values (46, 141, null, '2007-10-15');
insert into StudentCareer (careerId, studentId, graduationDate, signUpDate) values (49, 967, null, '2021-08-07');
insert into StudentCareer (careerId, studentId, graduationDate, signUpDate) values (17, 836, '2011-08-01', '2002-02-01');
insert into StudentCareer (careerId, studentId, graduationDate, signUpDate) values (18, 986, null, '2020-08-11');
insert into StudentCareer (careerId, studentId, graduationDate, signUpDate) values (8, 829, '2018-08-12', '1990-01-07');
insert into StudentCareer (careerId, studentId, graduationDate, signUpDate) values (4, 647, null, '2002-04-10');
insert into StudentCareer (careerId, studentId, graduationDate, signUpDate) values (4, 469, '2009-04-02', '1993-05-23');
insert into StudentCareer (careerId, studentId, graduationDate, signUpDate) values (28, 154, '1997-12-09', '2008-10-26');
insert into StudentCareer (careerId, studentId, graduationDate, signUpDate) values (8, 909, '2018-06-11', '1994-10-03');
insert into StudentCareer (careerId, studentId, graduationDate, signUpDate) values (13, 381, null, '2015-06-15');
insert into StudentCareer (careerId, studentId, graduationDate, signUpDate) values (47, 808, '2009-12-31', '1992-07-01');
insert into StudentCareer (careerId, studentId, graduationDate, signUpDate) values (46, 168, null, '2007-01-25');
insert into StudentCareer (careerId, studentId, graduationDate, signUpDate) values (28, 978, null, '2017-12-15');
insert into StudentCareer (careerId, studentId, graduationDate, signUpDate) values (41, 783, null, '1995-07-17');
insert into StudentCareer (careerId, studentId, graduationDate, signUpDate) values (23, 373, null, '2020-04-11');
insert into StudentCareer (careerId, studentId, graduationDate, signUpDate) values (23, 806, '1997-01-27', '2016-01-11');
insert into StudentCareer (careerId, studentId, graduationDate, signUpDate) values (18, 301, '2017-11-22', '1996-10-08');
insert into StudentCareer (careerId, studentId, graduationDate, signUpDate) values (15, 782, null, '2007-01-26');
insert into StudentCareer (careerId, studentId, graduationDate, signUpDate) values (32, 137, null, '2000-07-08');
insert into StudentCareer (careerId, studentId, graduationDate, signUpDate) values (36, 400, '2011-10-18', '2010-07-29');
insert into StudentCareer (careerId, studentId, graduationDate, signUpDate) values (36, 242, '2016-03-31', '2002-08-14');
insert into StudentCareer (careerId, studentId, graduationDate, signUpDate) values (2, 587, '2012-12-01', '1999-11-19');
insert into StudentCareer (careerId, studentId, graduationDate, signUpDate) values (11, 572, '2005-10-26', '2006-07-27');
insert into StudentCareer (careerId, studentId, graduationDate, signUpDate) values (42, 995, '2013-10-18', '2005-05-16');
insert into StudentCareer (careerId, studentId, graduationDate, signUpDate) values (18, 293, '2017-10-21', '2005-02-24');
insert into StudentCareer (careerId, studentId, graduationDate, signUpDate) values (45, 759, '1995-09-22', '2004-08-18');
insert into StudentCareer (careerId, studentId, graduationDate, signUpDate) values (12, 204, '2002-02-14', '1996-03-07');
insert into StudentCareer (careerId, studentId, graduationDate, signUpDate) values (7, 748, null, '1990-05-18');
insert into StudentCareer (careerId, studentId, graduationDate, signUpDate) values (23, 441, '2008-02-03', '2018-01-10');
insert into StudentCareer (careerId, studentId, graduationDate, signUpDate) values (1, 116, null, '2001-06-11');
insert into StudentCareer (careerId, studentId, graduationDate, signUpDate) values (48, 584, '2002-02-20', '1999-04-21');
insert into StudentCareer (careerId, studentId, graduationDate, signUpDate) values (14, 59, null, '2005-11-17');
insert into StudentCareer (careerId, studentId, graduationDate, signUpDate) values (36, 235, '2019-08-29', '2017-12-29');
insert into StudentCareer (careerId, studentId, graduationDate, signUpDate) values (27, 427, '2000-08-12', '2008-02-24');
insert into StudentCareer (careerId, studentId, graduationDate, signUpDate) values (45, 586, '2017-01-22', '1993-10-09');
insert into StudentCareer (careerId, studentId, graduationDate, signUpDate) values (27, 406, '2015-01-19', '1999-01-02');
insert into StudentCareer (careerId, studentId, graduationDate, signUpDate) values (39, 555, null, '2005-09-03');
insert into StudentCareer (careerId, studentId, graduationDate, signUpDate) values (45, 272, '2018-08-21', '2008-10-24');
insert into StudentCareer (careerId, studentId, graduationDate, signUpDate) values (4, 386, '2018-10-18', '2015-03-27');
insert into StudentCareer (careerId, studentId, graduationDate, signUpDate) values (40, 166, '2016-11-04', '1998-10-09');
insert into StudentCareer (careerId, studentId, graduationDate, signUpDate) values (2, 432, '2000-08-24', '2004-01-30');
insert into StudentCareer (careerId, studentId, graduationDate, signUpDate) values (13, 390, null, '2000-09-07');
insert into StudentCareer (careerId, studentId, graduationDate, signUpDate) values (49, 215, null, '2015-08-03');
insert into StudentCareer (careerId, studentId, graduationDate, signUpDate) values (14, 43, null, '1995-05-11');
insert into StudentCareer (careerId, studentId, graduationDate, signUpDate) values (43, 470, null, '1998-06-15');
insert into StudentCareer (careerId, studentId, graduationDate, signUpDate) values (15, 93, null, '2009-06-25');
insert into StudentCareer (careerId, studentId, graduationDate, signUpDate) values (40, 826, null, '2017-01-21');
insert into StudentCareer (careerId, studentId, graduationDate, signUpDate) values (25, 894, null, '2001-11-27');
insert into StudentCareer (careerId, studentId, graduationDate, signUpDate) values (47, 768, '2001-11-02', '2015-07-29');
insert into StudentCareer (careerId, studentId, graduationDate, signUpDate) values (30, 598, '1996-10-11', '2016-06-27');
insert into StudentCareer (careerId, studentId, graduationDate, signUpDate) values (24, 537, '2000-09-26', '2018-09-21');
insert into StudentCareer (careerId, studentId, graduationDate, signUpDate) values (30, 20, '2018-05-21', '2000-10-04');
insert into StudentCareer (careerId, studentId, graduationDate, signUpDate) values (21, 376, null, '1995-04-30');
insert into StudentCareer (careerId, studentId, graduationDate, signUpDate) values (16, 932, null, '2014-08-29');
insert into StudentCareer (careerId, studentId, graduationDate, signUpDate) values (47, 837, null, '2020-06-07');
insert into StudentCareer (careerId, studentId, graduationDate, signUpDate) values (33, 9, null, '1992-06-02');
insert into StudentCareer (careerId, studentId, graduationDate, signUpDate) values (29, 650, '2020-01-23', '2005-03-19');
insert into StudentCareer (careerId, studentId, graduationDate, signUpDate) values (33, 569, '2000-02-02', '2021-01-23');
insert into StudentCareer (careerId, studentId, graduationDate, signUpDate) values (17, 370, null, '2004-07-19');
insert into StudentCareer (careerId, studentId, graduationDate, signUpDate) values (19, 896, null, '2016-12-11');
insert into StudentCareer (careerId, studentId, graduationDate, signUpDate) values (14, 369, null, '2020-02-29');
insert into StudentCareer (careerId, studentId, graduationDate, signUpDate) values (42, 409, '2009-03-21', '2001-02-16');
insert into StudentCareer (careerId, studentId, graduationDate, signUpDate) values (29, 717, null, '1996-03-25');
insert into StudentCareer (careerId, studentId, graduationDate, signUpDate) values (4, 668, null, '1997-03-28');
insert into StudentCareer (careerId, studentId, graduationDate, signUpDate) values (27, 209, '2012-02-12', '2018-03-18');
insert into StudentCareer (careerId, studentId, graduationDate, signUpDate) values (46, 4, null, '2018-12-24');
insert into StudentCareer (careerId, studentId, graduationDate, signUpDate) values (18, 133, null, '2001-04-02');
insert into StudentCareer (careerId, studentId, graduationDate, signUpDate) values (25, 410, '2013-01-16', '2007-08-17');
insert into StudentCareer (careerId, studentId, graduationDate, signUpDate) values (41, 609, null, '2018-06-26');
insert into StudentCareer (careerId, studentId, graduationDate, signUpDate) values (17, 329, '2009-03-15', '2018-09-21');
insert into StudentCareer (careerId, studentId, graduationDate, signUpDate) values (9, 967, null, '2013-05-27');
insert into StudentCareer (careerId, studentId, graduationDate, signUpDate) values (25, 561, null, '2003-12-14');
insert into StudentCareer (careerId, studentId, graduationDate, signUpDate) values (40, 523, '2004-08-11', '1993-05-09');
insert into StudentCareer (careerId, studentId, graduationDate, signUpDate) values (18, 436, null, '2022-08-12');
insert into StudentCareer (careerId, studentId, graduationDate, signUpDate) values (47, 764, null, '2016-02-18');
insert into StudentCareer (careerId, studentId, graduationDate, signUpDate) values (2, 918, null, '1990-07-16');
insert into StudentCareer (careerId, studentId, graduationDate, signUpDate) values (26, 550, '2015-07-08', '1994-12-14');
insert into StudentCareer (careerId, studentId, graduationDate, signUpDate) values (39, 688, null, '2006-06-14');
insert into StudentCareer (careerId, studentId, graduationDate, signUpDate) values (42, 167, '2021-01-22', '1999-02-16');
insert into StudentCareer (careerId, studentId, graduationDate, signUpDate) values (37, 452, '1996-05-03', '2021-01-29');
insert into StudentCareer (careerId, studentId, graduationDate, signUpDate) values (43, 971, '2019-12-05', '2019-07-27');
insert into StudentCareer (careerId, studentId, graduationDate, signUpDate) values (32, 252, null, '2000-01-01');
insert into StudentCareer (careerId, studentId, graduationDate, signUpDate) values (50, 198, null, '2016-06-22');
insert into StudentCareer (careerId, studentId, graduationDate, signUpDate) values (2, 284, '2021-08-23', '2018-07-16');
insert into StudentCareer (careerId, studentId, graduationDate, signUpDate) values (10, 651, '2003-07-07', '2021-01-10');
insert into StudentCareer (careerId, studentId, graduationDate, signUpDate) values (8, 105, '2002-05-20', '1993-07-27');
insert into StudentCareer (careerId, studentId, graduationDate, signUpDate) values (18, 982, '2013-06-15', '2018-05-21');
insert into StudentCareer (careerId, studentId, graduationDate, signUpDate) values (6, 890, '1998-10-12', '2015-11-20');
insert into StudentCareer (careerId, studentId, graduationDate, signUpDate) values (21, 869, '2012-09-13', '2018-10-21');
insert into StudentCareer (careerId, studentId, graduationDate, signUpDate) values (22, 289, null, '1997-10-11');
insert into StudentCareer (careerId, studentId, graduationDate, signUpDate) values (21, 632, null, '1996-11-11');
insert into StudentCareer (careerId, studentId, graduationDate, signUpDate) values (43, 23, '2001-08-09', '2006-05-21');
insert into StudentCareer (careerId, studentId, graduationDate, signUpDate) values (25, 784, null, '2001-03-25');
insert into StudentCareer (careerId, studentId, graduationDate, signUpDate) values (81, 828, '2012-10-06', '2020-01-22');
insert into StudentCareer (careerId, studentId, graduationDate, signUpDate) values (91, 190, '2010-02-20', '2019-12-08');
insert into StudentCareer (careerId, studentId, graduationDate, signUpDate) values (73, 479, null, '2012-06-13');
insert into StudentCareer (careerId, studentId, graduationDate, signUpDate) values (56, 934, null, '2019-04-18');
insert into StudentCareer (careerId, studentId, graduationDate, signUpDate) values (64, 499, null, '2007-04-17');
insert into StudentCareer (careerId, studentId, graduationDate, signUpDate) values (90, 920, '2019-09-13', '2022-06-28');
insert into StudentCareer (careerId, studentId, graduationDate, signUpDate) values (96, 967, null, '2006-03-21');
insert into StudentCareer (careerId, studentId, graduationDate, signUpDate) values (67, 4, '2012-09-09', '2022-02-26');
insert into StudentCareer (careerId, studentId, graduationDate, signUpDate) values (96, 107, null, '2017-12-08');
insert into StudentCareer (careerId, studentId, graduationDate, signUpDate) values (55, 672, null, '2008-01-20');
insert into StudentCareer (careerId, studentId, graduationDate, signUpDate) values (58, 35, null, '2019-02-14');
insert into StudentCareer (careerId, studentId, graduationDate, signUpDate) values (96, 367, '2009-07-25', '2021-08-25');
insert into StudentCareer (careerId, studentId, graduationDate, signUpDate) values (94, 978, null, '2020-11-22');
insert into StudentCareer (careerId, studentId, graduationDate, signUpDate) values (70, 187, null, '2014-04-15');
insert into StudentCareer (careerId, studentId, graduationDate, signUpDate) values (62, 298, '2017-05-15', '2007-07-31');
insert into StudentCareer (careerId, studentId, graduationDate, signUpDate) values (56, 57, null, '2005-04-01');
insert into StudentCareer (careerId, studentId, graduationDate, signUpDate) values (51, 126, null, '1990-08-24');
insert into StudentCareer (careerId, studentId, graduationDate, signUpDate) values (74, 591, null, '1998-12-18');
insert into StudentCareer (careerId, studentId, graduationDate, signUpDate) values (82, 111, null, '2020-03-22');
insert into StudentCareer (careerId, studentId, graduationDate, signUpDate) values (88, 442, '2001-12-08', '1995-11-08');
insert into StudentCareer (careerId, studentId, graduationDate, signUpDate) values (61, 382, null, '2016-06-13');
insert into StudentCareer (careerId, studentId, graduationDate, signUpDate) values (68, 578, '2019-09-13', '2010-09-01');
insert into StudentCareer (careerId, studentId, graduationDate, signUpDate) values (65, 630, null, '2001-08-13');
insert into StudentCareer (careerId, studentId, graduationDate, signUpDate) values (62, 110, '1997-09-16', '2001-04-13');
insert into StudentCareer (careerId, studentId, graduationDate, signUpDate) values (61, 378, null, '2000-06-04');
insert into StudentCareer (careerId, studentId, graduationDate, signUpDate) values (95, 594, null, '2019-02-13');
insert into StudentCareer (careerId, studentId, graduationDate, signUpDate) values (62, 198, null, '1995-04-04');
insert into StudentCareer (careerId, studentId, graduationDate, signUpDate) values (93, 546, null, '1993-08-24');
insert into StudentCareer (careerId, studentId, graduationDate, signUpDate) values (69, 983, null, '2014-05-12');
insert into StudentCareer (careerId, studentId, graduationDate, signUpDate) values (78, 978, '2014-09-03', '2022-07-09');
insert into StudentCareer (careerId, studentId, graduationDate, signUpDate) values (57, 424, '2000-06-22', '2016-04-06');
insert into StudentCareer (careerId, studentId, graduationDate, signUpDate) values (89, 551, null, '1999-12-16');
insert into StudentCareer (careerId, studentId, graduationDate, signUpDate) values (99, 873, null, '1998-02-18');
insert into StudentCareer (careerId, studentId, graduationDate, signUpDate) values (58, 657, '2021-06-11', '2006-08-30');
insert into StudentCareer (careerId, studentId, graduationDate, signUpDate) values (97, 751, null, '1991-10-28');
insert into StudentCareer (careerId, studentId, graduationDate, signUpDate) values (73, 24, '2017-03-10', '2008-07-08');
insert into StudentCareer (careerId, studentId, graduationDate, signUpDate) values (75, 253, '2001-02-16', '2006-01-05');
insert into StudentCareer (careerId, studentId, graduationDate, signUpDate) values (55, 318, null, '2003-10-31');
insert into StudentCareer (careerId, studentId, graduationDate, signUpDate) values (63, 279, '2017-01-17', '1993-01-10');
insert into StudentCareer (careerId, studentId, graduationDate, signUpDate) values (77, 716, null, '2008-08-30');
insert into StudentCareer (careerId, studentId, graduationDate, signUpDate) values (51, 220, null, '2003-12-12');
insert into StudentCareer (careerId, studentId, graduationDate, signUpDate) values (72, 987, null, '2022-05-06');
insert into StudentCareer (careerId, studentId, graduationDate, signUpDate) values (65, 78, null, '2018-08-04');
insert into StudentCareer (careerId, studentId, graduationDate, signUpDate) values (72, 672, null, '2010-12-07');
insert into StudentCareer (careerId, studentId, graduationDate, signUpDate) values (94, 609, '2019-05-11', '2004-03-26');
insert into StudentCareer (careerId, studentId, graduationDate, signUpDate) values (90, 782, '2012-03-06', '2010-04-19');
insert into StudentCareer (careerId, studentId, graduationDate, signUpDate) values (99, 564, null, '1991-08-04');
insert into StudentCareer (careerId, studentId, graduationDate, signUpDate) values (59, 607, null, '2010-01-14');
insert into StudentCareer (careerId, studentId, graduationDate, signUpDate) values (96, 431, null, '2004-07-19');
insert into StudentCareer (careerId, studentId, graduationDate, signUpDate) values (77, 195, '2006-02-18', '2000-01-06');
insert into StudentCareer (careerId, studentId, graduationDate, signUpDate) values (53, 398, null, '2007-04-30');
insert into StudentCareer (careerId, studentId, graduationDate, signUpDate) values (83, 374, '1997-11-25', '2004-06-25');
insert into StudentCareer (careerId, studentId, graduationDate, signUpDate) values (72, 37, null, '2022-04-09');
insert into StudentCareer (careerId, studentId, graduationDate, signUpDate) values (52, 985, '1999-08-04', '1992-02-23');
insert into StudentCareer (careerId, studentId, graduationDate, signUpDate) values (54, 927, '2007-01-13', '1996-08-13');
insert into StudentCareer (careerId, studentId, graduationDate, signUpDate) values (59, 345, '1998-10-19', '1990-12-29');
insert into StudentCareer (careerId, studentId, graduationDate, signUpDate) values (65, 661, '2019-02-05', '2000-06-05');
insert into StudentCareer (careerId, studentId, graduationDate, signUpDate) values (86, 265, '1996-01-18', '1991-08-03');
insert into StudentCareer (careerId, studentId, graduationDate, signUpDate) values (67, 367, '2021-10-23', '2008-10-07');
insert into StudentCareer (careerId, studentId, graduationDate, signUpDate) values (98, 637, null, '2002-08-14');
insert into StudentCareer (careerId, studentId, graduationDate, signUpDate) values (59, 973, '2003-04-21', '1992-04-24');
insert into StudentCareer (careerId, studentId, graduationDate, signUpDate) values (87, 128, null, '2008-01-26');
insert into StudentCareer (careerId, studentId, graduationDate, signUpDate) values (79, 275, '1995-06-04', '1991-09-13');
insert into StudentCareer (careerId, studentId, graduationDate, signUpDate) values (85, 408, '2002-04-16', '1997-02-07');
insert into StudentCareer (careerId, studentId, graduationDate, signUpDate) values (59, 285, null, '2017-10-30');
insert into StudentCareer (careerId, studentId, graduationDate, signUpDate) values (53, 127, '1999-07-24', '2008-10-31');
insert into StudentCareer (careerId, studentId, graduationDate, signUpDate) values (97, 432, '2003-11-07', '2009-02-12');
insert into StudentCareer (careerId, studentId, graduationDate, signUpDate) values (56, 597, '2017-08-12', '1990-01-31');
insert into StudentCareer (careerId, studentId, graduationDate, signUpDate) values (78, 694, '2004-12-31', '2017-11-04');
insert into StudentCareer (careerId, studentId, graduationDate, signUpDate) values (73, 896, '2017-11-28', '2009-12-28');
insert into StudentCareer (careerId, studentId, graduationDate, signUpDate) values (59, 728, null, '1992-07-03');
insert into StudentCareer (careerId, studentId, graduationDate, signUpDate) values (77, 780, '2020-05-31', '2019-05-24');
insert into StudentCareer (careerId, studentId, graduationDate, signUpDate) values (52, 463, null, '2010-04-26');
insert into StudentCareer (careerId, studentId, graduationDate, signUpDate) values (53, 484, '2018-01-29', '1994-02-02');
insert into StudentCareer (careerId, studentId, graduationDate, signUpDate) values (83, 643, null, '1990-02-08');
insert into StudentCareer (careerId, studentId, graduationDate, signUpDate) values (64, 153, null, '1997-10-10');
insert into StudentCareer (careerId, studentId, graduationDate, signUpDate) values (80, 464, '2005-07-08', '2009-02-22');
insert into StudentCareer (careerId, studentId, graduationDate, signUpDate) values (62, 275, '2000-03-28', '2013-06-20');
insert into StudentCareer (careerId, studentId, graduationDate, signUpDate) values (99, 785, '2015-11-07', '2018-09-16');
insert into StudentCareer (careerId, studentId, graduationDate, signUpDate) values (81, 351, null, '2004-07-16');
insert into StudentCareer (careerId, studentId, graduationDate, signUpDate) values (81, 673, '2021-04-22', '2015-04-27');
insert into StudentCareer (careerId, studentId, graduationDate, signUpDate) values (98, 339, '2004-05-18', '1992-08-25');
insert into StudentCareer (careerId, studentId, graduationDate, signUpDate) values (68, 618, '2003-12-04', '2010-03-27');
insert into StudentCareer (careerId, studentId, graduationDate, signUpDate) values (51, 956, '2006-03-17', '1994-10-15');
insert into StudentCareer (careerId, studentId, graduationDate, signUpDate) values (96, 536, '2017-06-04', '2018-09-10');
insert into StudentCareer (careerId, studentId, graduationDate, signUpDate) values (89, 166, '2002-01-06', '2020-01-19');
insert into StudentCareer (careerId, studentId, graduationDate, signUpDate) values (53, 163, null, '2019-05-21');
insert into StudentCareer (careerId, studentId, graduationDate, signUpDate) values (86, 822, '2008-07-24', '2021-08-23');
insert into StudentCareer (careerId, studentId, graduationDate, signUpDate) values (89, 532, '2004-03-18', '1998-07-05');
insert into StudentCareer (careerId, studentId, graduationDate, signUpDate) values (54, 966, null, '2001-12-20');
insert into StudentCareer (careerId, studentId, graduationDate, signUpDate) values (84, 210, '2013-05-04', '2007-03-11');
insert into StudentCareer (careerId, studentId, graduationDate, signUpDate) values (74, 902, null, '2004-05-16');
insert into StudentCareer (careerId, studentId, graduationDate, signUpDate) values (53, 844, null, '2002-01-27');
insert into StudentCareer (careerId, studentId, graduationDate, signUpDate) values (51, 944, null, '2003-08-07');
insert into StudentCareer (careerId, studentId, graduationDate, signUpDate) values (67, 205, '2009-11-13', '2020-06-03');
insert into StudentCareer (careerId, studentId, graduationDate, signUpDate) values (78, 406, null, '2018-07-23');
insert into StudentCareer (careerId, studentId, graduationDate, signUpDate) values (93, 63, '2009-01-18', '2002-03-28');
insert into StudentCareer (careerId, studentId, graduationDate, signUpDate) values (100, 872, null, '2022-04-20');
insert into StudentCareer (careerId, studentId, graduationDate, signUpDate) values (97, 126, '2013-01-07', '1990-03-10');
insert into StudentCareer (careerId, studentId, graduationDate, signUpDate) values (60, 564, '2001-10-31', '1995-04-29');
insert into StudentCareer (careerId, studentId, graduationDate, signUpDate) values (86, 901, null, '2009-07-22');
insert into StudentCareer (careerId, studentId, graduationDate, signUpDate) values (51, 92, '2007-09-30', '1990-04-18');
insert into StudentCareer (careerId, studentId, graduationDate, signUpDate) values (80, 585, null, '2018-01-21');
insert into StudentCareer (careerId, studentId, graduationDate, signUpDate) values (86, 374, '2009-05-12', '2006-07-04');
insert into StudentCareer (careerId, studentId, graduationDate, signUpDate) values (62, 231, null, '2017-02-07');
insert into StudentCareer (careerId, studentId, graduationDate, signUpDate) values (92, 730, '2008-04-30', '1999-01-23');
insert into StudentCareer (careerId, studentId, graduationDate, signUpDate) values (95, 730, '2016-06-13', '2014-10-15');
insert into StudentCareer (careerId, studentId, graduationDate, signUpDate) values (77, 183, '2017-03-24', '2014-03-11');
insert into StudentCareer (careerId, studentId, graduationDate, signUpDate) values (65, 939, null, '2008-09-29');
insert into StudentCareer (careerId, studentId, graduationDate, signUpDate) values (78, 490, '2003-03-02', '2006-09-20');
insert into StudentCareer (careerId, studentId, graduationDate, signUpDate) values (71, 919, null, '2001-04-13');
insert into StudentCareer (careerId, studentId, graduationDate, signUpDate) values (78, 948, '1996-09-16', '2015-04-27');
insert into StudentCareer (careerId, studentId, graduationDate, signUpDate) values (80, 120, '2013-10-20', '2001-11-11');
insert into StudentCareer (careerId, studentId, graduationDate, signUpDate) values (56, 845, '2020-02-17', '1991-11-03');
insert into StudentCareer (careerId, studentId, graduationDate, signUpDate) values (69, 379, '2004-08-13', '2021-07-06');
insert into StudentCareer (careerId, studentId, graduationDate, signUpDate) values (71, 9, null, '2008-12-15');
insert into StudentCareer (careerId, studentId, graduationDate, signUpDate) values (84, 499, '2009-11-10', '2020-06-27');
insert into StudentCareer (careerId, studentId, graduationDate, signUpDate) values (53, 601, '2000-08-26', '1999-06-26');
insert into StudentCareer (careerId, studentId, graduationDate, signUpDate) values (79, 673, null, '2001-06-23');
insert into StudentCareer (careerId, studentId, graduationDate, signUpDate) values (84, 960, null, '2013-04-19');
insert into StudentCareer (careerId, studentId, graduationDate, signUpDate) values (89, 328, '2018-09-04', '2015-10-26');
insert into StudentCareer (careerId, studentId, graduationDate, signUpDate) values (74, 992, null, '2017-09-08');
insert into StudentCareer (careerId, studentId, graduationDate, signUpDate) values (93, 873, null, '2018-05-13');
insert into StudentCareer (careerId, studentId, graduationDate, signUpDate) values (81, 867, null, '2017-02-24');
insert into StudentCareer (careerId, studentId, graduationDate, signUpDate) values (60, 101, '2000-12-13', '1992-10-06');
insert into StudentCareer (careerId, studentId, graduationDate, signUpDate) values (62, 894, null, '1992-05-11');
insert into StudentCareer (careerId, studentId, graduationDate, signUpDate) values (88, 531, null, '2000-02-17');
insert into StudentCareer (careerId, studentId, graduationDate, signUpDate) values (57, 692, '2001-12-13', '2007-01-13');
insert into StudentCareer (careerId, studentId, graduationDate, signUpDate) values (93, 961, null, '2007-04-23');
insert into StudentCareer (careerId, studentId, graduationDate, signUpDate) values (83, 306, null, '1993-05-05');
insert into StudentCareer (careerId, studentId, graduationDate, signUpDate) values (87, 644, '2004-09-13', '1992-02-22');
insert into StudentCareer (careerId, studentId, graduationDate, signUpDate) values (88, 271, '2018-05-14', '2003-12-06');
insert into StudentCareer (careerId, studentId, graduationDate, signUpDate) values (69, 434, '2010-02-15', '2015-04-13');
insert into StudentCareer (careerId, studentId, graduationDate, signUpDate) values (77, 863, '2021-09-26', '1994-06-06');
insert into StudentCareer (careerId, studentId, graduationDate, signUpDate) values (72, 550, '2015-08-08', '2018-04-16');
insert into StudentCareer (careerId, studentId, graduationDate, signUpDate) values (72, 599, null, '2012-01-14');
insert into StudentCareer (careerId, studentId, graduationDate, signUpDate) values (58, 396, '2001-01-11', '2004-04-12');
insert into StudentCareer (careerId, studentId, graduationDate, signUpDate) values (63, 68, null, '1994-08-27');
insert into StudentCareer (careerId, studentId, graduationDate, signUpDate) values (80, 480, '1996-06-28', '1998-07-09');
insert into StudentCareer (careerId, studentId, graduationDate, signUpDate) values (99, 963, null, '2011-08-19');
insert into StudentCareer (careerId, studentId, graduationDate, signUpDate) values (52, 547, null, '2017-02-06');
insert into StudentCareer (careerId, studentId, graduationDate, signUpDate) values (93, 308, null, '2005-06-10');
insert into StudentCareer (careerId, studentId, graduationDate, signUpDate) values (91, 446, '2003-04-03', '2019-03-13');
insert into StudentCareer (careerId, studentId, graduationDate, signUpDate) values (67, 782, null, '1998-03-19');
insert into StudentCareer (careerId, studentId, graduationDate, signUpDate) values (64, 555, '2020-12-10', '2018-03-03');
insert into StudentCareer (careerId, studentId, graduationDate, signUpDate) values (69, 415, '1997-05-01', '1991-03-26');
insert into StudentCareer (careerId, studentId, graduationDate, signUpDate) values (75, 58, '2000-10-16', '2008-04-15');
insert into StudentCareer (careerId, studentId, graduationDate, signUpDate) values (83, 476, '1998-12-01', '2000-06-24');
insert into StudentCareer (careerId, studentId, graduationDate, signUpDate) values (61, 710, null, '2002-12-07');
insert into StudentCareer (careerId, studentId, graduationDate, signUpDate) values (89, 641, '2016-12-16', '1995-12-13');
insert into StudentCareer (careerId, studentId, graduationDate, signUpDate) values (83, 493, null, '1998-09-08');
insert into StudentCareer (careerId, studentId, graduationDate, signUpDate) values (74, 600, null, '2002-08-01');
insert into StudentCareer (careerId, studentId, graduationDate, signUpDate) values (66, 270, '1995-11-29', '2008-11-08');
insert into StudentCareer (careerId, studentId, graduationDate, signUpDate) values (82, 371, '2017-11-30', '2022-04-28');
insert into StudentCareer (careerId, studentId, graduationDate, signUpDate) values (70, 742, null, '2011-05-13');
insert into StudentCareer (careerId, studentId, graduationDate, signUpDate) values (56, 877, null, '2008-11-23');
insert into StudentCareer (careerId, studentId, graduationDate, signUpDate) values (99, 673, null, '2019-05-24');
insert into StudentCareer (careerId, studentId, graduationDate, signUpDate) values (60, 324, null, '1993-06-10');
insert into StudentCareer (careerId, studentId, graduationDate, signUpDate) values (51, 224, '2012-02-05', '2018-12-24');
insert into StudentCareer (careerId, studentId, graduationDate, signUpDate) values (100, 856, null, '2005-05-27');
insert into StudentCareer (careerId, studentId, graduationDate, signUpDate) values (77, 380, '2011-12-30', '2002-10-15');
insert into StudentCareer (careerId, studentId, graduationDate, signUpDate) values (65, 731, null, '2000-09-18');
insert into StudentCareer (careerId, studentId, graduationDate, signUpDate) values (83, 731, null, '1994-11-02');
insert into StudentCareer (careerId, studentId, graduationDate, signUpDate) values (85, 621, null, '2004-06-09');
insert into StudentCareer (careerId, studentId, graduationDate, signUpDate) values (80, 468, null, '2006-08-04');
insert into StudentCareer (careerId, studentId, graduationDate, signUpDate) values (81, 533, null, '1999-11-06');
insert into StudentCareer (careerId, studentId, graduationDate, signUpDate) values (87, 626, null, '2009-07-05');
insert into StudentCareer (careerId, studentId, graduationDate, signUpDate) values (51, 848, '2015-08-23', '2011-01-09');
insert into StudentCareer (careerId, studentId, graduationDate, signUpDate) values (63, 582, null, '2012-01-06');
insert into StudentCareer (careerId, studentId, graduationDate, signUpDate) values (83, 930, null, '2001-08-08');
insert into StudentCareer (careerId, studentId, graduationDate, signUpDate) values (66, 632, '2001-04-12', '2015-02-21');
insert into StudentCareer (careerId, studentId, graduationDate, signUpDate) values (60, 903, '2002-09-26', '2019-01-20');
insert into StudentCareer (careerId, studentId, graduationDate, signUpDate) values (76, 357, '2013-06-02', '2006-11-21');
insert into StudentCareer (careerId, studentId, graduationDate, signUpDate) values (92, 664, '2007-11-04', '2005-10-16');
insert into StudentCareer (careerId, studentId, graduationDate, signUpDate) values (88, 495, '2017-07-23', '2012-04-22');
insert into StudentCareer (careerId, studentId, graduationDate, signUpDate) values (86, 462, '2016-03-15', '1990-06-22');
insert into StudentCareer (careerId, studentId, graduationDate, signUpDate) values (74, 340, null, '2011-05-16');
insert into StudentCareer (careerId, studentId, graduationDate, signUpDate) values (98, 805, '2020-08-11', '2021-11-08');
insert into StudentCareer (careerId, studentId, graduationDate, signUpDate) values (68, 279, '2000-04-16', '2022-04-19');
insert into StudentCareer (careerId, studentId, graduationDate, signUpDate) values (87, 123, null, '2018-09-09');
insert into StudentCareer (careerId, studentId, graduationDate, signUpDate) values (57, 269, '2018-05-21', '2010-08-04');
insert into StudentCareer (careerId, studentId, graduationDate, signUpDate) values (60, 195, '2017-12-04', '2004-06-16');
insert into StudentCareer (careerId, studentId, graduationDate, signUpDate) values (86, 427, null, '1995-05-26');
insert into StudentCareer (careerId, studentId, graduationDate, signUpDate) values (94, 48, null, '2005-11-03');
insert into StudentCareer (careerId, studentId, graduationDate, signUpDate) values (72, 152, '2014-10-24', '2018-07-29');
insert into StudentCareer (careerId, studentId, graduationDate, signUpDate) values (75, 453, null, '2013-03-24');
insert into StudentCareer (careerId, studentId, graduationDate, signUpDate) values (57, 96, '2009-05-20', '1994-01-30');
insert into StudentCareer (careerId, studentId, graduationDate, signUpDate) values (69, 92, null, '2006-04-19');
insert into StudentCareer (careerId, studentId, graduationDate, signUpDate) values (60, 896, null, '2002-10-08');
insert into StudentCareer (careerId, studentId, graduationDate, signUpDate) values (93, 621, '2006-09-25', '1993-07-20');
insert into StudentCareer (careerId, studentId, graduationDate, signUpDate) values (81, 605, '2010-09-27', '2006-02-25');
insert into StudentCareer (careerId, studentId, graduationDate, signUpDate) values (78, 891, null, '2003-04-23');
insert into StudentCareer (careerId, studentId, graduationDate, signUpDate) values (83, 340, '2013-01-29', '2016-09-24');
insert into StudentCareer (careerId, studentId, graduationDate, signUpDate) values (99, 927, null, '2015-08-05');
insert into StudentCareer (careerId, studentId, graduationDate, signUpDate) values (94, 716, '2008-05-07', '2018-08-29');
insert into StudentCareer (careerId, studentId, graduationDate, signUpDate) values (65, 59, '2012-01-10', '2005-03-14');
insert into StudentCareer (careerId, studentId, graduationDate, signUpDate) values (78, 793, null, '1993-06-21');
insert into StudentCareer (careerId, studentId, graduationDate, signUpDate) values (81, 136, null, '2015-08-27');
insert into StudentCareer (careerId, studentId, graduationDate, signUpDate) values (56, 761, '2012-09-26', '2005-07-11');
insert into StudentCareer (careerId, studentId, graduationDate, signUpDate) values (56, 254, null, '2009-08-09');
insert into StudentCareer (careerId, studentId, graduationDate, signUpDate) values (74, 388, '2018-05-31', '2016-08-25');
insert into StudentCareer (careerId, studentId, graduationDate, signUpDate) values (58, 287, '2005-01-21', '2007-04-02');
insert into StudentCareer (careerId, studentId, graduationDate, signUpDate) values (56, 68, null, '1999-11-10');
insert into StudentCareer (careerId, studentId, graduationDate, signUpDate) values (91, 605, '2010-01-09', '2004-06-02');
insert into StudentCareer (careerId, studentId, graduationDate, signUpDate) values (68, 251, '1996-03-01', '2012-11-21');
insert into StudentCareer (careerId, studentId, graduationDate, signUpDate) values (97, 78, '1995-12-01', '2008-10-08');
insert into StudentCareer (careerId, studentId, graduationDate, signUpDate) values (83, 499, null, '2013-09-08');
insert into StudentCareer (careerId, studentId, graduationDate, signUpDate) values (85, 802, '1995-04-03', '2022-01-27');
insert into StudentCareer (careerId, studentId, graduationDate, signUpDate) values (89, 946, '2006-09-09', '2002-02-14');
insert into StudentCareer (careerId, studentId, graduationDate, signUpDate) values (95, 896, '2014-06-18', '2006-05-08');
insert into StudentCareer (careerId, studentId, graduationDate, signUpDate) values (65, 237, null, '2007-10-17');
insert into StudentCareer (careerId, studentId, graduationDate, signUpDate) values (97, 288, null, '2012-07-11');
insert into StudentCareer (careerId, studentId, graduationDate, signUpDate) values (92, 176, '2017-03-25', '2014-08-10');
insert into StudentCareer (careerId, studentId, graduationDate, signUpDate) values (78, 177, null, '2008-05-12');
insert into StudentCareer (careerId, studentId, graduationDate, signUpDate) values (74, 705, null, '1998-02-28');
insert into StudentCareer (careerId, studentId, graduationDate, signUpDate) values (69, 397, null, '1990-04-09');
insert into StudentCareer (careerId, studentId, graduationDate, signUpDate) values (68, 231, null, '2021-11-09');
insert into StudentCareer (careerId, studentId, graduationDate, signUpDate) values (95, 798, null, '1997-06-28');
insert into StudentCareer (careerId, studentId, graduationDate, signUpDate) values (88, 493, null, '1993-09-09');
insert into StudentCareer (careerId, studentId, graduationDate, signUpDate) values (61, 784, null, '2010-12-25');
insert into StudentCareer (careerId, studentId, graduationDate, signUpDate) values (91, 618, null, '1992-04-24');
insert into StudentCareer (careerId, studentId, graduationDate, signUpDate) values (94, 861, null, '2021-06-06');
insert into StudentCareer (careerId, studentId, graduationDate, signUpDate) values (87, 111, null, '2002-09-19');
insert into StudentCareer (careerId, studentId, graduationDate, signUpDate) values (78, 862, '2004-02-10', '2017-10-06');
insert into StudentCareer (careerId, studentId, graduationDate, signUpDate) values (80, 57, '2001-05-19', '2019-05-12');
insert into StudentCareer (careerId, studentId, graduationDate, signUpDate) values (67, 899, '2011-09-29', '2006-06-25');
insert into StudentCareer (careerId, studentId, graduationDate, signUpDate) values (56, 308, null, '1990-06-21');
insert into StudentCareer (careerId, studentId, graduationDate, signUpDate) values (63, 933, '2005-06-23', '2013-03-07');
insert into StudentCareer (careerId, studentId, graduationDate, signUpDate) values (79, 359, '2004-12-03', '2017-09-01');
insert into StudentCareer (careerId, studentId, graduationDate, signUpDate) values (82, 285, null, '2014-08-28');
insert into StudentCareer (careerId, studentId, graduationDate, signUpDate) values (63, 927, null, '2009-01-01');
insert into StudentCareer (careerId, studentId, graduationDate, signUpDate) values (87, 459, '2003-07-16', '2004-10-19');
insert into StudentCareer (careerId, studentId, graduationDate, signUpDate) values (95, 209, null, '2015-01-03');
insert into StudentCareer (careerId, studentId, graduationDate, signUpDate) values (98, 953, null, '1990-01-01');
insert into StudentCareer (careerId, studentId, graduationDate, signUpDate) values (51, 45, '2001-10-16', '1996-07-28');
insert into StudentCareer (careerId, studentId, graduationDate, signUpDate) values (57, 832, '2019-03-22', '1993-12-13');
insert into StudentCareer (careerId, studentId, graduationDate, signUpDate) values (79, 60, null, '1998-02-15');
insert into StudentCareer (careerId, studentId, graduationDate, signUpDate) values (83, 362, '2016-11-14', '2022-05-20');
insert into StudentCareer (careerId, studentId, graduationDate, signUpDate) values (92, 366, null, '2018-01-11');
insert into StudentCareer (careerId, studentId, graduationDate, signUpDate) values (63, 340, null, '2015-06-20');
insert into StudentCareer (careerId, studentId, graduationDate, signUpDate) values (86, 589, '2007-04-30', '2007-11-24');
insert into StudentCareer (careerId, studentId, graduationDate, signUpDate) values (78, 679, '2004-12-18', '2013-10-10');
insert into StudentCareer (careerId, studentId, graduationDate, signUpDate) values (58, 282, '2017-03-27', '2008-06-18');
insert into StudentCareer (careerId, studentId, graduationDate, signUpDate) values (72, 740, null, '2005-03-29');
insert into StudentCareer (careerId, studentId, graduationDate, signUpDate) values (92, 143, null, '1998-07-22');
insert into StudentCareer (careerId, studentId, graduationDate, signUpDate) values (82, 594, '2003-05-22', '2017-11-14');
insert into StudentCareer (careerId, studentId, graduationDate, signUpDate) values (56, 39, null, '2018-01-19');
insert into StudentCareer (careerId, studentId, graduationDate, signUpDate) values (58, 622, null, '2008-03-26');
insert into StudentCareer (careerId, studentId, graduationDate, signUpDate) values (56, 726, null, '2004-05-27');
insert into StudentCareer (careerId, studentId, graduationDate, signUpDate) values (76, 564, '1999-11-27', '2015-12-11');
insert into StudentCareer (careerId, studentId, graduationDate, signUpDate) values (86, 555, '2018-04-28', '2016-04-18');
insert into StudentCareer (careerId, studentId, graduationDate, signUpDate) values (76, 910, null, '2017-01-06');
insert into StudentCareer (careerId, studentId, graduationDate, signUpDate) values (52, 569, null, '2004-07-21');
insert into StudentCareer (careerId, studentId, graduationDate, signUpDate) values (92, 637, null, '1999-09-15');
insert into StudentCareer (careerId, studentId, graduationDate, signUpDate) values (93, 402, '2009-03-04', '1990-05-30');
insert into StudentCareer (careerId, studentId, graduationDate, signUpDate) values (68, 595, '2011-11-30', '1991-07-14');
insert into StudentCareer (careerId, studentId, graduationDate, signUpDate) values (89, 852, null, '2019-07-13');
insert into StudentCareer (careerId, studentId, graduationDate, signUpDate) values (71, 917, null, '2004-03-09');
insert into StudentCareer (careerId, studentId, graduationDate, signUpDate) values (75, 216, '1999-07-08', '2010-06-12');
insert into StudentCareer (careerId, studentId, graduationDate, signUpDate) values (92, 253, null, '2011-02-04');
insert into StudentCareer (careerId, studentId, graduationDate, signUpDate) values (51, 872, null, '2000-02-16');
insert into StudentCareer (careerId, studentId, graduationDate, signUpDate) values (93, 706, '2009-08-11', '2001-02-16');
insert into StudentCareer (careerId, studentId, graduationDate, signUpDate) values (98, 565, null, '2007-05-05');
insert into StudentCareer (careerId, studentId, graduationDate, signUpDate) values (66, 652, '2000-01-09', '2014-03-20');
insert into StudentCareer (careerId, studentId, graduationDate, signUpDate) values (70, 757, '2002-09-11', '2007-02-10');
insert into StudentCareer (careerId, studentId, graduationDate, signUpDate) values (73, 382, null, '2019-08-14');
insert into StudentCareer (careerId, studentId, graduationDate, signUpDate) values (68, 724, null, '2017-05-04');
insert into StudentCareer (careerId, studentId, graduationDate, signUpDate) values (61, 363, null, '1996-10-25');
insert into StudentCareer (careerId, studentId, graduationDate, signUpDate) values (90, 240, '2016-02-29', '2008-05-27');
insert into StudentCareer (careerId, studentId, graduationDate, signUpDate) values (84, 660, '2006-06-10', '1990-05-23');
insert into StudentCareer (careerId, studentId, graduationDate, signUpDate) values (79, 909, '2020-06-01', '1995-02-12');
insert into StudentCareer (careerId, studentId, graduationDate, signUpDate) values (61, 420, '2014-11-14', '1994-05-11');
insert into StudentCareer (careerId, studentId, graduationDate, signUpDate) values (84, 725, null, '2011-04-23');
insert into StudentCareer (careerId, studentId, graduationDate, signUpDate) values (99, 259, '2007-02-18', '2017-02-13');
insert into StudentCareer (careerId, studentId, graduationDate, signUpDate) values (80, 225, null, '1993-02-13');
insert into StudentCareer (careerId, studentId, graduationDate, signUpDate) values (78, 716, '2012-12-10', '1998-05-04');
insert into StudentCareer (careerId, studentId, graduationDate, signUpDate) values (75, 466, null, '1997-09-15');
insert into StudentCareer (careerId, studentId, graduationDate, signUpDate) values (61, 991, null, '2001-08-31');
insert into StudentCareer (careerId, studentId, graduationDate, signUpDate) values (97, 81, '2016-09-11', '2016-10-09');
insert into StudentCareer (careerId, studentId, graduationDate, signUpDate) values (77, 692, '2000-09-24', '1999-02-17');
insert into StudentCareer (careerId, studentId, graduationDate, signUpDate) values (99, 658, null, '1991-05-07');
insert into StudentCareer (careerId, studentId, graduationDate, signUpDate) values (83, 92, '2019-02-04', '2013-10-07');
insert into StudentCareer (careerId, studentId, graduationDate, signUpDate) values (89, 947, '2004-08-03', '2006-01-09');
insert into StudentCareer (careerId, studentId, graduationDate, signUpDate) values (56, 851, '1996-11-29', '1997-04-26');
insert into StudentCareer (careerId, studentId, graduationDate, signUpDate) values (91, 448, '2008-02-15', '2017-11-01');
insert into StudentCareer (careerId, studentId, graduationDate, signUpDate) values (74, 230, '2000-06-19', '2018-06-11');
insert into StudentCareer (careerId, studentId, graduationDate, signUpDate) values (90, 182, '2019-11-03', '2011-06-08');
insert into StudentCareer (careerId, studentId, graduationDate, signUpDate) values (52, 809, null, '2022-06-01');
insert into StudentCareer (careerId, studentId, graduationDate, signUpDate) values (100, 411, null, '1990-03-08');
insert into StudentCareer (careerId, studentId, graduationDate, signUpDate) values (97, 862, '2013-09-11', '2022-08-11');
insert into StudentCareer (careerId, studentId, graduationDate, signUpDate) values (51, 91, null, '2013-05-31');
insert into StudentCareer (careerId, studentId, graduationDate, signUpDate) values (91, 247, null, '2004-03-10');
insert into StudentCareer (careerId, studentId, graduationDate, signUpDate) values (76, 673, null, '2009-07-01');
insert into StudentCareer (careerId, studentId, graduationDate, signUpDate) values (71, 879, '2018-02-28', '2015-09-01');
insert into StudentCareer (careerId, studentId, graduationDate, signUpDate) values (79, 959, '2005-08-13', '2001-11-12');
insert into StudentCareer (careerId, studentId, graduationDate, signUpDate) values (60, 541, null, '2010-10-18');
insert into StudentCareer (careerId, studentId, graduationDate, signUpDate) values (59, 82, '2013-05-12', '1997-12-28');
insert into StudentCareer (careerId, studentId, graduationDate, signUpDate) values (63, 617, '2016-09-07', '1992-07-24');
insert into StudentCareer (careerId, studentId, graduationDate, signUpDate) values (98, 793, '2012-03-09', '2020-01-13');
insert into StudentCareer (careerId, studentId, graduationDate, signUpDate) values (81, 786, '2005-03-06', '2015-02-02');
